0,1,2,3,4,5,6,7,8,9,10,11,12,13,14,15,16,17,18,19,20,21,22,23,24,25,26,27,28,29,30,31,32,33,34,35,36,37,38,39,40,41,42,43,44,45,46,47,48,49,50,51,52,53,54,55,56,57,58,59,60,61,62,63,64,65,66,67,68,69,70,71,72,73,74,75,76,77,78,79,80,81,82,83,84,85,86,87,88,89,90,91,92,93,94,95,96,97,98,99
1.3917304939523625,1.3624156213586005,1.3403809905875228,0.8776943114932045,1.1640352481305385,0.7881519195897688,0.9167186694735214,0.9083084110013182,0.86907641451592,0.6677637343678278,0.8646990388777667,0.44408916975171664,0.40171998045677526,0.46794641479132437,0.0,0.33578014459138217,0.7229649260144662,0.33927744956076467,0.3252665918959323,0.45115229955571934,0.4481817753619666,0.2607093430372167,0.3264925113064727,0.7606838439779686,0.35923560469023386,0.4835080818484414,0.3740594134764663,0.33704051115109124,0.16664361830656205,0.9316737626040492,0.46245434496499627,0.027963812778040165,0.570732114682265,0.5017912367639141,0.6012054174124621,0.76106166488767,1.0435889632407616,0.49615051254900067,0.5839393173689658,0.8963014210780997,0.8225685632750626,0.7782564431100774,0.5782995468258356,1.030100069620854,1.2486780433737827,0.8742447695294615,1.407131349674053,1.6705746610212238,1.0730122179332326,1.145694578192316,1.1899180456567606,1.5292115589427517,1.3329263063885648,1.1464260449069599,1.6950298283979102,1.2008246018172457,1.874681663536073,1.7391175586704648,1.7052769950043682,1.7527909865902167,1.7723153337571205,2.122998014404388,1.9356584185501937,1.8650465844187991,2.057615252435724,2.435115957212137,2.2593502237998244,2.0297855735058405,2.612821944276373,2.631417517564138,2.4264509218110426,2.5468596946188846,2.640388054094238,2.540549720616042,2.320075258260818,2.4884139308497986,2.351785551521978,2.6458453362658823,2.745752258421941,2.8347755006991946,2.706407206183883,3.101992708989581,3.2641356464985627,2.65915246388629,3.1863841052520065,3.0374093420609114,3.0666751168468416,3.209193958612584,2.9957190793020665,2.9727954152452654,2.959534615965243,3.1490938934755874,3.1238043765855323,3.2332070044891026,3.4640061478044473,3.4792437565479872,3.468902659759774,3.4468658724185275,3.474570964126414,3.5678416122508843
1.9395700319906233,1.9633491510948549,1.9664313989680338,1.686133852259875,1.33927897979828,1.2891686940314901,1.2590310311870248,1.3603784376281194,1.1877998836778652,0.9578800873011026,0.8911047820238309,0.6795057197721857,0.6900550200710587,0.82046142982683,0.8654137447457977,0.900654979706589,0.6929712072763117,0.5632556880387174,0.7646144116767832,0.54936869347822,0.6986120024305169,0.1634571853488609,0.8375391552384546,0.2650757675993045,0.22510102026609502,0.7705898146007542,0.4753079340084021,0.6239472144256357,0.4609825495058715,0.4586189088508217,0.3749352897591578,0.2865355193436141,0.627556565687259,0.3956445081522606,0.0,0.3397790640395275,0.5660514323903598,1.0690991559948593,0.6180714648360315,0.45861286748433194,0.9006419531612035,0.5181257223152826,0.4870981125970584,0.6169055485426043,0.5253917887489745,0.5883174127647326,1.13108425116366,0.6580713022018472,0.7192615698828568,1.0435062914288746,0.6442992573017321,1.29194589531836,0.9202610234047341,0.9723957291655054,1.1762059654208148,0.9566312605100507,1.4058325139939374,1.3130888024178464,1.7734678557496668,1.2198807806332024,1.7919132149258026,1.4802459478170267,1.743263185380215,0.9982500692377485,1.5658383755480756,1.5521684472134236,2.0179532657394184,1.6918726297704847,1.7343020103795368,1.8918659226586279,1.943165412777363,1.9261975913988163,2.339155216394863,2.1995603277465765,1.974918079462645,2.079063337169961,2.2350358695192547,2.101330353956243,2.0782085754287554,2.118043259544759,2.358090023802637,2.004207375770342,2.6154218708126855,2.3749804411183497,2.489353419814389,2.586129730015884,2.7462262790913012,2.3908088755802126,2.538883745993731,2.9090047739073306,3.0551592377543244,2.6371657227452516,2.6364214997131032,2.4871557023931743,2.9592968323227353,3.2756053765228046,3.2263604685285046,2.9014959801978204,3.109801875999903,3.1224828663069424
2.327208548885535,2.0856369215338457,2.0875999303403763,1.9348092758388677,1.6312493007634448,1.5016408251028945,1.3333003346019812,1.6746604935033957,1.3950451430011785,1.3750491155184807,1.1442042883132206,0.6343836792830011,0.9231644882832644,0.9926060341549636,0.4992374901859318,1.0290110602618814,0.9136346945316429,0.6294128066829376,0.7089941892112819,0.5130347686831538,0.055371121726999206,0.5940274597132404,0.5939772915480965,0.6611822690974076,0.5629794924448941,0.3409520294133195,0.0,0.6103626025913673,0.418864569319501,0.2779367060535307,0.35820025794883037,0.39549426717007563,0.20738080299919837,0.31499838596279695,0.46048557070775864,0.5028745881595782,0.5991187371462026,0.2962740629841143,1.0139480140524402,0.41491458836196493,0.5961115643636408,0.6312552151389283,0.5005330014400418,0.4592704635234881,0.733831675128128,0.40375921667919634,0.7775549512898863,0.5723479587797851,0.9261151109282917,0.7193021967105437,1.1090409707201996,0.7830731890328639,0.8640308929068947,1.0834797576731905,1.0414633157158892,0.5205135460190728,1.251541750416326,1.1372385472487547,1.1532988945370128,1.0213943596121613,1.4137965383085724,1.8431042618026403,1.3881072189730617,1.14822886453406,1.4471818849602087,1.0577296225213537,1.50523674700006,1.5243977567617968,1.6920902497877517,1.7298772167328647,1.7580461118155402,1.9160008045323629,1.9355870957622905,1.7792687005602499,2.082452107249207,2.364816248205665,1.877835998173639,2.5405332481394307,2.435567701583576,2.0667466773074974,2.479218051754019,2.3501178362139434,2.350395037744173,2.537764551299885,2.3623061967404215,2.5865149692069718,2.5066328692894935,2.486391911602677,2.474323844906193,2.869604375614072,2.847292634427225,2.7685373193421565,2.844126561341609,2.837473081743253,2.834629582333166,2.5259050617493166,2.588499028280877,2.8772744332995916,2.8212884863398227,2.983586619895908
4.740166577176202,4.186014849648101,3.6985880957586144,3.365269064259122,3.259531839090629,2.940184215713556,2.0879707768850704,2.263407488009344,2.290658505216326,1.7057602403255938,1.917681857341611,1.9743443565730434,1.385226023554969,1.1004999542190657,1.5002769429525564,1.0072878073548033,1.0400977352074037,1.11929207269948,0.8568700040171038,0.5658186716560216,0.9011738154812257,0.8221950459510001,0.6548794247360537,0.7626901888162152,0.7071235206835578,0.4494777668754768,0.7043964616905338,0.6564440167914807,0.25712525765422,0.568318418932261,0.3116861032662097,0.31720702605646167,0.26366245033280933,0.45546755778257797,0.1940285604130665,0.0,0.29666751591663143,0.5931716952300725,0.431713020426681,0.7651913362198819,0.30026635033040705,0.09554069285782774,0.42331493247561447,0.2263082948987556,0.31700151258118403,0.22967966382214478,0.4269122876908593,0.3109772702171174,0.7566856476956385,0.7237047883087904,0.8752286467191617,0.7722724879319323,0.5608581610078929,0.6101596572636403,0.6606698161754636,1.011476128161549,1.0238122200436148,0.727916767020119,1.1693744229089855,0.6132103323773492,0.8072934804704612,1.2576502209273777,0.8893261787741356,0.7663727975946202,1.2510861634805135,0.9900287003130348,0.9034779526042396,1.208111136128652,1.3449242195337696,1.4214859623690383,1.5678461564466257,1.7991834052214362,1.534358176335786,1.6846938549995443,1.6191597195654506,1.942072118953197,1.5688970293037539,1.7981869741498766,2.130041092099299,1.7676747518899116,1.8221133491275854,1.969064067974477,2.1934627728733904,2.13917993907433,2.4267243972666623,2.26250122723423,2.2932025527414996,2.1103203859007476,2.4598367912401518,2.2326794891961566,2.404613695456904,2.1926887421055614,2.3409191042562245,2.474705490338538,2.266513572436258,2.494057930932909,2.4093729236744696,2.6214799814341827,2.3220578522340833,2.4866822207532113
2.3252451339143043,1.9364966692386965,1.8817698689279378,1.3700217520100573,1.4371048695308986,1.0976664552769257,1.5125570682873146,1.2595378376782893,1.0649100263531768,0.8620907419660124,0.9583663973746592,0.8438666620970796,1.1652546190026598,0.8142392472584241,0.6000221796716083,1.0239499214541503,0.34154861293765926,0.1572047292365344,0.490729463401232,0.5082330164438442,0.5762048356791585,0.7259952366534463,0.3627370526934701,0.4889372237345402,0.45500695070942854,0.35287831251288715,0.18726244016318994,0.6921498448910999,0.20352773619759468,0.04715945172246094,0.09187330518303582,0.593699039200029,0.12461466390204556,0.03863150810003013,0.6458422141659135,0.0,0.4996491226370896,0.27349739192674605,0.40045958881142063,0.2568028857191962,0.5904041585843043,0.33771017472140663,0.3723383837426564,0.2903839385786515,0.21876981989093025,0.26079657730105765,0.43938826393249997,0.34443071100819367,0.45856138297098425,0.49614965160263935,0.7592072209306178,0.9381342823505623,0.7157231655731984,0.570142071277763,0.6243690002787865,0.4417535402749433,0.7246247920538096,0.3494743398694222,0.7009050252469606,0.6419356163632735,0.7888325552888613,0.9744744267549645,1.0614202290522474,1.096194007785824,0.7094849000775465,0.5870126629188306,0.865457932512216,1.2896329427996314,1.032479523301495,1.399266912814669,0.5893883727551703,1.3030372307364129,1.520741991185682,1.7428276627395345,1.0649921575559862,1.476182944019902,1.0307345141252018,1.703421617067363,1.6013435636702873,1.9914175833824448,1.706438469014401,1.3694181601230078,1.6414116858519883,1.8150171338245151,1.547827693197874,1.7159658472565997,2.086917080664156,2.1968604813481587,1.838077342394632,2.0325384921235425,2.1753963467005217,1.5487273327147157,2.68084731352773,2.035098104650192,2.076053600551573,2.053195702346448,2.2654835428554527,2.2434509107683027,2.5263504479865357,2.2672634945675405
2.890361302542706,2.4721013480337977,2.498956215595433,2.0229080311466756,1.6508241180704974,1.5445090815206424,1.5393665964096037,1.5841485922385576,1.683667316383394,1.0741999512211073,0.97047003797549,0.6885754931736479,0.7749311458979609,0.7518540870944062,1.0259692841795687,0.641920710156354,0.5528188679807862,0.4095747666367,0.43698740757261945,0.4616624882791456,0.2880627432333025,0.3528796477888303,0.21993883678532633,0.3338734389586673,0.40931356910413363,0.3342951123446891,0.23700472614627088,0.3725151575808727,0.3393951034286804,0.22546813987993275,0.0,0.2419358178436397,0.2553996080199852,0.16941255316023174,0.39772969959063253,0.021601107959385857,0.3197266126533904,0.41281076244355575,0.12854629162664644,0.2916483771628915,0.599663503696247,0.3316672897366093,0.38396664916419887,0.21858341133863668,0.4724931820784697,0.836655718536301,0.6942708033589877,0.8408866348133905,0.8522213662080951,0.64062762470979,0.7411457356768807,0.7861669464427425,1.0545428276903088,0.9683684787724864,1.2191742761979434,1.2418145542912349,1.2855256272651463,0.95158795701456,1.015033812968527,1.2702670785367474,1.496137905993148,1.4189382441618985,1.2735940474514909,1.3536501708975397,1.3807026283294856,1.5352866119373942,2.033866436802187,2.2459975747880154,1.5565528232905699,1.8533637317020304,2.0204939958574624,2.458273959641561,2.4017463565724615,1.8730682978071993,2.0360045899887336,2.2501054776432294,2.1790711668497007,2.50934850826272,2.2762908576879024,2.6137499050767037,2.732271563558184,2.3550142967820147,2.682588088898198,2.413869989490406,2.2714734725197,2.4991551507003766,2.8173979362976116,2.8343038681509842,2.668522755398511,3.1241205006375825,3.371786559781688,2.9722092908361315,3.1088118090212706,2.659398829731556,3.249429850966992,2.76301698644812,2.651781521550829,2.7213795044505975,2.8662406677611667,3.2468925049705906
4.6982697398453706,3.8867392978160478,3.7925423739264996,3.4578516163524657,3.099065710393619,3.032213372035171,2.4597746791962702,2.4490447933089765,1.802524802912263,1.9049967438086348,1.9317445199473067,1.4390871434496741,1.7260911440773654,1.3471051400902798,0.8936046933528665,1.0540845661528806,1.0829192789809117,0.9243168048588686,0.7059823192973784,0.9130570954939969,0.8434749926516982,1.1383142480799968,0.8258687227313253,0.8386219481174386,0.7600288214479569,0.9256844714462638,0.29581078421942664,0.31284521321062897,0.33944330435719294,0.7091713739650913,0.6366909085043595,0.28987022032099397,0.1922974635849286,0.3816318775611798,0.28086078112121804,0.39231880033197264,0.47045146453568343,0.0,0.40075681947566366,0.694330505488324,0.564102102091347,0.4404798189673631,0.7035690624859186,0.6001417974382477,0.3328010321137054,0.646587470836673,0.46726476722861143,0.8507495830894545,0.46067428460036197,0.8956245060934904,0.6222925941595356,0.7491144689826985,0.8171182028155055,0.8426086143371982,0.6713486554892754,1.0133640137361404,1.1641950109798724,1.1571389008352355,1.3563422930049143,1.006615128881382,1.2250574073134821,0.9162383561740768,0.9546689717256651,1.1062652920057463,1.6983042090453093,1.4617988457988904,1.312278005710601,1.4513449992723917,1.3355632538120403,1.4036315795781373,1.6073672715947005,1.6816606475142866,1.842559096154277,1.9706027941552389,1.8500219129816724,1.762126687141416,1.7109524029304737,2.3223424839942677,2.105409309705921,2.165748121225361,2.0203044994718784,2.3689411229514032,2.0245469898733663,1.9540628385687189,2.3696114271995494,2.1798283132086897,2.1234966880229624,2.4565984976279633,2.1384161611706975,3.171807793455576,2.590786103738031,2.784163266987827,2.4141703705694173,2.1881729970094472,2.5681279108058828,2.472576250536827,2.835217218010042,2.764747171149031,2.736449335752889,2.6893618979978466
3.4797440951365264,3.070061411968796,2.900648427858558,2.351989897806357,2.521145460546043,2.0266474556519647,1.6026200371150559,1.8800086716625461,1.725030645433975,1.6108748172890763,1.3302191937059877,1.3975097553372606,1.1743112444872015,0.6265048629465522,0.9182623209229668,0.6372210706370343,0.9677451991086947,0.7897073649272155,0.6440162871811079,0.482649305654796,0.4720736323412371,0.49550876795567866,0.49734094612673196,0.5496036410503535,0.16803054172008203,0.7049365228950624,0.7765432500386744,0.15352257994229213,0.5662175824759785,0.6501872374676392,0.5192383216331375,0.47744797343889367,0.052658251215156326,0.3938469586694424,0.0,0.3116717913589291,0.045054367365644055,0.010737092309666352,0.5591421221533341,0.5301645805272237,0.5496615084863432,0.38206573763091,0.4075873407228716,0.4463151229727327,0.5659843558596105,0.3876140887483359,0.6707314027096949,0.27864523904965743,0.41124795170629547,0.4148286684574636,0.7994009509935918,0.5958754059670017,0.6388817903359119,0.9560540420234069,0.5962404380926518,0.6954767320917767,0.6091334938311501,0.979616276355145,1.0209747918568084,1.309211537353228,1.1340265462982515,1.0928748219363076,1.0998154505961004,1.128020427752313,1.2687496094604889,1.0314011524622604,1.1829809343027406,0.9697022350888158,1.5192075043700601,1.3352198282119279,1.0056108548887863,1.2171132990817348,1.5258528482762106,1.7521737073952206,1.6578082998756507,1.5020143029605286,1.917941608364858,2.079784087329619,2.0734483921334412,1.9856164792200044,1.923127689555601,2.136301801052552,1.969959722323722,2.2294385319307573,2.052274102305585,2.094462279913973,2.2581701487171024,2.2820101313339585,2.132766321192033,2.151181759341716,2.2581882934424033,2.6206086435539007,2.3531431972389303,2.552403433236565,2.162435827451274,2.14356378579196,2.520682591253225,2.44245194721195,2.848747225346413,2.5835502292057235
5.200321913973575,4.194822533695284,3.881138234594335,3.453755551975064,2.928560108732068,2.824910426632659,2.318587244933447,2.2813936669742283,2.0170714181677845,1.7548228416767024,1.6660161757364556,1.3348253736860851,2.0384419865321064,1.5847365001147509,1.2032622763819827,0.8990794110958067,1.3592330309245337,0.9966122931873187,0.536012299458978,1.0332810446580876,0.5640105836141132,0.5491876589465221,0.7590055928290091,0.6673648164223138,0.6865917588941794,0.6358666619826945,0.4291747875548211,0.15604494952819437,0.2735329750965505,0.35205181578007405,0.8197953672178713,0.336041613672835,0.01317206465033749,0.21569424902515344,0.5172448970690002,0.0,0.35204733417627665,0.6946815499425671,0.2272365598601933,0.7596229404633075,0.5516134669403705,0.05941914528961334,0.3307696305906642,0.4446591452000046,0.5128825901941187,0.6175908885679835,0.8739615751915721,0.77326519772536,0.4898361418787882,0.414294077559914,0.6507363626272937,1.0772806725899287,0.7352330367044146,1.024838326932814,0.9435480827099383,0.7308235669233252,0.9372423147740943,1.003496139572313,0.9825559014522582,0.9947470411139463,1.0077554023624362,1.42944363809786,1.1910676584844992,1.3086816373703574,1.5532683680347734,1.129157291721306,1.6989402194093692,1.421026762682228,1.68401942239581,1.4767927573327775,1.5302562651165648,2.065593446653292,1.894537356440953,1.9907391900518938,1.965367415493052,2.0599314359999497,2.2305277852981007,1.8575845152757111,2.2341962151498045,2.473060465116994,2.5266897821537206,2.3466084612794624,2.074373886698787,2.045415533535678,2.4505880077188174,2.4453503644480072,2.4209429840320205,2.5593482995784314,2.551271129657998,2.6960557366448192,2.4941133395816557,2.752836969222006,3.0338885649481817,2.8398268075674267,3.0286029790729216,3.0503207108843924,2.5767182448616666,3.42263316177819,2.964673401411247,3.1492522590405336
2.22868461002715,2.297833170724447,1.8129262289258055,1.8548850341425425,1.9099260381265584,1.6059854414305903,1.7935564224028262,1.039265656940799,1.4171037563650088,1.3760540708585758,1.1010013030815617,0.7029405034405265,0.9264482804515257,1.0904721841766811,0.6030785050299183,0.4737565946485329,0.5891323513796625,0.8750174879621415,0.5975769905826223,0.43945482933254,0.8253899613686517,0.3116229460471409,0.25954064172775837,0.17686940204534984,0.7508342451096688,0.4565649988848808,0.23926629046836823,0.4670304556415683,0.44449430312026905,0.34104853693119885,0.536378717116353,0.0,0.10248806885915762,0.32690002674057617,0.7701062788763817,0.24045964285188326,0.39462042585708446,0.7203187305393239,0.8943779381300256,0.47218314384414484,0.6817135267418877,0.29773904290848563,0.5875345405439525,0.4776831849910703,0.5506014888123723,0.7882439830615962,0.8002063447104,0.7215644278787163,0.607934643123837,0.6596028679848853,1.2656868025644208,1.0326650258813643,1.0776149348293558,1.0614754578191938,0.8945406810550569,1.317584763695633,1.0042800529080012,1.2346989769310124,1.1639373896308847,1.4062619940113805,1.1314909489059275,1.4742495138604834,1.3512671146598336,1.5741583435209954,1.9669671834079576,1.8092721204363098,2.0605937763114692,1.646620597802011,1.6067590071423687,1.7353842036313907,2.0006293556449126,1.9565558209200855,2.097096796299807,2.077405801088636,2.0584532153420216,2.4582852053555744,2.1375199245993475,2.05468112357366,2.5573379860192222,2.5689595354571804,2.35659194254133,2.671577134290514,2.696126817885945,2.558974607278911,2.8020606068920113,2.8706161143693105,3.1502911750670908,2.797630003198874,2.6950018866146497,2.692871132960713,2.7948506129625823,3.2603992479075483,2.9481053223851656,2.8929287669420614,3.0755853674860543,2.7516074100799184,2.685632414341848,3.1086892150560796,3.7018186959414674,3.495067918034417
3.0556537687204557,2.560293927364425,2.5302937827156224,2.009902219520491,1.9290279892934148,2.2544942862534345,1.5464822810256376,1.5051856771226468,1.0694726151532556,1.4773152231127717,1.218075069097459,1.1202965365334556,0.8413578377517723,1.2284582719689343,0.6134401883828229,0.6960758043728674,0.7954643246679449,0.8994956836094161,0.7793341839676948,0.46862958605355765,0.8114387190925161,0.6505990265806538,0.2383072826134942,0.5107048910147363,0.6958296777556274,0.25142033119677265,0.28096005303710747,0.0,0.7110171517276385,0.44161969942885904,0.3667382920282751,0.35243058948841544,0.3568907938661692,0.4257822069882682,0.40498073148907565,0.3814988595128366,0.33852250561001007,0.26337952492577976,0.16933243783040552,0.11612398313051564,0.3894248623719676,0.5476940714114047,0.43865051228871543,0.8004794595571862,0.06269389050041951,0.6930264643732347,0.40251767915378167,0.4801001102031499,0.3694586538685716,0.3889434361481001,0.4546003976973534,0.789179070906906,0.9621917124561197,0.6650522537282519,0.5325259163277245,0.5246383372269499,0.7881609680212751,1.1911359067182925,0.9778770145147249,0.9837612420082795,0.5230716238653805,0.6523274262558019,0.9830294588018518,0.7305720803475779,1.008759323669901,1.3636888718646798,1.3654285142882525,0.9202112470096235,0.8990988390214696,1.2860849260724656,1.4685026916754875,1.1376600695130925,1.7324243980869127,1.6334705128073157,1.3783754212017474,1.6588223878392974,1.5128249574693324,1.4870254142536758,1.6828388541999892,2.1602624768911234,1.8636006179684532,1.602389684073831,1.7552501241943759,1.880448150441275,1.7049163930092526,2.4961405135528434,2.35802387168866,1.9356087278937206,2.181308608775712,2.227769851207574,2.050168540784732,2.339683595048582,2.2310131835676987,2.3581543021286127,2.1432107200913144,2.399915165678463,2.6817626928848934,2.519902041316774,2.144982289214285,2.8404232049388423
2.3697490860372827,1.6159180231835144,1.7810768784938205,1.7513173201481465,1.2908948140759957,1.4541712154914617,1.5174504296094842,1.0066548472043344,1.0305192516815502,1.0145884769965416,0.7795345526456483,0.9250759314871804,0.72651413982965,0.8256030358043098,0.966447801793791,0.7005579866443252,0.40708305653863164,0.284496210170067,0.44718860079756695,0.366160852510669,0.2860975224035478,0.6154823304238963,0.3554108900085122,0.5875993830650756,0.060849801899308886,0.23827405503962673,0.24681803049291773,0.5112437474387299,0.0,0.30297780974650124,0.5101255724666025,0.17460273791923875,0.5286871814289373,0.3774525574116403,0.5053782647711369,0.4180984142965176,0.1963890541570006,0.3749815721281884,0.43421548074665495,0.2823032033142798,0.37939162665320225,0.572075744962854,0.5650912136792048,0.3809225347318357,0.6481377209859911,0.7177037748839528,1.0144581014939362,0.83074884604987,0.4159738988548849,0.427185656353668,0.7226336102281312,0.7666220231958984,0.9011569079511368,0.938855573308782,0.7018807648876084,0.9663632370337876,1.1724426226742946,0.9979019449914937,0.9275831328581248,1.333072060840605,1.2667125243218198,0.9337010081992556,1.2259145100101456,0.9575810811718508,1.3579957161433924,1.721016811298906,1.3678134420651382,1.6294893916030482,1.3539276291333344,1.9192708062155557,1.33305054804692,1.8826217952528417,2.0962002625581757,1.4864899835608618,1.8456041153412528,1.8240438420789093,1.870408211876244,1.7867884684490036,2.158404699612534,2.23190827676855,2.112221565581386,2.1219457849410492,2.476668666210024,2.1322426969781496,2.356636288425408,2.367033850120391,2.3234275060015985,2.2568462716977233,2.119538370270698,2.5875456380795363,2.5484398412022244,2.684222744616779,2.6289653954562517,2.6369655842640682,2.6082943639248377,2.6484996677707393,3.118394508390139,2.6412614576961815,2.794019599830847,2.9697328393708133
1.051280597493676,1.3324052600341219,0.9659935810420421,1.0306440262705294,0.390586621390705,1.098248345497069,0.7300994894626811,0.6439942882120864,0.45197283514637476,0.8373177288731846,0.41409313592918195,0.34684799729900107,0.08188313413419834,0.4289596328061869,0.3601918502182393,0.7165908071700535,0.24075030637929729,0.1397878966726651,0.2945658442066037,0.028222840956212636,0.2372688343496261,0.5649393196555579,0.5142248821836972,0.42903852462491265,0.0,0.47958555942722825,0.27026590886568513,0.34004429573168515,0.2642344147084259,0.3722493748604041,0.013877274585160748,0.395817164126651,0.43360298670690334,0.36145746504868015,0.43428565902626737,0.5638862123726156,0.11588001203431553,0.5106786433057611,0.7644983765636226,0.29860702239974657,0.5334612190230388,0.372528863410146,1.0024997714147368,0.986994704114629,0.6107421554007804,0.8839120370437996,0.39948377970309323,0.6839018074011758,0.8411960798266662,0.8540175202870088,0.8102634415737633,0.9009965174638239,1.0255405477103388,1.0280336736377116,1.1342887257217704,1.0052995406763863,1.2176361688574566,1.286833650125491,1.1641622113080352,1.5022491041115238,1.6559564027155353,1.4427593650032797,1.3610560917852155,2.317178824286387,2.028420698611452,1.7679917986867189,1.7350670116709388,1.6563230042630153,1.8202633187631037,1.6555814632747108,1.866700652119441,2.180300671219726,1.998144413124784,1.8305734580101927,1.9338994348994163,2.14637874080875,2.0420496428789683,2.0866593370002207,1.8538919617178173,2.5493763955429785,2.1567716795775205,2.3905314676016935,2.3383847142134506,2.5448197325110584,2.473987455581348,2.4735716474746035,2.373806019210047,2.393172396801962,2.7215307638876354,3.1747366426450974,2.838317954475933,2.715334368787932,2.953171170569103,2.6176721741516964,2.6107202451466485,3.0227423173319465,3.050780985900623,3.0211671811899095,2.8643482244359575,3.097853676925979
5.716553089496713,5.574990044803759,4.50079945367289,4.151019017860531,3.7068597389124847,3.1071239328822564,3.4501020664371396,2.6917795559727615,2.3449595082933143,2.4113106777790456,2.270019886175618,2.174631728048155,2.124805852553358,1.8537989598224236,1.643855631823616,1.8041115814474793,1.5127416651565362,1.3381740529251491,1.386038826667919,1.0951488126674782,1.0102565296636001,0.7810850020413866,0.5417305552849978,0.7836737830626372,0.5070238882351799,0.3857298069719466,0.7686634949236701,0.5407495981677961,0.8476037215679906,0.313826404073426,0.7376324000023651,0.19707781153333848,0.4888165808131202,0.3845793744451509,0.4849081638847874,0.511670213892538,0.3724183857365233,0.6344295072213662,0.6965708862348894,0.8170110562707809,0.0,0.7457398890900802,0.8436683524524486,0.7182596197968323,0.9490986175626865,0.4202074725602838,0.5764646600979955,0.7482396361497905,0.6426216659880186,0.8167376396830299,0.6866275057736679,0.7891787864425055,0.8685208681475487,1.1874604275874443,1.0072544769129017,1.128129761154561,1.1316569694442098,0.7917144034241819,1.3051746238999193,0.8758543253800539,1.3568775091365453,1.1273143747891936,1.1869194308933917,1.5016572633291059,1.3375999249707142,1.3830341565113127,1.4074395123872403,2.0023886923188705,1.1785926605781913,1.8146735912549694,1.7825950847147602,1.5151358698087591,2.076247679663666,1.6441434396113337,1.6718649043336882,2.0704467126904866,1.6823823498182158,2.097424185892315,2.3027812633996767,1.8682214246811313,2.202906554533861,2.3862072368441147,2.389837528470977,2.4257043194547343,2.239811456011008,2.2946465031394503,2.6967481033152687,2.2114973671106846,2.495970565084477,2.4689172489746305,2.8587241200072455,2.819825417572261,2.8188771705383786,3.080224216542355,2.8330651822029758,2.8568358394126285,2.682448293138254,2.767787757447355,3.2238379323938773,3.057931862056094
4.076715015513219,3.4908713376345943,3.256650723104528,2.685121627496791,2.6911689361312376,2.520957030460689,2.0446326868430447,1.786678015546844,2.162820781462166,1.2401133643473976,1.518987337195103,1.3488434710226258,0.913352188193862,1.363170922616952,1.3639255438551636,0.7118715726469524,0.853742042332307,0.694815271474436,0.9335868183448994,0.8679005448938426,1.0683289553472228,0.3437657668181018,0.3308343920135641,0.32424861352489565,0.47123649663132383,0.2853790254535671,0.4463743226837451,0.5524547619480522,0.7421346478604036,0.548284066262049,0.513252072665189,0.5029075996534544,0.3679915103954343,0.2627504880268674,0.40632666809056417,0.3508779289373898,0.4101787977431606,0.32212758996541524,0.004823748035567732,0.3704703696941394,0.23824161504406582,0.2020976678451447,0.5372164450132892,0.41884536941457284,0.0,0.8513348613968361,0.2965139287574683,0.29387929160109927,0.19262661161395833,0.38859905613504964,1.0501673230743052,0.4797296545810674,0.47736736627400234,0.9143140581659566,0.8134596304843598,0.8194382331551928,0.7495569148040246,0.9619538515083192,1.0098394321656876,0.7287356260594464,1.2713602758316398,1.1168947266719655,1.287215565295071,1.1264484366417165,1.064837039106255,1.2673108688540928,1.362122395666301,1.198462424226765,1.0898021062764442,0.9660568821149838,1.291719763967098,1.5812619002219535,1.424699280471021,1.6592237245268358,1.904654671117111,1.8651464411351135,1.6128261631318637,1.7511002061728682,2.00038781371801,1.7510065018769012,1.6366490062977128,2.155135450754649,2.107731651108814,2.050452419388108,2.186947399101477,2.6484302073104473,2.496648712355139,1.866069433650722,2.225471632245025,2.3691874582064685,2.299513323021255,2.2012127084787956,2.4790205394938845,2.8552613040284847,2.689679834065114,2.794423940698678,2.5364142161974037,2.9690187424389265,2.567247970984731,2.823932912801876
2.897875677009317,2.245567312138327,2.0842015673095737,1.9394656458896122,1.9718024855040088,1.4197869032171244,1.552209249925335,1.4252544124690747,1.3749769757192727,1.6899729550716138,0.9621807971854999,1.0482202133455782,1.5386304266216335,1.2755787510113894,1.137656346301359,0.5259041831626661,0.6576420269366086,0.9470293289524001,0.643541562625435,0.5554881548134531,0.16536745870026692,0.42900471814466457,0.7987091623316847,0.1953727423251923,0.32673459776214564,0.77126100113313,0.44712853844764133,0.5918764592665919,0.0,0.4988689112246263,0.4236560964806184,0.6203071772889164,0.4547817249352857,0.6039988052881657,0.43260669540573815,0.17868839161295114,0.3044904813088056,0.5048305472721424,0.5006006907312059,0.31988278650404744,0.7149422707441317,0.4379058501008206,0.41898861201068804,0.8672026953366245,0.2445749231183676,0.420888192588599,0.7344031084756129,0.6639170349344106,0.6564954640231857,0.42478799450939064,0.825896855237179,0.5596793164780767,0.566470482562405,0.826574821888034,0.760586827435052,0.6769411543510468,1.0103580840124717,0.8293245729564216,1.05815831019056,0.8038670714479821,1.172616411750397,1.0371891014127677,0.5279345880500816,1.1530764138989298,1.1205443129562127,0.5087222015362549,1.6499687737696487,1.0556471065761421,1.3684998202872105,1.503908818266435,1.6643678203404662,1.4944426219854048,1.7389988592537513,1.5733113483472767,1.7396254435895742,1.8142746690259504,1.5831432851656686,1.7736105451087685,1.8429201365294592,2.0106590278823955,1.8661811038447897,1.751644792594627,1.7972267108849014,1.9620944652825472,1.9436210296505063,2.34206832949633,1.9569906638392212,1.9857818795465878,2.400079448736049,2.101434396537762,1.8874356763360662,2.34727311970277,2.4889539953031576,2.231397488304996,2.75572757374265,2.368196297214025,2.6079853678003424,2.1895938554485266,2.6173551381077615,2.8714715834116724
4.891266720287977,4.113980594998338,3.721410722195216,3.1771770403478214,3.36495805862166,2.57121683822702,2.6659635376146866,2.4218630666761776,1.9260402357065622,1.7457029090176093,1.6298748212038348,1.9517543864002178,1.4378898093711179,1.3433599319746534,1.2854585892459163,1.331956442021763,0.8397295715267656,0.6978440509701329,0.42211046528774787,0.5023741713680145,0.5860750732188471,0.21282473131652146,0.8311553466735102,0.28906927428383256,0.6283718673631178,0.5389995515954826,0.2904580007884583,0.609194437389112,0.5678226672527646,0.0,0.05464887787824857,0.45313261262419147,0.36553754947817296,0.2822784108216396,0.1548290674749957,0.2240299477075709,0.25948804505802414,0.028149663496336075,0.1683963594717799,0.6208394886297697,0.4641751467859585,0.3537906290381496,0.9400829323640174,0.7088009858096598,0.4762809882844081,0.253341792356057,0.50098888097288,0.784162158129039,0.4294164297041174,0.127274938432258,0.6176976722861234,0.7843253263608005,0.655568792194325,0.6229932825676592,0.8389841978931969,0.9697173382610735,0.8568095738215149,0.4221616356180995,1.2001301613158244,1.3110219870023165,0.9150158977814264,1.3635820801039458,1.2876211307050536,1.051129733376694,0.8410756669384796,1.0649758361109,1.3964658370421574,1.3772486249784315,1.417842784685952,1.7372435103623047,1.5024410450055186,1.5980375152250943,1.4348466803749744,1.9234361742500354,1.8190231927058775,2.221993122378798,1.6303110229363078,1.8013803271418105,2.2131020101798526,1.7999459593178528,2.3966504351857516,2.33061334997722,2.18507442993684,2.149840349212777,2.1881927310232605,2.4251833199504524,2.2009605069456804,2.293031096224432,2.27437913738585,2.4820752404210324,2.649132463816784,2.579651750843226,2.5661019222449397,2.635173720934276,2.6640926667654448,2.3497831359615517,2.7778375249477207,2.3209225041474575,3.119446178640221,3.0272394802376503
2.799485685423841,2.4328458708293237,1.889037793064027,1.9555804927950362,1.6882493011241362,1.9349370540514794,1.1545944276058773,0.9618545570995778,1.368944530663173,0.966883397223139,1.0094893046434823,0.7020477278762982,0.7140127265797211,0.7858175716906555,0.4986604332626001,0.17725722693093537,0.5484933661724583,0.4316397451055316,0.454905828628549,0.07572060988901796,0.3355773761947667,0.17633103416438445,0.2443542221713937,0.47599934047755355,0.14426035532421544,0.5747489929797656,0.038483254927381694,0.39861167063311775,0.37940026493553525,0.1940328622159928,0.5637131846595871,0.3979393560439881,0.15472357168310324,0.40485131480004455,0.21429310166311666,0.0,0.5232506977662403,0.22799608387141923,0.597748154350608,0.23374083609774132,0.37500243376805464,0.4662123129672704,0.48064055707089537,0.38143068786589573,0.47448784296978275,0.772106973519902,0.3723493869176071,0.7500904361614467,0.9836069770590736,0.5646702785910183,1.0494500614997122,0.7135809548726559,1.315739307126984,1.2000213957121382,1.1099108735377818,1.016709378308894,1.2890047158204396,1.4224677555917875,1.1240793555377397,1.5485884471916087,2.226714766940196,1.4423291255805974,1.6165306640342614,1.5566826701327994,1.7123007584021277,1.5773123319398454,1.9031683446486873,2.1064332145249214,2.322799513202197,2.096457870757556,2.295359962374521,2.0354021910128868,2.2129371485698126,2.0488192061586847,2.2497887160181325,2.2593206285699363,2.2672493476580744,2.426052248252459,2.495706636166263,2.5399511620679807,2.9007652431691273,2.5478948562051453,2.7071347745296297,2.7218103127454203,2.6881167251599027,2.688339161280913,2.91204301729716,2.96009035508815,2.82099085813927,2.718506941342783,2.9517381637994315,2.708982049379566,3.1426521338867186,3.1976734613638573,3.2202580725269687,3.3224107353477397,3.245238860280873,3.1531870219865947,3.416275571174287,2.875348435744252
1.895685654070876,1.427618663582333,1.3958726700455824,1.2838915845685985,0.7454491463768651,1.2093649132187405,0.9563204964175203,1.047529900516528,0.8162278534517657,0.9679142224648771,0.9807465006791158,0.5121972516947118,0.45405191169783876,1.0097162141097744,0.4443305890825098,0.27936557123963723,0.4221451023210623,0.7227551024969827,0.38028417167367046,0.34750638128219435,0.22636882414993842,0.47224271804381424,0.4069777370807781,0.29962740086741135,0.35941546426341553,0.0,0.3926784738337048,0.38611392099048913,0.24928265585989173,0.2065504492849577,0.3465204846593277,0.27154766832811106,0.221740588740726,0.2942724213512804,0.1059215503204971,0.6552707836288967,0.14939113302255258,0.10608223268019401,0.5197701793474057,0.3422497705340728,0.6641644648053902,0.5323845359151544,0.4717478963230928,0.25492458793411643,0.5170649301827357,0.6950331629122282,0.8680036978621413,0.5940706147032468,0.7578707324617522,0.7203503702395739,0.6866754066540004,0.8072824547346009,0.5092990376301803,0.844528768345187,0.9319573314228773,1.0454116405687781,0.5379131737296348,0.7821005265550127,0.7222315329907794,1.0053778386234384,0.7704444291518371,1.018144734001977,0.919437191106228,1.1755551132855775,1.130718157613222,1.097885694681871,1.3734742171225598,1.1337834711481207,1.093075723605871,1.364723065942588,1.719679346146572,1.0713634107905001,1.2656528718321898,1.414562047600569,1.7972688252338056,1.730413185751413,1.7822836930743478,1.710983736719216,1.4771635082296477,1.9585078190420138,1.8208367904062328,1.8918715059322633,1.9377640498094326,2.2251972669818443,1.9801229434962533,2.1732564663454212,2.1231752259572207,2.2987208368375054,2.1880512132740897,2.101506356988871,2.218655496447056,2.367135971625421,2.113563855172357,2.671314793075183,2.825374938724911,2.5799202215631336,2.465338932559927,2.430209500091971,2.7106742239868833,2.726540867430719
4.1202788143511615,4.14622216422144,3.3118930419335815,3.4299566014197946,3.133745028195536,2.652336002549699,2.6981045971531348,2.4323845326534315,2.469540476921356,2.182421597073244,1.5557039028269681,1.7410366460271245,1.5959789092433248,1.5361798113009169,1.6190142790096917,1.3225000144674297,0.8820317667391091,1.0732195212355577,1.052870938492358,1.2159504559112673,0.6052555616212203,1.0219415385610677,0.834765894957755,1.055734657177915,0.8542075043892474,0.8193896852294191,0.5941668354371412,0.4291827898052336,0.5112497241492928,0.34940407364062587,0.5388267242081639,0.4995405886270756,0.06500547273276602,0.3479562890579704,0.1503245593836855,0.5934652793456365,0.2016352775053054,0.6554222838786146,0.4679595572633328,0.012535052481943865,0.0,0.3445193385456946,0.3366653651878835,0.6996229886776355,0.5542907525189822,0.7768474796828126,0.4766391052603005,0.6869401405158193,0.5714815999362592,0.26835644436816253,0.45721564309185503,0.5034649577098484,0.641560753606484,1.0429546526267721,0.21113107997878444,0.8105254617704354,0.7892436393336357,1.098134201158258,1.0608624711969998,0.8003908475244987,0.8916094916650454,1.4886492206071171,0.8753644661970945,0.7571516007429206,1.0331433674553576,0.9478583633057998,1.2949674748179465,1.2239754112502617,1.1886082417640011,1.4736469100815714,1.6485558940647334,1.5097600259328114,1.3568527405866853,1.8222130550907085,1.3195804304942733,1.6948181268832343,1.9188658143852138,1.632379575419817,1.7332832944014065,1.5488491971839338,1.9844538400232263,1.8994182014450214,1.8117596284957802,2.27465752795084,2.0535791310607774,2.1201211431896407,2.080495019673956,2.3687208920061256,1.8354719694090296,2.4129819094507035,2.531726376962702,2.3644516747559514,2.310188288188188,2.6118548422724466,2.827578453504353,2.6416633428536738,2.65062888085893,2.774301970021744,2.9657178966061633,3.113013965807303
1.3580175752846273,1.1556971363400166,0.9007125971056524,0.7652821612232366,1.0284825107375042,1.0107804276669086,0.7171668391218979,0.48416756691532825,0.8935887431662479,0.5643701939335983,0.5103785539829815,0.0,0.3122965817163603,0.6830438012180267,0.39255994214824597,0.6047858962631096,0.17406235936275039,0.2620258028455531,0.2796163994730989,0.6748569498576451,0.17554463480497162,0.40989958535340776,0.21359078815313737,0.37147561569569376,0.3516912200859892,0.31410199826071405,0.6855817173427745,0.3565628076559548,0.3435293828884838,0.47643803004409335,0.5022918961147269,0.39320706348711454,0.7169307210216473,0.42451610424466324,0.5183429026570394,0.36863208247268986,0.6980573283400702,0.32839874482729314,0.6525496710265664,0.5588148339327574,0.5875074793285755,0.40667461451591436,0.41512033021642125,0.7484789547677337,0.6586210335126736,1.1275188379852494,0.7259069843122354,1.1222600779699512,0.8859329689428073,0.8146370450054832,0.8189359930734561,1.1422327958602665,1.1421360080175091,1.0740385041627647,1.266047669777869,1.0851615952086533,1.1908311792132231,1.3681990873981071,1.1080624978706943,1.5309710127793572,1.7247111411843008,1.4516055048139087,1.3510490810358817,1.9626904656756494,1.4396328007268728,1.7040068091196048,1.9287490254208919,1.9355179354279919,1.6384534840814204,1.8106569473549037,1.8349698488201653,1.782748020253198,2.132824185995368,2.0672995780367884,2.117900441641364,2.1198873472491755,2.0863409006713916,2.0499917157753345,1.904974340018942,2.015258247052298,2.1000622448105624,2.3682991288635975,2.5053182144161354,2.7050626339340873,2.4155359998386956,2.8491433892718874,2.556613236842903,2.396027178284257,2.107637364972483,2.394253160853882,2.5916460251833904,2.881078771854316,2.8092895949249588,2.7780572739355414,3.0531741631203957,2.783670482086894,3.10882611862489,2.883023342018671,2.997911166255392,3.203994349248113
2.4727674998837443,1.9696145050176632,2.3448171154215487,2.1391655686630404,1.6025767438100154,1.7518399988868296,1.5553838745907598,1.9169341387472159,1.4709600387639874,1.5930568767709374,0.710892422275764,0.7792274245769892,1.0958669159519765,1.0322165271409744,0.8512511240032428,0.27895976074985995,0.7659083684784083,0.7431970777878938,0.618766758909608,0.4701527167688919,0.7418226641999563,0.4301524518003088,0.3194455364065991,0.13632747646463805,0.37231051301694507,0.0,0.4878940041925137,0.24407392785366078,0.23293608793916398,0.3985639531770069,0.5330411509939008,0.2799579579344851,0.3103608616333329,0.419825265807642,0.2170823122496408,0.4742047711771722,0.13408678170350896,0.24353204929710692,0.1263198506806269,0.28600423879141346,0.17388808964002678,0.3485246501821404,0.5928801611928591,0.56094569731947,0.2694081072210004,0.7998901228049924,0.6766889963272131,0.7666631014303587,0.6177825404293618,0.7554300948848383,0.6554207937598289,0.9916398901904877,0.7975366469811043,0.6518667321829117,0.8310977060369442,1.3663676515858487,0.6272798294418216,1.4005373761488524,1.0670043433856158,0.6411407182418429,1.0123683793624014,0.7459614508788217,1.2835422368336165,1.404939744254781,1.2145290783407887,1.4186232132082157,1.553309133397713,1.3083842679833904,1.5421625955680458,1.676524782403856,1.7050106678638866,1.7824459110145678,1.8625461141238198,1.799387607438609,2.209524541861793,2.0073533768884353,1.6755430014755852,1.6625074972757954,2.0936664362955693,1.9099618657949708,2.394929189773915,2.179825366113432,2.334525626033628,2.2160947743824924,2.2678417235699673,2.3952132446651326,2.5415668829830604,2.4087944094104348,2.541210698992284,2.826879861549539,2.241379084921597,2.2224949076350278,2.714759463106576,2.2606915513132613,2.7368030798049574,2.971324939704239,2.8989141285221507,2.8221957470276102,3.0054295906418425,2.839075560065016
0.6013062189434422,0.6735516431586426,0.688177535787343,0.5116342584731477,0.3982495464152116,0.5805256267754153,0.2387412154051276,0.6483963791714622,0.5739496101368111,0.4167139823924728,0.40824151713884405,0.3486870935201871,0.0,0.64799777507708,0.35000611156664263,0.04745965267090213,0.40082692167090883,0.2835867405227681,0.1769233175771383,0.22529053368628738,0.46559488417970485,0.3168299140443338,0.44828171807101214,0.10579709442409779,0.3977320461706668,0.09299346969686795,0.32522974828244955,0.4656529698495362,0.48606578380056575,0.48441466228003094,0.6102010374839502,0.3762800563629156,0.6217370623147893,0.6247243390755415,0.5932469429475553,0.27703915485927055,0.8696366631991452,0.8673814219081244,1.038571202846505,0.5646298363415632,0.8516238465462997,0.6011195044317752,0.5317490733509693,0.8235326294180503,0.8332595399215812,1.03063307434779,0.8525442381726798,0.9690637854347806,1.1708351137154303,1.067150040362776,1.4200572125920417,1.1492282350681506,1.3634406546252862,1.234640386024651,1.281570747648452,1.5463492367541427,1.238310598811676,1.248793021819914,1.0167265887457013,1.486499581352362,1.59431068059828,1.7212930387666852,1.9142211571952537,1.6656684091287808,1.5473472637725223,2.0135785307140566,1.8781809344952656,1.799641217167725,1.9994367042486694,2.0167379473696236,2.1921779373996664,2.496378154502562,2.2573963225007994,2.146775299094557,2.270280326882723,1.9387999317273312,2.1445063830095776,2.462365659553395,2.620079641994433,2.340064136549394,2.493635423047124,2.7783342407910148,2.4663569348768135,2.4698413240888826,2.4230685380529344,2.487019322401842,2.7087758447579766,2.667690871024,2.6162445963160543,2.8345805294419755,2.7667670721829225,3.1237334937879773,3.0457023596268726,3.2298535589990287,2.966762144773252,3.0335766518088647,2.9365701689487196,3.1790417728979428,3.2546533211757307,2.9806924090622964
2.393526811535887,2.3694532190610698,2.14877863547464,2.0218957553509735,1.7251595244080065,1.0324175353616685,1.1702209132888814,1.2583491119191699,1.5906881932865389,1.4155707198016927,0.9283415745524959,0.8888235529387529,1.3980580247450156,0.8144957315217454,0.41478749230511447,0.7072870523902282,0.7259942330359035,0.6223089184827355,0.9594918921238751,0.6610337988024142,0.09196648162199494,0.36372376698769493,0.1838770997721042,0.22313302248248768,0.3268737411925198,0.20151656674521767,0.3935881507973136,0.41753571185184235,0.6054963705803882,0.20588824080939894,0.21448239243713907,0.451009127716242,0.5991363836709063,0.18570923952830576,0.22847405083011196,0.0,0.2258199728275354,0.3458157161479818,0.12824801585371404,0.7433597550808368,0.4615782521949754,1.0409514117638938,0.5342983132240118,0.32089865264843276,0.27934043307968537,0.5326258735596276,0.4402574679432938,0.5831083700529636,0.42332591706034783,0.3284288572986114,0.4744147390880471,0.3115260742843162,0.740520824589014,0.7528931943627697,0.8024304080798021,0.6246235723465965,0.7117613525635029,0.7996878541438512,1.1625130972359514,0.8233330486534545,0.9134946790053515,1.0067226543307584,1.4642291303765713,1.179032339046783,1.1170905702458498,1.2100963081377465,1.0827804436952828,1.0536931150235507,1.569224533361405,1.2260794763216403,1.364307196156009,1.4474632256150493,1.709193170762859,1.6101553220757232,1.299998574361533,1.4232516744587933,1.6150558192217375,1.7596837744941443,1.6940022729034467,2.015371960357715,1.8670830433255112,1.8710644399398735,2.074441698196388,2.173961780964685,2.462897569035606,2.4383491435091145,2.534564172478861,2.2370718754179943,2.2281663226750084,2.1350333956740553,2.4045437352223953,2.4112987536757533,2.441398016203859,2.7291036166837177,2.9123269552388233,2.7086186940495356,2.8148580330071464,2.476552692705825,3.002984642523204,2.7093670680523285
0.8858259384366782,1.7599441271868645,1.2989313049202629,1.1388850867424516,1.0255960553110963,0.9270562413844061,0.6235232294322479,0.6674872230929623,0.5557738432318491,0.622871445280488,0.478859099286721,0.5557543080547767,0.33417042790507345,0.0,0.031179692998438924,0.20927686741156393,0.2762627432870719,0.6146041218256766,0.6113481655316892,0.09058652106051213,0.29767789946007817,0.1476291047300542,0.24977627855310303,0.3821544475608487,0.5053114585760223,0.18850295126123484,0.3592399524936436,0.09317578616908229,0.293624311515174,0.42109496184076356,0.27899553447429426,0.18637344217685126,0.2726450550689812,0.15795284455629854,0.3864851807938461,0.44184877620917007,0.5125534306950676,0.5230917577031882,0.7617805471959009,0.4158413134379124,0.3707365054070202,0.5512133576693348,1.1385988241331457,1.0284235619066955,1.1476515553445648,1.1473564504614817,0.7630420395070541,0.8336404300836282,1.2475686593144548,1.0658798264415879,1.3831849865236912,1.3256575510780788,1.538305384747904,1.507137918956177,1.79017446872116,1.4834627459044025,1.8103523373225876,1.8158579749711254,2.0570606913785188,1.913123391582479,1.9937522759579256,1.6788970158506658,2.063671010625198,2.462243502094436,1.8937359514508039,1.9585674010660163,2.1099872608973094,2.146701418188764,2.0767049875007597,1.7281199020696043,2.2600561335568,2.4995961884443805,2.0813339958732744,2.2925109668807515,2.4500365325759947,2.472989016012699,2.029749421793454,2.606109727217044,2.8912413200191533,2.5462206954278184,2.5916260226418597,2.9926544023586867,2.7378081163815597,2.820815162472444,2.566991238971374,3.102652281701177,2.7496557281184675,3.215243882575786,3.2440180883658005,2.9682964814076715,2.8936887163126226,3.232350560534856,3.0838633462406175,3.0924055247058124,3.2513426083531822,3.2916110750775207,3.243079399429737,3.153164346416398,2.7310704914445534,3.178881862259752
4.538421210737569,4.101219346041026,3.8960323910502215,3.3943219904216466,3.259372769259693,2.7880416120100673,2.962518821345002,2.5403097224567244,2.2954478016436592,2.165574461743775,1.8479361951207647,1.6869311970364063,1.5855336631965073,1.2848052102619807,1.3088533362142698,1.0728115800762303,1.1249283382265407,1.1800743591425196,1.0701432182372645,1.3166858563718513,0.7679762330739504,0.7992936768875456,0.9352182500143105,0.800186838347619,1.1092673444161267,0.43957268633046276,0.5590198876430144,0.362863818910661,0.7233087887966203,0.2927259755161611,0.5384533191177123,0.662684863103209,0.7598015445481536,0.4252979838543052,0.2988073720819848,0.0,0.14774706364662826,0.8545113955549848,0.4379828007623505,0.33182935941314184,0.5842077638443435,0.2982713311819776,0.5707617017240736,0.7216140506761963,0.2934213160784065,0.8482076334543489,0.8446490684821324,0.5263090533854538,0.8294833353445803,0.5945397318625769,0.9566217259056895,0.4564194761665519,0.665176531465999,0.9475355880044454,0.853623522005174,0.9072059770847289,1.1596904471259109,1.0306307548721332,1.0707961351528041,0.5222161122906837,0.9753789563357369,1.2865396134372649,1.4736273111504605,1.3460236169419417,1.01221860698708,1.5093714424661933,1.151939775062269,1.298013614298556,1.2904645492187843,1.767531315863586,1.3956525785655085,1.674928002613445,1.4334704376052851,2.11754167404416,1.629860195354162,1.8588231964787614,1.677544002092862,2.099929474325135,2.156247400559204,1.5397689263891223,2.215858396704485,2.0929303918661137,1.9437386922587567,2.3788626672634994,2.1365854968470135,2.53067736029106,2.638419570589635,2.120838563467304,2.5098198265284832,2.1658614993346728,2.616187283092261,2.46689578886423,2.628327842979017,2.7101231308345444,2.4338044864180812,3.0298538660527203,2.6448568816996794,2.5448381057547085,2.8361807952164373,2.5190547689853293
3.663115776102753,3.0224307785145044,2.931718985512827,2.802206269413489,2.1963729903494187,2.1167596388485794,1.7146665814596087,2.047163514777452,1.179434963805022,1.6187433199401298,0.8392370720786282,1.3263126588786562,1.6620199379835068,1.226086325539038,0.8235831404134135,0.9440696948251137,0.8804768762692845,0.7856842114410405,0.7885060665541044,0.4858506423511013,0.37874756361640216,0.7781368903259072,0.8351791736654093,0.6738436948747886,0.3891499335993842,0.6427328450379957,0.6596199643074652,0.5684689424945724,0.3473844253543703,0.4762316640335058,0.5501385701377011,0.6701788812537117,0.0,0.33992115175016124,0.5111752643277256,0.5904477909163433,0.3639133094708651,0.5611849793463257,0.4743828354900721,0.328101021797492,0.4948696809421893,0.17339530042665707,0.38824944639448056,0.3571683827765124,0.5324008618980756,0.7048387398426197,0.5872117887556936,1.2126196793550736,0.47685284319829435,0.48182883725586123,0.258108250437143,0.5467087788574485,0.5920506133944343,0.49998525123754867,0.8145711494251557,0.9992492181380506,0.9542775116472324,1.0009176978083367,0.5716748384328234,0.7591436149133646,0.7513524184127096,1.0463182678051997,1.0461364357211096,1.1661374553659876,1.0617280122279507,1.2036732961827852,1.1706900840493848,1.1883047855079774,1.3644639918212231,1.3125791387926249,1.3878639883922634,1.6741362375872324,1.087496738167717,1.3800467004194044,1.6581141460634239,1.7507560816282215,1.9550139374060116,1.7417695144368306,1.4309137806460548,2.05277633830012,1.4584130172820267,1.531055937638289,2.128346943983093,1.7225304102881385,2.0788764609701396,1.810975052564018,1.8236933132118374,2.4928496024740348,2.267681881178799,2.3782730394156566,2.112201809461874,2.554354830120099,2.1481968288121944,2.386065169735904,2.48466175687458,2.760718509366793,2.8452171682007794,2.738700863743386,2.2228545360692173,2.28091969280562
1.1177044886463872,1.3242522689646599,1.2491263167763265,0.9295359025065952,1.0604735986704092,0.3060323407096117,0.7484799276509353,0.9345778097191424,0.09408479124606117,0.6494173319939023,0.6045095269046215,0.9010483205520607,0.0,0.1634831103098282,0.40810506807219404,0.4362685125188772,0.14393989064752688,0.5051355698984334,0.44779753925045185,0.17143083422432603,0.03891033424847201,0.29459064663266155,0.4922917951986374,0.08938990316472939,0.18376835159095428,0.37111631080234453,0.5124158004541126,0.5195406386773289,0.4468927775005085,0.8325946748429534,0.2519241775127661,0.9630827674275526,0.9125820950001415,0.835284070634243,0.5004410304135885,0.95837133427551,0.4404155483489163,1.0219829158571265,1.074463242090303,0.4556439006120474,0.9001620430346051,1.24052422715868,1.3582195637956858,1.0703502519022603,1.0781852918465198,1.407260354804409,1.4474910283963158,1.0721783755540741,1.239548656504752,1.1336291495750732,1.7227002974977044,1.3341905108759953,1.3447050948403092,1.667080967531085,1.2602785837636752,1.6940515461648467,2.1435790789590072,1.9038132877186609,1.9952195380496693,2.0621091034935635,2.1276131723568525,2.2548755780907292,1.9990532407764903,1.9636443297273214,2.221716852339398,2.3279127830948703,2.511826190800935,2.260437111509045,2.488039766809621,2.6341729004189745,2.5464164547862325,2.7347265552983124,2.5362306118190965,2.492363180025663,2.729600544086047,2.5848858971577684,2.6214271850321076,2.4286290940652613,2.5767203073438907,3.0776706738071518,2.955439935963639,2.947359836163308,2.5074831132210385,2.7292020552051213,3.1405443826540598,3.0218913872775985,3.248597019135552,3.1338719258354573,3.220730836397152,3.117978885770377,3.5440167511670353,3.125414567057291,3.562983510203953,3.317250731548917,3.354258574783117,3.4581728457006875,3.4492207133801536,3.531491635545777,3.1582567639063477,3.5292457258103553
2.0983425575859336,1.2169955273724113,1.5234946502758433,1.4397133630686874,1.556896880306482,0.9722785668477769,1.2503691400958985,0.9385364806230108,1.0023112334011834,0.9084095211938497,0.7976453877851064,0.8292784669902815,0.6462905402838217,0.6800964204792912,0.7194133392652802,0.5801837233967788,0.7819763745325936,0.8218582395263603,0.7138531923737226,0.009454668959762103,0.04253331600534693,0.35539232763690265,0.30850979137152734,0.0,0.4369601017293512,1.036550842324658,0.5280184587017693,0.1616203500226696,0.2977312423749048,0.09438741167597087,0.6370674390658913,0.3753091732759728,0.44855178228438675,0.243334146560084,0.6611267372418084,0.14931241198427614,0.7431104479177755,0.6366808643326465,0.7859283161699366,0.6973392575034154,0.6608536103775471,0.28957963522453767,0.8615374455634957,0.7393168945689013,0.6060868226725695,0.922394131405671,0.7709238647111576,0.9462235389834426,0.7735914024336701,1.1019659179323718,0.8590082783267405,1.0670234125195464,1.3644608928389665,0.995462208738541,1.390024114697983,1.343487271553709,1.6277041435491952,1.4180135103811402,1.4841469244836638,1.4655260819454732,1.6680950355097792,1.6390606144377813,1.634197943388532,1.3809709763181033,2.1138169065567673,1.714192161763254,2.1180463640688423,1.900138617883833,1.9885954490454125,2.2930687985298484,1.8932691325659867,2.3281394222117697,2.374671423367616,1.977990081618838,2.117602965111189,2.2315002339297223,2.4588112437224012,2.245160701254534,2.489116320269673,2.732102863947702,2.4184136750632916,2.9443827767950275,2.436841526151831,2.5614970862790045,2.906129985158291,2.972063525830727,2.6966575600909586,2.8798622616390617,3.164177993167762,2.850704010629933,2.624256598381205,3.061731772003082,3.1703282627817693,3.0614657013564504,2.982404776016395,3.2036870298745264,3.1022595396736,3.09983634825031,3.4048091397623494,3.1812181875825196
2.9054942374168107,2.0812996902679703,2.2716951335118054,1.862382501895695,1.6851950182406235,1.5949651462023766,1.486462521854179,1.2182635124159766,1.5160421302811606,0.7852741840726054,1.2651109239407923,1.1096154280063075,1.0059266852937228,0.5629530950813919,0.4762163024229693,0.6320994702139497,0.6922136000558741,0.5000392102195246,0.2680556681708186,0.2711972907393303,0.44229022534502604,0.2702390948321991,0.28417831033069163,0.6695419806910863,0.5463720632819395,0.45996423586657365,0.3986817519168877,0.5147603671300978,0.0,0.49042944874001293,0.22808657793747145,0.4777082441894578,0.2655185283448578,0.475888227251243,0.2851721939282399,0.28393181540205426,0.4381918401664535,0.6334094005424689,0.065501692224883,0.5380132920829599,0.5686196425831458,0.3704547882953193,0.29129613998807535,0.4251068455319267,0.5841633699455464,0.42166393010216474,0.5726146914917862,1.0113019468187971,0.4095713432296293,0.7229658323714201,0.8538242073321562,0.8241339118355473,0.6331822883326197,0.606622694439551,0.6392731058301386,0.954408209424729,0.9900592912047586,0.7093569313921861,0.5884211780865485,1.2448419309439913,1.0137899932587668,1.5570581828728383,1.0190898231342675,1.206751822311391,1.3804199367173418,1.4672796460372606,1.2950534082926861,1.1741110244037198,1.478989526867318,1.4542647558810984,1.3778681491774325,1.6668894310145053,1.9018359977720358,2.0932228834945104,1.8364495609212348,1.6040315246766532,2.0989951871256256,1.839605043039656,1.897539479099068,2.093521200188496,1.9891982190573874,1.932016867692683,2.239908044600128,2.000678579601143,2.4808101043793798,2.3419131576111845,2.022132082394954,2.5323948697509557,2.444373545410283,2.47874499626921,2.704183302700905,2.2240854180955623,2.5509837277692675,2.373066552073425,2.6042646286507143,2.6960199482517417,2.6852897459729164,2.586362210093185,2.903274383662634,2.335003562707893
1.69498016233403,1.915897030916863,1.8635626403317787,1.6672394936143853,1.3485763598363505,1.4146118711636078,1.160981561520142,1.3174114974296227,1.0915191086548486,0.9601254120398295,0.5604148114768908,0.3461173074478676,0.7683896680307747,0.6024759351949012,0.8012938185447176,0.7567724909491975,0.6246486934525919,0.0,0.5134850909014901,0.41049213220398784,0.17932675302001222,0.5197300009127819,0.6197034006987643,0.5107097148902184,0.6670897865006093,0.4143513223548858,0.14391546782476894,0.6519887258681756,0.4243959264525561,0.6746780519106412,0.5060495439075723,0.2433808103652897,0.5059731352875758,0.8318348252072223,0.6212110603908112,0.6654861892739081,0.1163996477742355,0.291178206779767,0.6791880358420315,0.5313306816790142,0.6953383316387551,0.2420312906059383,1.0951802443205025,0.8484835200521648,0.7573703991468612,0.9009624200739523,0.4093055552431366,0.5267077533812117,0.7560670483578438,0.45760224396045146,1.004640077096095,0.3921569076268092,0.8799109298576351,1.294058494708759,1.4472932767322906,1.2845991985429102,1.2677708150354547,1.2400424887863792,1.0758789384496676,1.3236403200964713,1.0851616063152445,1.819986185509391,1.3924441335652364,1.7594558636710058,1.4297407576897196,1.47839086972089,1.894809169055895,1.7707289700074273,1.6040457910426085,1.8617457332469485,1.7183326320094316,2.0345627562752977,1.8305084057915249,2.046261737431923,2.0561184392550427,2.539094068820468,1.7884715353342333,2.5567430860281597,1.9826894620927664,2.3328626029899837,2.0503157486144747,2.348907051949517,2.6907206315053074,2.4165418604294437,2.6360974608908343,2.3673733769087484,2.7530734979719327,2.4906831599071637,2.603287083181165,2.405326998270514,2.7728950433193695,2.5522878473694135,2.6358886427694266,2.6302667830028703,2.6944854274620873,2.9976885015327,2.808790853528773,2.465923185190338,2.9886182161764374,2.6678164280651586
1.6210899039190405,1.6381062390236263,1.5068529603374632,0.8855661350171946,1.5596814100739191,1.0278611354996894,1.1945811253700835,0.48674755766936784,1.1737189238043815,1.041499529956445,0.6067859205705197,0.4817718653837453,0.24254578010534367,0.7269014949096135,0.7393921845338198,0.46172959030332095,0.0,0.32395745218049754,0.5050048068019564,0.7045916398956198,0.29645455172292046,0.4061033878030944,0.27196804332099056,0.512662373070329,0.3323269528132542,0.5535825199195159,0.49953281130343896,0.3496712318200057,0.282096945306618,0.3410407724231437,0.37994525846127125,0.44016677080141164,0.5414369979453735,0.08974011271392435,0.6200013037426206,0.6546597716543019,0.2899004184586893,0.07603120621541137,0.6208619094240326,0.9061495826497783,0.6022467132885669,0.2809891919823819,0.3610305896351971,0.502600322775054,0.9373351075440794,0.6632527261485901,0.9107115373826034,0.8951896552392018,0.4922224126927155,0.6530643345064107,0.8767836976560002,0.9264743977372625,0.9278172168969565,1.1980842064079642,1.0245827005045722,1.074123377736134,0.9200289440621514,1.4139045871866838,1.2559176004807089,1.1508787721066422,1.201485676361207,1.7803633256452063,1.4635950958135542,1.4739088830993499,1.6290326910205852,1.9364548791325564,1.3305393574289308,2.0178699417279926,1.7747216582976382,1.542478976655568,1.8402385103514565,2.0229240737809366,1.9138411592357638,1.858824964323274,1.8844124809472707,1.6936289147474834,2.0171730680261017,2.048748044698657,1.8909348419946408,2.0984416710835934,2.0909066477940232,2.2699774475370784,2.75499217782915,2.6004587045441223,2.437272795769127,2.5949812789820133,2.455211142897225,2.2449381267874724,2.6016257735105146,2.686674227139582,2.6538844588528523,2.555778605624381,2.450114831718439,2.6234263797408754,2.521299399912211,2.564868238782294,2.2561148023871365,2.6903872466153107,3.054420088082244,3.0635594287886274
1.563623643749068,1.3577157964592868,1.3431583303486505,1.2572228351587853,1.3881308796945397,1.2685045635427041,1.4754977356802517,0.9867926332118291,0.5925608862804097,0.8729240339248321,0.9570050316035417,0.8148290200024721,0.819479795521934,0.5513782639051268,0.4143094093291513,0.2772206731548863,0.6706986986396455,0.9893907159651043,0.43571170967340755,0.3045648671309795,0.634112906339201,0.1257771589383605,0.6297611185195571,0.5019477247850599,0.3856335592217395,0.0,0.6177905392344734,0.6132097801045191,0.5683444697340505,0.4162548143003235,0.3816477424247413,0.6692772910880151,1.0342922704757829,0.391645721254795,0.7314239841811858,0.9381030698976165,0.6978218996212533,0.6202024567798574,0.7972460968259192,0.9969121188170202,0.8747963476207463,1.1133028965808371,0.8514471212597723,1.3589740348662414,1.2070412070501515,1.0420130048613832,1.1718227904732892,1.2515540228068431,1.1510986675803618,1.2998612792887059,1.2177550036974818,1.2993237321409232,1.4441929771437465,1.3592129419758372,1.729293390969362,1.8673282054506988,1.9834121756648848,1.5362417578249872,1.6011170982518355,1.5615887368424115,1.7007298299218636,1.6874554909143367,2.144833215644569,2.233478084299284,2.2090322466890253,2.069526614972906,2.1116408272754814,1.9721164043429873,2.427073060315907,2.0039877045711982,2.2000719563102624,2.6422938632470707,2.304610445085695,2.6295210165013767,2.3914316318817885,2.8071616550737506,2.574454751893425,2.427363359714258,3.0879704998697886,2.6389928507786617,2.7284649836010626,3.1376853776505182,3.1783371227440202,2.7737447991821806,3.0191005298756313,3.052367962444853,2.9089249516611115,2.6862199177325845,2.9738706561082555,3.016454646152871,3.132325156959377,2.7981501319389235,3.0309610817619532,2.590247441655757,3.1007314341642402,3.094007100139761,3.26599618354218,3.4633979715796688,3.360393077979344,3.684118170884032
1.9905280140501134,1.6861990010832741,1.8290965836572735,1.6055502454834443,1.4556917355402383,1.4723904427265868,1.2805108930175955,1.0930732838952437,1.0400621921537674,1.332933676600053,1.2138716814807982,0.726268110374626,0.6195202097869341,0.9111911229588578,0.3794313968438434,0.8954804422464964,0.509430763337706,0.6254318744812224,0.517192134294481,0.6448872198710962,0.5650737103439631,0.0,0.5063093133106307,0.35968019231710713,0.6152564359854082,0.2778539563640319,0.4683989745562638,0.4933982262796661,0.3302635193653085,0.12343119145405979,0.8248114777204041,0.6085571490158141,0.5464129639704574,0.44384043666080863,0.3285620153184521,0.4476456530142201,0.6987554441156387,0.2908727850987951,0.5841586407734951,0.36882608895337476,0.43384148266602907,0.6754722186267905,0.6207727813907962,0.7224571538127371,0.784897344214448,0.646321773840592,0.8174774717379503,0.9065648077352702,0.529976658351524,1.1745663532992356,0.9614148261718967,1.0546351286132918,0.7794903870383916,0.993049640261356,1.2311295499561705,1.0589463554601046,1.4081188454855837,1.1745403969647512,1.3499182292822542,1.7985572057616022,1.3132866770316873,1.7402504832650045,1.3278238280828347,1.7444294746685536,1.966267973148513,1.7154789099702032,1.8561006017777153,1.901339448858094,1.82468581851799,1.975626641181881,2.0217284976871372,1.9690064835833692,2.0105998828776475,2.2187589581184692,2.3495396628508782,2.4696372974855763,2.365261723957838,2.390842289689841,2.041557766146818,2.4044831403812434,2.4659365724774513,3.079779786007581,2.448584795703052,2.778609568851401,2.6755246612454844,2.4500360050118672,2.816831465023844,2.8294729365168525,2.9293857826577447,2.798668628318369,3.1156616724747117,3.0641221993559107,3.0022410165434614,3.1082080409631736,2.8861391929827906,3.1328115453826477,3.1628192552831607,3.1302443642435307,3.2598047872961544,3.2894353821178015
2.613631689569452,2.3174876690853186,2.195263577537437,1.767558323246,1.7975113606131146,1.8391010084502266,1.7913202352526536,1.5970942089641014,1.2881793858428328,1.2563660021936958,1.1154593764049103,0.838481518034186,0.8268154708402324,1.0095682244812476,0.6519635930660996,0.5355619554045195,0.6865038411663829,0.5768120455635266,0.3148310770017613,0.7775228195900077,0.7261102627911438,0.489490266260038,0.5247961231284659,0.5921306227855769,0.6246391474353068,0.3531436579899445,0.6355181350876631,0.0,0.27324515621155676,0.811271869193682,0.7102791789925238,0.08187344744932545,0.3723223155409432,0.2713541453806041,0.4459531661284881,0.25897832748287186,0.41349445429821685,0.798950534795237,0.6432162728950725,0.2696095667081977,0.4537644321315675,0.46685615499020017,0.5198231213493791,0.7578927532477806,0.7446762262332172,0.6528777255427567,0.38453806976498583,0.32096137846561845,0.7514358708511217,0.5819282010672691,0.7673390415568022,0.523603128030059,0.8127276714626142,0.917511604111807,0.7265997559571797,1.1600196272282197,0.7970589974335685,1.3691102303629883,1.1090662359199257,0.9224015954509657,1.4581877163730397,0.9314245803989589,1.3966343374670434,1.4775769453460512,1.3219999439661638,1.501504865708709,1.3944520386599564,1.4433036144698974,1.1958408546226256,1.8144253159212393,1.7221930623783468,1.6239182616718608,1.6629550766070533,1.9016027564984697,2.152356991681934,1.8239010777691629,2.0424296104396724,1.5532561583758095,2.180947010504857,2.1078943203669898,2.074060303104133,2.1584384656689934,2.2551645393272004,2.229168978484715,2.5675764224075177,1.7622192422077116,2.4936581158030187,2.3924819179337753,2.227266144945114,2.203855054433193,2.4533731974408592,2.792714968763617,2.6979465865993912,2.7446786542895154,2.5925811353489987,2.926849728752524,2.517634964019546,2.6757024971569,2.815485176344037,2.874363923635361
0.03677323638589371,0.32015909081054605,0.0,0.25972164127490294,18.97639862841766,17.82983242746933,17.251214205139075,16.4418237894878,16.18994071522896,15.945789355657809,15.841778751492274,15.309355776516215,15.57765498762101,14.849744103807256,15.122066840004253,14.855211821196361,14.464563217593634,14.526197128265498,14.357167367865951,14.424203664869946,14.279819651966061,14.06698529834152,14.31101553208903,13.71008608656513,13.855695452234364,14.073168055107745,13.661003565690445,13.155141391989916,13.865129898871313,13.732733101779186,13.894342621937067,13.31952363977508,13.428287929017799,13.850921580342275,13.52630200804127,13.616868170786576,13.335801987387663,13.464351589212653,13.438154449434302,13.549016966094978,13.406430437753166,13.481531485820636,13.299859130218607,14.04604760239327,13.43219687939712,13.302758252541562,13.816742908298,13.689439252562115,13.966231695989844,13.833078578672245,13.75784748011237,13.569188187414957,13.69554045966377,13.787219790915369,13.644346845383035,13.819081287617108,13.95990560583279,13.719911151834314,13.89408318209396,14.020384148622245,14.145206755786115,14.155502960919232,14.220343331211408,13.830445457976737,14.385417071477962,14.622682160574517,14.375456543689973,14.42201519034245,14.640037361266723,14.641806866694461,14.70865374811535,14.357948400853427,14.774371103318835,14.847164610520052,15.103962291491394,14.88676154490199,14.900333731073443,15.21193789729418,14.892914118671133,15.221225723884425,15.368012411625353,15.68961881446318,15.483902719101785,15.638315784885659,15.65032568762887,15.373422083866947,15.577201925552277,15.533463008705088,15.605063671907038,15.60939925753567,15.86456614184558,16.06124809772767,15.29647178702343,16.052300800939584,15.792823654110217,15.929567828101122,15.922038944162473,16.125695920707212,16.22015560227661,15.574157485236888
3.3800791218601827,2.9939099714250137,2.6654981776521094,2.5305423715981004,2.2606414684944003,2.327394471457792,1.779905176163922,1.7215328866956483,1.8472291694146232,1.5775028056644285,1.350474277405901,1.13236077933073,1.022834948950008,1.1814545378821784,0.8348558800208483,1.1269322451491686,0.9923837410234952,0.8544379471454775,0.7228283512313656,0.8562120915547968,0.8923866543686412,0.5796744431741896,0.6469277786819685,0.33748874294356135,0.35906577541699924,0.6354052938855297,0.4469218153577703,0.4105685748008838,0.6207674686566307,0.6389284991479283,0.0,0.4312651995855816,0.4083595827199158,0.1382278850597185,0.3401024765830609,0.2501324686126871,0.3430031361051853,0.5225030876758723,0.5334058370870007,0.5747304223566889,0.4127882230660358,0.8070979554362268,0.8827711815307335,0.15674587887118463,0.44859910661529234,0.20662494329158498,0.9200269004914183,0.7004448742730105,0.7936948674200419,0.4483681025656896,0.9884034341620502,0.7629392731411855,0.8204105365025924,0.9934562010034362,0.6662712956363901,1.0623345304046143,0.4071516678486269,0.8995555488337672,1.019824898754603,1.051625642118518,1.6615278820978219,1.2390509910423262,1.5696609172177762,1.5180977938878168,1.3186300934427013,1.7760384243762086,1.1503711628254472,1.2987977842137894,1.5042680015490006,1.3912751896580833,1.702073414454162,1.5433864684588379,1.9619232046979374,1.6488010982837693,1.36476000117516,1.8545928702404257,1.9973771997814769,2.2427312549866816,2.1980184131430587,1.9156954571588063,2.1981338838166504,1.9608755791017618,2.454049811108474,2.4297426849566772,2.208755661298598,2.267574490213919,2.2348260629898196,2.7230339465549473,2.6147291473110084,2.4433968565047497,2.680303165255003,2.598899060992311,2.912536412324874,2.3540217620896815,2.7385718119834674,2.648722152471871,2.8578768701633503,2.7848910533406777,2.8658317262108373,2.746154103334211
0.0,20.161140754058163,18.806411901851366,18.223387417867986,17.829012718818504,17.444814225148367,17.386378163684885,17.108391886309274,17.121946087264003,16.74844843761645,16.616942461314984,16.20266917133329,16.150983412491193,15.879803627586112,15.92483493513509,15.388074998977775,15.409854857560035,15.93290908917394,15.249566474923203,15.200440868569109,15.51268208802509,15.489820189788041,15.311684919678166,15.252615987957338,15.383005600147701,15.008867268386728,14.747567807267247,15.003893921199566,14.895791594817782,15.066931895279534,15.103135488464948,14.89202946559906,15.011819472433679,15.075029652550045,14.833709042181935,14.995610272002377,14.845016896448518,14.682447403624913,14.869457888249016,14.559359734477244,15.02670293177311,14.681969129047392,14.818355900191479,14.970278840188294,14.87803329961084,15.08582317034633,15.119770273103207,15.044492275854038,14.775085613655362,15.416528822252873,15.361358007260188,15.384065375973126,15.164965678051011,15.561101904729085,15.203070130297725,15.505561751459725,15.58939626759044,15.70401161511302,15.921153531085896,15.972368219984975,16.182422447788966,15.679246419827956,16.010914416936522,16.16832200635431,16.078956937505414,16.461514506233275,16.334046777660042,16.408167976825265,16.348815546720225,16.3906005873791,16.43220508710906,16.493750172340704,16.908571392793778,16.557113407971364,16.80570261493017,16.956927918913383,17.031382895028486,16.955856275012586,16.755245897696444,17.21788822691162,17.093268400334207,16.774701136888627,16.98054459819652,16.963983428601,17.652640910439413,17.186854127099696,17.310253084362593,17.540570223167876,17.531360667926595,17.63680958697561,17.77305297759271,17.48964318393148,17.581069199414095,17.42153817448871,17.720295399032246,17.867929512845738,17.55879687702697,17.934314529154914,17.334508814828727,17.787800147839217
1.9893051850093677,1.8326972864235351,1.674300416299003,1.5719437132891567,1.6017342696781043,1.3533459860179011,1.4831572241268844,1.4617039361568906,1.330991623007474,1.0606896660848975,1.0078493395118713,1.1403810028176267,0.41516412039888806,0.9594002449269041,0.6545419095669089,0.5629439064871793,0.8464465905681955,0.7560124486967776,0.7185442252619811,0.39872975066920446,0.3879834708015064,0.5027247758562936,0.8107681022433404,0.47176548059059087,0.0,0.3591620789570129,0.4351065958260971,0.6956058382382402,0.21910422657255424,0.7068398866155476,0.44346661005675614,0.8531691797123475,0.8218187355411448,0.37492192609186503,0.6175544669085209,0.6996701901496181,0.782120492726353,0.6034129612882211,0.7144069210341861,0.9826145186319124,0.8131012736296359,0.7292228269438361,1.2820659001667725,1.0924968821831946,0.4934643827841949,0.7944677373115905,0.7195905992891714,0.9977396771542022,0.840666316906173,1.2829332050110391,1.0889505556956642,0.9688243413938356,0.6893640667432965,1.4796664665471297,1.2496886715851971,1.2582366650233734,1.242056369906713,1.5447748098418241,1.6999139365675706,1.4434182756952971,1.417756204650832,1.3640448092536364,1.209952837272425,1.8463694612145805,1.6398287647114245,1.683277287187849,1.6817867867740741,1.5751034157394006,1.680360804712926,1.9013258432425264,2.077932899274467,1.9177200392970484,2.638671634762227,2.367838041697512,1.9626971205819128,2.167161734367644,2.12700803546584,2.399092617305138,2.1118465011728986,2.73738918812977,2.827270482116999,2.6051553152823974,2.385700855431093,2.554044813213496,2.305899320674744,2.9665356047945135,3.0304778510551227,2.64543928548027,2.840949832278559,2.621481469755169,3.032358390323468,2.912731066040662,2.7984205860410842,2.803409581478375,3.2333130920228204,3.2497489696354,3.2724551809310665,3.297581767926241,2.87234925890254,3.440198513623523
1.2926959126513147,1.1092201116079643,1.014297478547812,1.070720660624902,0.9919234666717287,1.0639425248211314,0.661172138673848,0.8178583712947454,0.9628458779800813,1.0206578426272177,0.5165634860759507,0.5504276098832737,0.6732386145184108,0.4809691119767212,0.8912256883935754,0.0,0.35811633337886306,0.10425489332702931,0.34498429592979285,0.4405164299427806,0.02367760694974841,0.2773144889170087,0.15773636140292524,0.21232416523922026,0.16863499405618398,0.3047468764825254,0.2762698127837684,0.3348563487307672,0.16919720049695997,0.9855878397146363,0.3483553383304532,0.11934702104533379,0.14648216032172812,0.609564903683669,0.588918783481228,0.5356191347818537,0.44366517121996196,0.4994387087034742,0.39674338222898164,0.6515311443266683,0.917547004880241,0.43232229926089616,0.7492617714559877,0.5198392947938171,0.5802903461453113,0.6820049533683914,0.8291188648813925,0.9628961315706395,0.9148924833755423,1.124639280669605,1.0156934993847617,0.599226739682635,0.886956854412869,0.9899420504371719,0.6994750512781973,1.0695050004023923,1.3190178788694116,1.0457996022232017,0.895436960734127,0.897310202911342,1.2535673799307396,1.4188265749527584,1.4536692401481055,1.2782803359502903,1.3421592531464785,1.6553322623078213,1.6613147213555859,1.5069050698259137,1.6950610730507485,1.6997484465409887,1.8324588154950927,1.3933950149927643,1.6146604988495188,1.8049285773692443,1.8233024156465323,2.2998714543721306,1.7455496059102469,2.0468113755976525,2.1612833129351756,2.4751760219892773,2.1825535504548554,2.0239100151873117,2.378071240337352,2.320388354307518,2.4383380289934458,2.0206945465063093,2.166221066353561,2.562402834630152,2.412056361954118,2.5619212362354347,2.693593253715896,2.7128921249393763,2.540542488496932,2.6680597516987845,2.7157426462359453,2.8701484634008096,2.6570617573321655,2.6338819827829596,3.005537015522048,2.7295834112401067
1.1988260136824405,1.198627149138538,0.948630084881815,1.0171894416560967,0.48579342403287384,0.8916004175984042,0.35652664935887124,0.3226858097387506,0.4504899770957316,0.551150709642771,0.46988726036078,0.6241065002871178,0.3498304329840938,0.26658142984809885,0.36664105122924795,0.5657049314151692,0.6310847650860065,0.15967411793030806,0.0,0.4931726106637946,0.5171029081709797,0.36322140611188125,0.4589695553416231,0.14806206793941712,0.32130923940760425,0.4512389147162388,0.7968204852894125,0.5193645789926915,0.8108261253871945,0.9633588082537479,0.4289799759446016,0.17825957706993023,0.86886862788446,0.8154452214976526,0.5381131082221984,0.7681631826017306,0.7939102283403336,0.8889930936651584,0.7721432359631368,0.9734382371756247,1.1625648671739022,0.982572017914471,0.9265916322690853,1.2018736320867731,1.587789353800666,1.240251832319883,1.3623531885794726,1.4165586144773599,1.8249612385112215,1.4588952623999258,1.2387573662700806,1.6515954044138486,1.4883944409364815,1.6220938836174952,1.6964530305395673,1.8823930995371612,1.5568627285547993,1.7469241597144762,1.360626090743235,1.969981926153963,2.1776281885813127,2.1968661629501796,2.2944511353703376,1.8670768015084036,2.2711013005634655,2.0832217267653306,2.55644980313836,2.6870423052506176,2.349171047104999,2.768874587385543,2.6362924023269656,2.7224204160632794,2.820887274662102,2.667972602478553,2.6772943411338623,2.663007885863859,2.8329473731689703,2.9272808954555636,2.657650463420083,2.9669892545628755,2.932665495346644,2.6512658699554237,3.012075072829006,2.6591740069656034,3.194631605302604,3.06910792222714,3.0565997307385366,3.350512358723016,3.0241731144331645,3.0788336317386147,3.0785045138928844,3.2153433217973912,3.158687451062743,3.034502967222899,3.2826598867915315,3.0164717183518484,3.150923811068669,3.480255854305618,3.8839632590655775,3.461638202217504
5.30432914947923,4.531482689868195,3.9288060523493016,3.1188423171019792,3.1341337965073244,2.8180718574531767,2.520877326906472,2.0877001248681726,2.288475689896652,1.8631792282317132,1.6977623114495675,1.8183531541624767,1.6479454787942274,1.3249081006820376,1.5300939924668153,1.4795175874211708,1.1900825443796155,1.2822209763683041,1.2201164091531833,0.6896826646386867,1.101085660928593,1.0366189933497445,0.6512262136658951,0.562620826029308,0.5425560694950846,0.5416763676191163,0.6194097045782527,0.6277083068252356,0.19394251833332987,0.519847911625364,0.4485718700812562,0.44292211031550544,0.3240500241417159,0.2370761728086812,0.0,0.43107156002822045,0.06264017617857753,0.44326091933307943,0.43952470305933744,0.37823874841266303,0.42226914863229936,0.26346894538310295,0.5251290936021551,0.2609998041076338,0.4968711516292874,0.6164049991657041,0.723468095131766,0.17169867872792643,0.6326900869805847,0.5693268556724593,0.5156024435669124,0.7867556571430381,1.0189156146830118,0.6726109775782056,0.9363761865023807,0.8325593144669288,1.0264568353302437,1.0627196282865476,0.8368059104840118,0.8306136206178358,0.7561048103945982,1.1894556778267873,0.9754300130924385,1.2014711963109281,1.0924942944557525,1.232335923859127,1.5678416993528383,1.505948579284075,1.5952712354301166,1.8597286040564587,1.7230510177853855,1.4686643536389585,1.628994024233478,1.8453825361391747,1.7427667387707366,1.6408978905567668,2.1763615329140684,2.0735700475073973,2.179739859058115,2.167742488753193,2.261987856840742,2.254367053911949,2.342359802157919,2.431733375929859,2.1199160796506007,2.55234711870515,2.578993718678287,2.491577169701891,2.6302022090606556,2.471902797291129,2.5548149618850964,2.837517997650174,2.265556640738314,2.892770686826541,2.6427098721964413,2.887728821367592,3.03566108312803,3.009023529472625,3.2317314356654983,3.089258566048972
1.684596351442778,1.3503337105745956,1.2365759907219758,1.2695999806428375,1.2781936647368415,1.024448830170364,0.6752507105842227,0.9851280004882774,0.6925154750652975,0.5266754549286077,0.8637914547628505,0.47920003316101933,0.7726162226738591,0.595886786883236,0.161263713848939,0.572520272733593,0.4400198911794799,0.5137734398816622,0.2527232558579904,0.6417650832581732,0.6224656375343915,0.1513254836049054,0.3336051957609971,0.22012379002659088,0.18654137629065914,0.385859475442734,0.0,0.3182900774222013,0.38837845048274033,0.2998433660371127,0.18614285384945894,0.11367022732682486,0.3896516780091428,0.676938410126489,0.2435690893871385,0.32105343475874903,0.6323132292491138,0.1717307072412968,0.12838310919143758,0.566940217946021,0.8666428525738752,0.6369964812542044,0.7291761519815019,0.4908576901286654,0.6694709136844033,0.882303309313885,0.48632482930616483,0.8036637404312916,0.4376185809612583,0.6909436239313997,1.0774482606086622,0.9077693557650015,0.8995316076256916,0.8814274751441094,0.8378138412984963,0.8552355072122513,1.025691515135339,1.1835941994096402,1.2570029368878615,1.4919080618437803,0.8417360880369493,1.4686819140620067,1.4281577446067644,1.3046463546051594,1.549818521990428,1.409422366688288,1.5151216838271893,1.6749666927012044,1.6824578234536602,1.37020220214567,1.5590434265342275,1.552632424717629,1.6795349917304172,1.2595691837590461,2.146052990869009,1.9800045283249332,1.9826847151798646,1.9906724814515222,2.16440935499309,2.3002300342802364,1.7681940200353061,2.1234909725628057,2.0079483821894506,2.156192959577549,2.3550538557748766,1.9968780805926905,2.5946997410578767,2.4582840869859695,2.3603728418370586,2.664545987326413,2.476757690255571,2.9586549621933678,2.7348599199884127,2.7126451163811005,2.400292592054196,2.5069140909880048,2.6467761779378343,2.8618493945560175,2.7414652776989996,2.679239192438448
1.6776350168447873,1.862598249447597,1.5654091135463872,1.666640826361112,1.6287474976296767,1.474270831562933,1.2690114295972936,1.0768881649511926,0.9228983135641116,0.834684951114335,0.9751037245911913,0.6233075796734475,0.5824961669953197,0.16546551031710877,0.5093485893429186,0.4648681177948468,0.20742954439217165,0.26417224384103477,0.5438632079381733,0.2123987666778966,0.2813117037570656,0.047889060907801095,0.01767100666257093,0.26571677479251044,0.17550739014579975,0.10408604352441309,0.07241947984616637,0.28061018293394824,0.46855789962671857,0.2282425794463805,0.21607015889034997,0.25643345872926027,0.04871887641779793,0.3187113922228022,0.06837682989345772,0.5690113425742549,0.6861723508372961,0.22552749906419223,0.02009256870238829,0.0,0.699618481992232,0.28261868684237434,0.2662633290360432,0.3374966045479635,0.29820706331584823,0.5752394330148576,0.37570147137096477,0.2951744416516071,0.8084193082481619,0.8326336209541196,0.5507023060486276,0.5323707804853282,0.7994153245953157,1.2063788716818067,0.9280224166130946,0.8082974139800179,0.8244212680607603,1.0374757268936587,0.8598327040303033,1.1170248740192967,1.2210642584255282,1.052621996027737,1.1127178410791014,1.341125704423284,1.6057110258719494,1.2536880872611782,1.3762961018959974,1.598568273134049,1.6091812289764622,1.3729005807059096,1.6352329788803495,1.5261410274812572,1.6621162208847107,2.0267080408353593,1.7704626401747419,1.9767814291264223,1.8264869582813041,2.3256215541809446,1.9592164971917327,1.9816791792452797,2.2603706725556307,1.8281129682389086,2.052916019419616,2.48065927204528,2.1503049689728755,2.592001969587514,2.295856327127705,2.202526611318998,2.687353648507436,2.557094205084468,2.451009416727114,2.709652105222318,2.589475819756533,2.880010586367913,2.3992517688564057,2.45955063047251,2.6136186475105134,2.684311794371414,2.6583840579185853,2.7164098560743675
2.4952512982865116,1.7854028253793626,2.050396218735168,1.954920853898722,1.720009805047857,1.3965343620186825,1.4694998763522573,1.4478051458942467,1.2225560687774593,0.9106708410560103,1.0585522186441292,0.7747402151114375,0.8193933509702429,0.654368738744175,0.8411684189355846,0.6801211426856426,0.8773924830488387,0.52385337310659,0.7454885739902419,0.5200289864512815,0.5682268128136112,0.1356266264257826,0.18130886648661715,0.2852883951757974,0.3082375529575909,0.5712504718434293,0.13929007414659544,0.44748322713241606,0.2804986443100468,0.38803970037622726,0.7328687333217303,0.08740310092802694,0.5768318982578933,0.6509554166345772,0.7603113235882635,0.0,0.7102353587969894,0.3986531158326123,0.4479148197495615,0.5605729712182015,0.4016489891365662,0.4019713452994189,0.4842432796230014,0.43800463165053927,0.4910260874840624,0.7323464919513913,0.7916092074844947,0.7879392341942619,0.3907476929925462,0.8278308184866354,0.9685172798116781,0.6386142599349913,0.9812837310803957,0.7399483303494758,0.4343359042458328,0.9963474848943026,1.1674509717975265,0.7414873556084292,1.0090726623654227,1.3935193819236886,0.6393065877787016,0.8979510536955164,1.099632928013417,1.6750683608070105,1.1830839534674435,1.5708074437914252,1.328827630646682,1.6382074563485176,1.5115948476888548,1.7699970896634873,1.645730290676461,1.7921182532428812,1.6602248053620752,1.8728628445543585,1.9696152381622731,1.9943266166681948,1.900615352433345,2.057992882312824,2.4074864474874644,2.0005825801712476,2.0833856788334337,2.3673291945889403,2.137774418944078,1.9263318840398327,2.371226363485052,2.2599651933190046,1.8971062042255404,2.2693592996937877,2.4561363880235536,2.380133071708956,2.199231030827262,2.660685735269478,2.7306429424660763,2.438190567004712,2.7005724379422507,2.824275867690268,2.319226358846498,3.032628173306435,3.000480883133008,2.4349793088536735
0.5381873948561058,0.724262675713117,0.6527312885712249,0.7322834126573898,0.36606119882602783,0.8084188486601285,0.5485149363231994,0.38698096304377927,0.3592709061051771,0.4892073130237886,0.14411992100771975,0.5483160609968305,0.14325575727694861,0.31934958163787286,0.42390305316228094,0.4479631802955648,0.22562785636014304,0.0,0.40035712399473944,0.23446964704009332,0.19856376483467741,0.28622095636160516,0.11338615985440903,0.439977549939087,0.44747955490425184,0.4647178868373292,0.37060029369088987,0.4746668583740714,0.2674190792878086,0.4642599917871646,0.6619153446591977,0.43844242730195226,0.6552605534811651,0.7422125882714123,0.9352828484601616,0.9299941058786079,0.7760259678177448,0.6283142307162173,0.5503651348020284,0.7596364465342482,0.7086000482314869,1.3566818959815645,0.6821089267392164,0.8165410679664848,0.6115841624682545,1.0640456910798335,0.653217513604238,0.9269111695125059,1.3650017023842125,1.1838434488896148,0.876665544432063,1.3678920498961453,1.4472870728355929,1.730834672659153,1.3231208370498848,1.364121007271775,1.5519250443772012,1.6261998685025922,1.6561732425307927,1.7008233642163155,1.8277543203025903,1.720718381732576,1.8780883235227872,1.878678569256758,1.8651040581186766,2.2308049283481584,2.025306133327831,1.80244966604047,2.294069908879729,2.080778582936123,2.3152883719604436,2.1970341765751353,2.3601040522415158,2.523532748609762,2.1320035867993887,2.435374792397548,2.8102684599788983,2.183805960564447,2.4432991800002046,2.5917930590843543,2.534881496495073,2.8121300057663756,2.515194410306515,2.5085067377921586,2.805302960754263,2.5596533347746853,2.920816836860082,2.8300975300752054,3.043882318422158,2.900794350370875,2.845416215705045,2.7877508194408787,3.215943019699166,3.1579382724896004,2.709287351991664,2.972127086948637,3.4794113927050976,3.263335361046897,3.1602578339842484,2.950117380490129
0.8658810021301466,0.9401064664433392,0.8244631362071857,0.9677314048300101,0.9170650724592146,0.8202477671965109,0.5918542588046343,0.42731396763913665,0.45071385781759865,0.2215867496044872,0.0,0.24225991438640193,0.24093195257504085,0.4036712872525303,0.5978602521830094,0.11801614651126435,0.05550223565911594,0.07057245399050771,0.09605045530646095,0.4449496693943882,0.26827342320463465,0.11527298272399733,0.41929351923242564,0.4800578086070235,0.01573598883710403,0.6694581017353816,0.30835373336362615,0.21489079001806566,0.30114991015520864,0.5592316753649627,0.6445857441430807,0.535887316953378,0.24549724814288965,0.7798181513621518,0.6057435442934853,0.9290551693532532,0.8459478857340592,0.6041527548435841,0.9796159118441299,0.7047417311294986,0.6544418172519482,0.8702106026051943,1.152424620924588,1.0808510227557093,0.5593102275643833,1.352106944963463,1.278674928057704,1.2619476779315004,1.466533727322565,1.315629641370876,1.57030241670671,1.413880631413548,1.6275580304381236,1.7145985717025454,1.4556058034471917,2.1165410954221873,1.568328239970631,1.8136818801823953,1.5350689272803457,1.727095477887298,2.21855881554629,2.0325648484421244,1.8929988498318,2.0541724324452417,2.630674850373838,2.2565817672489406,2.4871608065736357,1.9101945488278762,2.169813731935532,2.227048188095159,2.474104327227563,2.5235908214523786,2.351603796583264,2.586652617035911,2.7776800500892396,2.7902635654239933,2.5031229449189745,3.102420191583251,2.881864167482986,2.77017249627767,2.8757276633397115,2.7468881216350436,2.919238931433286,2.6472649037496545,3.066339116319879,3.3045323806250035,3.2278103098065483,2.715151122219618,3.1832477690083127,3.133810141230109,2.9977393676197774,3.3452004091711256,2.969987231431533,3.0439119509423893,3.351421108531545,3.007689501971198,3.4165354361269085,3.288647930126979,3.5579741513183425,2.996050354010743
0.41159506787910705,0.0,0.20344994505687328,0.15044002112869487,19.18865782084795,18.617923869516318,17.55753546644789,17.377086824773244,17.24944908518236,16.81333429099178,16.7590633338306,16.20771493412631,16.00804339202185,16.088256372546198,15.936993258727112,15.736951071600048,15.466524480228085,15.60725055912015,15.009149019948271,15.173452547755458,15.01557539794861,15.00580027218202,15.074347818331834,14.924763865542271,14.694403125825362,14.603259018216225,14.527088648188727,14.887545144049954,14.84590166974556,14.741986870843148,14.532061232783846,14.567332828293244,14.560569088985517,14.325090805600784,14.47002990367055,14.903209547263582,14.506040068111341,14.482131567624196,14.497229792898331,14.237603809078886,14.682726233278906,14.48160457743735,14.540242976816087,14.274669373010909,14.837216922926931,14.364791048586365,14.547432288504936,14.72799378757282,14.615849962123486,14.673989459172354,14.797690655752453,14.967560318841564,15.063830819161716,14.843567437833803,14.77198172244991,14.750720607303679,15.318990890082093,15.244110820342614,15.215039321671334,15.296336159731558,14.990736440608499,15.36686746425537,15.464739003078034,15.561078810077293,15.597045386439277,15.899807135098184,15.856152684530258,15.64657279628251,15.895037725961775,15.71583256821813,15.438769925950178,15.753447955439128,16.01206274316886,16.44062497294796,15.97942360132996,16.084485479391972,16.072894134638773,16.279459083332473,16.818397055174216,16.101615237087078,16.269193266174486,16.423759713435015,16.774900616582347,16.60573292746176,16.57340845677908,16.872776684533065,16.676378099422088,16.801477137958727,16.80794171007741,16.894105906918874,16.906714250106397,16.921406116942123,16.771310051583676,17.027281379764556,16.96833512404759,17.283605501408275,16.92999775559447,17.253675774248602,17.133199203843777,17.216590002156
2.892164289277755,2.5882099433317958,1.9794099508972813,2.2683787215104605,2.2777296693714604,1.7955819629256844,1.8801802202438846,1.698975844815985,1.5079324197298476,1.393616938085552,1.3511244575252963,1.5690723484211073,1.1265770545221052,0.8730569316394075,1.0318339740538711,0.798436688306591,0.8118694380788138,1.2172060176869763,1.1354791237769906,0.7577318144162,0.7296142540305208,0.7929307556331473,0.4697166252740832,0.7106570378881578,0.7438645901500713,0.6116893265905645,0.42182696525879493,0.4038803571827323,0.8459023509175072,0.5174603146087602,0.751444232126353,0.6017695058919053,0.7604708801387474,0.6870689012571525,0.42111306039425145,0.3715939769844656,0.0,0.6933611342229806,0.6805147150294193,0.2815222239813373,0.5594523676734244,0.9018634752039922,0.8562146666005681,0.66868669124697,0.45536591897803724,0.6713855218875207,0.8166952182621561,0.6388032141618538,0.4669150062240739,0.7713629444258583,0.9916682510127455,0.9860726402764275,0.6862867820364613,1.1977424771841783,1.2890517121430758,1.3637267920793352,1.2287083801374585,1.2221761274323004,1.325510103245744,1.022926215766434,1.1438674811431344,1.3671782371374626,1.545732580034331,1.3191419746222923,1.6533977779078768,0.9510460051977123,1.6146276526815342,1.448107175892165,1.7787450929292703,2.034954172254519,1.63221412689367,2.0735495837054945,1.5529774291203697,2.1453950299894107,2.135827144370243,2.051338767175503,2.3871658138303236,2.2333153349166324,2.3211566739897638,2.648102054745582,2.276173302550294,2.192162157341963,2.428397307179054,2.5139564440280804,2.689011625203655,2.590160279885774,2.6909412468006515,2.994367218535217,2.6969464073161973,2.7518869436416225,2.9304874724960754,2.5239155938700506,2.854322609981608,2.729953869505586,2.906122970176746,2.5983033535186895,3.10854183378947,2.846490237501385,2.9480495011506953,2.9088890477502147
1.207435601451584,1.011316397023199,1.42606153578053,1.0592654985999808,0.5960737733799792,0.6284276777168376,0.9443518726228017,0.7470187266867434,0.5515698955415616,0.632721344290351,0.4598410382719713,0.8360054746146002,0.2615313055780568,0.2884587802399228,0.6338936323666964,0.4602120679159363,0.0,0.6432942693817694,0.4004207531422761,0.40979811599999216,0.4221006862681129,0.04365488005361584,0.7143703700540218,0.5054784211342849,0.2773854367350115,0.109542644755523,0.571667055910412,0.4549330909159668,0.4419764536928561,0.7519963132327572,0.3842063855226936,0.5214147729598597,0.6057232040407676,0.5373030723024854,0.38019209477196547,0.49803936506060076,0.48951728782399684,0.6678224001152717,0.3390139206849163,0.6833836983111592,1.0052607362331258,0.6961136750871422,0.7163977811007562,0.7807423498157497,1.2834707068773845,0.9533168886600656,1.1952114967761887,1.4736772164838303,1.1220668328339283,1.2258221341147397,1.1885067071385897,1.6481711076679577,1.4110389835756028,1.1424428475166426,1.1570372933172965,1.9521679112324613,1.6845910246134412,1.6089572645792405,1.7236205055793157,2.009735319395997,1.6369187649765937,2.2266669826460532,2.2966754570657653,1.9629009041823746,2.0182966281912247,2.202498784859751,2.0716687759709647,1.9720149524836792,2.1283627575968733,2.294978789031598,2.4196768551094934,2.1775453473461237,2.5059798023453617,2.4171715822667057,2.5931519199062265,2.1907899488503357,2.843143968320579,2.6067483023885316,2.7107985861097177,2.441012482456971,2.854188654092926,2.5121825222186587,2.70780332768971,2.479627964497533,2.844849706724535,2.779041777710429,2.554179822339954,2.9677061525325428,3.1738445900841583,2.6577656790751227,2.9027380943667183,3.115857673434583,2.9714101274580216,3.086125118793447,3.088309822941362,2.730024814816023,2.8722149389560236,3.0140187043774134,3.0677432932236144,3.1914747805674786
2.175327512167147,1.8052293198527796,1.584915737874498,1.5784786423016204,1.287067822018372,1.396645942351503,1.2843100120239974,1.0782485578200536,1.0543396104253038,0.6709177461858093,0.7713427977725118,0.5236527096457149,0.7920220627196812,0.43256372037517643,0.22081248202424852,0.712322456425925,0.577694378408026,0.6413635238656816,0.2972186371764529,0.718191082361793,0.4409720976777365,0.6271743568491317,0.5728601909296369,0.0,0.5726967237346425,0.4862919301022117,0.799910845079296,0.1171326996494706,0.7020515895422026,0.9323803123087977,0.4944870430704391,0.6169179280778785,0.4739796433419663,0.5671375804921421,0.34284577733470734,0.4976790947211711,0.7911149993242415,0.15298525903650706,0.667702879374966,0.8669938462538234,1.06300541520093,1.1448918750609423,0.7787060647287358,0.9739250646224438,0.4239087228761047,1.1770532221617866,1.1445727189267192,0.9667666381251987,0.9768582504219907,1.1445208131693718,1.4602665432446287,1.5735098367426748,1.1041699086529917,1.2819273358623224,1.2167424336158614,1.7441035744808175,1.339651112274007,1.404333692650292,1.371967151325805,1.7660847189937936,1.9256219129114385,2.081621704452381,2.3679063164097798,1.8268606175824527,1.9956962213016531,1.4380872453424765,1.966280223960819,2.311011234251705,2.1555323948575396,2.3881951756068354,2.3436093886636105,2.3615461429188223,2.6748179543173656,2.5079990319608942,2.893592722865524,2.3696367510183034,2.817075895847317,2.5547629273472,2.637155302949841,2.5871923528989225,2.4723676737020437,2.4960220967035696,2.7700353423043698,2.6475514731348344,3.090506147895251,2.9207220122205904,2.737042729264328,2.9143559512725687,2.7977266487426604,3.230461030466582,2.858353981126534,3.2677021431627225,2.9940139602378224,2.9754673519953094,2.8941135515512144,3.0216505288205084,3.0632900333733453,3.2983758107655134,3.254598481819386,3.362094636989031
4.102534931083365,3.7921164773156875,3.4549871720005605,2.840379047572153,2.256896804560345,2.1239513318038057,2.2595644256545704,1.8812440562887929,1.904098194081687,1.7121440348533774,1.7248342729763593,1.3862454512967908,1.397843158194096,1.3612751069422515,0.9887869114748735,0.72413012736952,1.126519348698526,1.1032980859347532,0.6128290579120019,0.6497563308331262,0.6858104626750876,0.8074442351369147,0.4430772684433073,0.6947527644546003,0.7590207729488334,0.5215826987250178,0.3944613908976855,0.35726720549526547,0.09382915245202739,0.6315520933725285,0.0,0.3261937250811471,0.000344295146749829,0.28674937608593787,0.4908391530311924,0.19900837455699794,0.49759556114094394,0.2002488572996679,0.18516314589407656,0.29466420354160405,0.6497362827197666,0.31800148436285625,0.5390635252996621,0.6498065068489556,0.5365465980338708,0.604353090926228,0.6534978991162088,0.5339374331505518,0.707166664418672,1.0320344168065247,0.5085330668831585,0.7755238829434514,0.9340313379868181,0.8573904456855992,0.4824201224685396,0.5738654834812955,0.7034977475481128,0.6549780552957625,1.2705073509423421,1.0595678435766267,1.2993522301278198,0.6942193302014399,1.101018527788419,1.2888116861269339,1.017680221014949,1.2512693327517361,1.581361938177281,1.2090881535989269,1.5902407239396616,1.6662813514802188,1.5194642572056374,1.2420126359333672,1.6014112062298231,1.6612598006727168,2.1814111278561796,1.9322097828801041,2.039046388079438,1.722095804042766,2.0374662203054292,2.098463434800834,2.2850266158465544,2.58623154534785,2.1902890171195963,2.2357971671975356,2.5198828800218713,2.225069372658176,2.7328192034389005,2.4077722489106073,2.7035506260518005,2.548173858049175,2.7288351094642316,2.747549054166427,2.4593460418733564,3.139029661213776,2.889891194366463,3.4254830063477364,2.5372358929903456,2.707271984075092,2.8757272864712284,3.312365193390626
1.3301935710470314,1.7401627370526036,1.1557621942371537,1.0696900283017161,1.089648849835358,0.9407652601875611,0.8207096569250307,0.9066152672135726,1.085416191239693,1.2512363566646325,0.8913500832448644,0.6935610683926576,0.6435395548035832,0.6226036079228976,0.426894026949002,0.3727452618152416,0.571140795517664,0.5903777830970185,0.28977956540959404,0.32178494394408297,0.3289304483793618,0.48560358002731263,0.0,0.43057772635321,0.5341823007142263,0.5913376540216078,0.41307305313290854,0.25089833222240365,0.12728987724631757,0.798638707997215,0.5529188393965256,0.4206021022405828,0.3948535815073324,0.49899902947209895,0.4058528779973152,0.718603112223402,0.31180605863094435,0.6017342247592765,0.7350611142826988,1.0802720746419183,0.9026841564797898,0.6256205496573664,0.40255462901927075,0.9178627405186788,0.8735525071025645,0.9242751386170287,1.2049500902730212,0.910478729168009,1.0367919432299058,1.3128392963828492,1.3832456899714138,1.182204806566336,1.7426539465436868,1.58969950379797,1.394968067236098,1.6177579477803938,1.8696654471805925,1.5941807791080436,1.8477592965810121,1.543452741996962,1.5421367273238342,1.6715807601253392,1.8757167533598302,1.8488852080839067,1.7699109058014937,1.9376368538090922,2.1936476076049303,2.516834329922087,2.049583986907491,2.396962418171263,2.2899760130548685,2.148639562635534,2.563806254333649,2.588101773852234,2.6926754242811235,2.5714461610517105,2.567830800871814,2.6332340955484455,2.5713843814682633,2.4339016320496647,3.0690856559571493,2.6578189096670854,2.641896482643169,2.7514080581321423,2.7226418186517307,2.796690140521786,2.906837406516768,2.9649238364179737,2.932073006763364,3.0171026165671115,3.019165714905114,3.1692721677826547,3.3301137931559595,2.9384821471444234,3.3841700789144653,3.334374787248386,3.099161014091731,3.449501992943162,3.292658591668303,3.4558016498840303
2.2595259611466556,2.643961557901081,2.231069452287249,1.6978193078781292,1.6586680104184026,1.5753364827787077,1.5442370016049214,1.36696109297956,1.0303358184493838,0.6899992527811936,1.4284017669450186,0.8952101941908932,0.6280034349676438,0.8066084933674507,0.8252290630122161,0.3707623337818333,0.4666406954371993,0.2869935692916705,0.24340032534613343,0.424470108525389,0.0,0.2897329626817111,0.3711161979149633,0.20737911499266026,0.1616090884006951,0.09135576887849695,0.28630460062504604,0.08994720915978682,0.17856476119468034,0.5225853028377223,0.18232622834219114,0.05439951847014157,0.2558185966821469,0.02024876031820888,0.26620170069400473,0.3092493449429341,0.23456111296390425,0.2407134153719852,0.23288648333606332,0.18664230884813549,0.34142666156618695,0.21748248015979144,0.7836555164770989,0.4376741748320434,0.647195038128249,0.04640705289393843,0.4703618909616214,0.4622989299595659,0.302895505476954,0.33313361600772495,0.5610368219624906,0.4306489029364009,0.654529704752866,0.8315653119683866,0.7284820663828846,0.8724021595029701,1.3188315960389971,0.898656789054245,1.003968480307723,1.0857061706967954,1.0828390953598444,1.3773285608413737,1.1607799555972722,1.3170352345081664,1.0780278043793654,1.3764237865239881,1.5614198351521829,1.3952504783734554,1.7374006999061464,1.7371331105042405,1.3565301635319909,1.82570673223894,1.8089099273645708,1.8588575257850195,1.4950629405936002,1.8598033597633066,1.7704904385088565,1.8744490327439394,2.1243460258474283,2.3774954231487087,2.058009881065896,1.9521522096715334,2.1519838830214333,2.2209244828490373,2.4553498619466456,2.689280757100054,2.298306119532633,2.4084794392156734,2.5395479392597764,2.0386455294802897,2.4734457177173343,2.177669009758736,2.2298078720344403,2.5019982651172743,2.8789091612769937,2.535216302674808,2.4067553938014576,2.482711318018543,2.368306877354115,3.19219471760994
0.9113150729632782,1.0132988029577312,1.2774470111932459,0.7425109555760123,1.011090664791304,1.2342383764335292,0.8464870882856115,0.8484048463710749,0.8117802945942216,0.8857981864596027,0.232316071046613,0.44266530179867836,0.4495481957733709,0.5161367306625468,0.6806862998777792,0.0,0.27204193080954653,0.19092137916740803,0.30441119122521165,0.42925772506565885,0.2630792570587914,0.5057069935315681,0.26641012255510965,0.8171757315198729,0.4836972972586526,0.41981235054430854,0.7377384028030658,0.1713467464507854,0.6743669342429559,0.5517306982913848,0.49131783737207435,0.4977686749498975,0.8674410927372094,0.5794259363182199,0.5440652500526024,0.7692157709405176,0.9348445901161444,0.9128210386503639,0.9056896561550669,0.6386123529188161,1.3026122527189568,1.2463045703381823,1.2628154818162454,1.1542752653492414,0.9207957710375112,1.4280191623945004,1.382034914641821,1.1948548591614507,1.2736214446908427,1.3250672097096121,1.5171410935142635,1.1965223189815841,1.5020270601538517,1.472243127453913,1.9791878799857106,1.9953471668289833,1.4477907789956337,1.7510320565026927,1.7980996265750075,2.1095379865966226,1.9934021286007297,1.9961878648785838,2.0470507753381124,2.204953233086508,2.0714820361798143,2.314226477107839,2.5212455378888965,2.4808611953275648,2.8280908202536867,2.57419915949197,2.653249058660167,2.0165175441925403,2.375298947681843,2.218221917775546,2.613809637570908,2.648702493468571,2.564740669945474,2.831177317381135,2.7992910976493324,2.9347151905685447,2.814812113996142,3.0903151787970184,3.00273415238979,2.682663425431633,3.1800825461332796,3.081462925779592,2.903788488852248,3.1863682468025853,3.254588279915877,2.9576204036186144,2.93980771548439,3.5060314368854133,3.176081376342923,3.057965215412116,3.1554153554233917,3.3477084109908457,3.3659205087834305,3.5031374908246473,3.601973240507279,3.3155799242174364
0.23916284635028423,0.5787758886996012,0.3564139469444928,0.0,20.60184359828646,19.683555633013516,18.614646403566056,18.499814653738365,17.87580845775694,17.46030352873511,17.375794955635104,17.114748210795774,16.922008918855834,17.027688748461827,16.605187484406354,16.638223966057826,16.40345787829392,16.72103690457986,16.480704749660056,16.149407668100363,15.806102119423711,15.952858644736011,15.787891567292245,15.760069271786518,15.591001401705864,15.527163181322873,15.560934691780878,15.388121265937754,15.835796379156392,15.184301865376938,15.409190071074027,15.020443368038526,15.369834179148176,15.07359254363852,15.525972887423466,15.52504373822798,15.404572216670603,15.179990095606277,15.281047069883684,15.439458501641138,15.364254114851295,15.399073452980394,15.519836586869253,15.525922762694051,15.439116502852986,15.265907527163584,15.293777875661778,15.299158648219336,15.246956386758152,15.730889560278039,15.229251442087753,15.68482095915035,15.748301225465296,15.32877716681005,15.865578855523708,15.79528916979203,16.032290220714952,15.381201009302758,15.818437175151743,15.718535384209813,15.995750409241731,16.080969824660166,15.92447833409424,16.303395557531015,16.21225106223274,16.2796757480417,16.234770397025933,16.283928380623475,16.33640976377319,16.552192094485562,16.274251178514564,16.67306029816231,16.682343777346812,16.83698106711602,16.783363689135307,16.494487776451393,17.154434322185917,17.198949112254006,16.992514349294908,16.875988000096932,16.910619948942784,16.97729648838063,17.267455914322937,17.394518325773237,17.272411532428674,16.96651145916328,17.879448880784278,17.612943795781415,17.288272134613067,17.41511091176709,17.684195733183845,17.430916551629636,17.65199702260356,17.83484674477856,17.86364546132023,17.55403668408756,17.6052323276326,17.434485920855924,17.942715812668705,17.80786543238323
3.3845866642303584,3.151023779292739,2.9777998684636398,2.3001338569316996,2.362703813716971,1.856054585072025,2.077386459995507,1.8696203468345658,2.114489875565214,1.6512810486673963,1.9560155458915425,1.3891544131277787,1.9500930761992041,1.376025152946573,1.25794989266881,1.2560761173481083,0.8859251912721913,1.2233945649104445,0.9924426551176904,0.814842113638715,0.7871031415861776,1.0668819555286913,0.9455003903712846,0.5171325845352897,0.7486967741816599,0.7189190979210931,0.5317663549172451,0.48715313284895956,0.23515323403049138,0.8378042232812586,0.8359645640768072,0.45805338463395806,0.4627769900672547,0.4556656986006029,0.6796401469963556,0.0,0.4884236477171413,0.4968594936346804,0.904192868548936,0.9831765002561355,0.9533479002874898,0.7880365382250787,0.7601621064629427,0.6862929023074766,0.9221322554804772,0.6974025331455014,0.9842358659635213,0.9389264329836866,0.7460268522252473,0.7372340070768466,0.7537690195537277,0.7842597671910916,1.0679000704285642,1.054709330249171,1.0988093819397537,1.275447246805129,1.1717494062735376,1.3310850647252472,1.472590126456117,1.3388303013513774,1.5655890389057205,1.4221788757738096,1.7008003343901343,1.489748044239997,1.389202095262318,1.8190412018094548,1.3218190550154798,1.269171557678396,1.6953124745714643,2.0343730729459626,1.8715596485083879,1.8445426238573468,1.8462204426246949,1.7439439182512633,2.342955557404517,1.8414457747422563,2.1884757669163495,2.1590762791736253,2.253696175137259,1.962031628688262,2.3092210209572936,2.369134154015793,2.160645699873207,1.9438525155542639,2.3235952907981154,2.6977624939769793,2.8237525224415894,2.3847873227862593,2.6064412919123523,2.4459090146828295,2.7776051176076244,2.4269430954543196,2.5806292622200253,2.4942490943312947,2.980705641134053,2.990613477075085,2.710094154750621,3.0728035599489587,2.8760066969270888,3.09559192947307
1.9177106277165166,1.9174257329083808,1.4937740978661402,1.6193997515693646,1.4050096930643594,1.4126681343967267,1.065878384841394,0.9417018905339045,1.2428144865366644,1.0166332960239206,0.867960363874678,0.8089732392548559,0.32850459699889356,0.4658290576299784,0.854747491365826,0.5038141489796857,0.5982239681468489,0.17299310883417007,0.24937056786473732,0.4069492201457159,0.2578284969352804,0.13001807390470788,0.0,0.3129599165744672,0.678557672018572,0.29711336764620633,0.3287719739689656,0.17639426007107595,0.09950589376367347,0.2106605831365389,0.32831740589107383,0.39673168366187994,0.5623731028150427,0.538253287904336,0.7943860538435743,0.7635987337172896,0.14199543165723405,0.7641345619512592,0.3175591636063153,0.30811025821070714,0.5217081940268091,0.6238266075812895,0.7195371947442943,0.7578037153951129,0.3755009930733575,0.31610832908613773,0.5772891127061914,1.058809855600634,1.0411402637300977,1.1302940950503615,0.7177235064935736,0.9287965081647229,0.826247066077821,1.0060423505248313,0.9511145071484517,1.1462266820233946,0.8569363870400935,1.1053054479977398,1.2961239947189895,0.9419098521651836,1.0931531748956402,1.16494240695752,1.696336465777005,1.6658177985793223,0.9784908361442426,1.3954698688243319,1.579674781134516,1.6239052125485713,1.937109380684383,2.2153279223939606,2.1743617374458246,1.776077821871274,1.6752297399101277,1.964673163814938,2.328037822411975,2.02478708254929,1.9905310397091398,2.306260315739472,2.2523567520374677,2.2391008360256173,2.5369363446530677,2.255651966591028,2.4173432070285195,2.174441780883754,2.5760726846941893,2.5293393786079257,2.1565713764412635,2.2885611624689126,2.538437830176246,2.6976861911942116,2.6288081990833128,3.010549379399194,2.4651044195783314,2.450712807800464,2.5129814435338815,2.7402613564815574,2.4607608384894846,2.6781364843338054,3.1063001952163347,2.9283922985652318
1.2225916625719648,1.1746772372731122,1.0133176177729304,0.8570362099432494,1.0363740897302733,0.8221667637380321,0.6588150710543097,0.8700930105691995,0.716205378228139,0.4589158305630079,0.6894334912905649,0.8798459568557284,0.6528673771719511,0.37600085466505107,0.5786776031753966,0.644939761539014,0.4401846554435913,0.7833325693012583,0.7577357401056304,0.679763092401469,0.0,0.3244823580552296,0.32402698044334777,0.47234845257323244,0.40325766660961193,0.22685102329230133,0.48610929587865925,0.2476211869665672,0.3085701939909189,0.9172283694111094,0.7137855912438731,0.394426644321225,0.532191973697131,0.33523536982867164,0.80745023190617,0.14159476620860012,0.5909686563458862,0.6946975414564456,0.8066213791700321,0.8260825531243512,0.7143900762412017,0.6961144901499772,1.1408858070377015,0.9459835990746619,0.9073470923918237,0.962653135492932,1.2017904718453174,1.3277206104513049,1.119910504543295,1.2641625097149145,1.562722935802352,1.3282863492732666,1.502938187827855,1.3528725889823043,1.758728999438759,1.159274953138624,1.3937181516493524,1.1483866992320557,1.6738978381196752,1.8664815700743134,1.739966720943098,1.9135095130950965,2.1273958222375633,2.281601379027265,2.225309226157094,2.068962877898631,2.3214611771190334,2.227770607515751,2.1351788344282987,2.307172378602658,2.332688244331244,2.550898158718546,2.4844155678996493,2.60179902707322,2.544234323507716,2.9102783785881137,2.754221114346045,2.1522976359917614,2.905816204603749,2.2535147469553642,2.9764305535417783,2.6065612798887337,2.4859209761065664,3.021852582159358,2.9246284461784136,3.066726265848132,2.444591154147755,2.559410330756574,2.856325981676811,2.70962524090735,2.8809202859572203,3.3317761809513122,2.8776750467408156,3.0783234153680965,3.0268242539368444,2.882098435348208,2.9258771631164926,3.3117989325189043,3.34761555721677,3.465677736083798
4.328588009198674,4.365273973069796,3.524664904543025,3.0222389712138575,2.834249668482739,2.7516589441763184,2.3778112720937035,2.180859620446302,1.7799110060450278,1.8715214038157342,1.783757236248423,1.0838290134443849,1.4307478930721018,1.21846063351237,1.3167355520220525,0.8945840373571237,0.9295931891955167,0.6823279434798195,0.8584539106215736,0.6712261296021165,0.5297550239090913,0.7773038964380756,0.787555769851572,0.6172972614909238,0.3694786088590565,0.810696543955272,0.5189865441733374,0.39615005040584883,0.04708099024116841,0.12527095119126663,0.17278472442257176,0.31379137668736945,0.20977829601542197,0.25589002637074465,0.33979706414539557,0.4779271240019174,0.5280340086576238,0.21184136153448918,0.20679912287810787,0.5425501341799368,0.622642140793344,0.28976299130804684,0.0,0.41593264930027374,0.1705470371681539,0.26916099069251054,0.21482201100336162,0.37949616982375467,0.5514682231385013,0.6322328307508602,0.6153106208387094,0.8193440569520813,0.6961697755489826,0.4142609064389191,0.6294879325841638,0.6188079157647302,0.6254592333282201,0.8812708453713896,0.6788746034735542,1.1664283968850473,0.6723830301254985,1.0024099953492094,0.956519293446723,0.7040649636359646,1.0939684287131293,0.9051350326111613,1.2204400913220503,0.7940815908152263,0.9870929240903745,1.0262405223186821,1.0221369863279666,1.357928723896114,1.088839200008799,1.5957479445730485,1.107861871214638,1.358271250045373,1.1907275449885244,1.4901060929064283,1.4883610323710013,1.2234991160846906,1.7696624191030406,1.4600922333795658,2.0523996186853957,1.7351759816445576,1.6999508803641632,1.8828491262718483,2.047219568425243,1.7618457487834398,2.234154073336631,2.4350458960704646,2.075044962691761,2.4617730821180235,2.218943908417801,2.1517252422039554,2.57381285236343,2.684162616230255,2.3475362025091453,2.4198487046621455,2.1896837181503574,2.8682611117216563
3.15100164829504,2.577706261584961,2.4074700541534817,2.010393328732629,1.8819195273241647,1.478955467874517,1.695843725369734,1.4571961733063539,1.716320494581927,1.0840592578746424,1.4078272371464138,1.4941758014157447,0.685600695507997,0.8829565320987136,0.9389474301858503,0.6796026041647973,0.7259977067690766,0.9576632986701856,0.595719448690776,0.2919768712406743,0.8833690668265906,0.49316173553027554,0.6611433429673728,0.7391067538344647,0.7505093503075315,0.13555216632451916,0.17904536538249083,0.4352783708321706,0.12455473755426283,0.16626524118927577,0.4009116955686274,0.0,0.31010295972560087,0.8445813425555144,0.6511656978426501,0.5937396429540431,0.4519897035372473,0.4309954932206601,0.5026824995907404,0.6425488043224341,0.47825913636732764,0.8658580082993019,0.5212054698891055,1.0396918119197984,0.8643383933167446,0.8989129496562356,0.8169394875584146,0.9729605277005966,1.2025426560618424,0.8961399803548105,0.9988257758011478,1.1934405876471352,1.3569886634842128,1.175692485460715,1.421044507039026,1.224025510429863,1.4426035956144805,1.4548163499782412,1.7817296203299051,1.470020892344282,1.966951422742735,2.0687320434365315,1.6201528423041314,1.9734189988379978,2.25745832177544,1.9783097197475943,1.7760376677033403,1.991682565439369,2.108439840999644,2.4145575227956595,2.3955183354583287,2.2392589280070823,2.388091591111241,2.4618761611119844,2.405554123059378,2.5580323175216186,2.624216330249137,3.0609456961082877,2.6815424505824694,2.5826241616104966,2.8690492284383105,2.7681647442670894,2.960962483016683,3.051513601295948,2.97078133123609,2.932452600090219,2.703773998026435,3.117746866753201,3.3289811582825273,3.0776832618842427,2.8887467258267066,2.910699727696116,3.639450958130574,2.954892188150424,3.235925087999508,3.2197652098472496,2.8006424435147146,3.289855219617152,3.5439984218618186,3.4853472954716267
0.1818047440230659,0.0,18.846608454076883,17.315082040283222,16.85854666848807,15.894141357650184,16.016647773634947,15.737839110530915,15.5635542698505,15.342961749257887,15.159240981656312,15.281015668264889,14.913423221359846,14.783751568714631,14.519177326234944,14.103357062413687,14.228182696234883,14.11717709271735,13.677899128887008,13.992744956553876,13.739105296603025,13.629332802238823,13.793449355672825,13.83214600363804,13.778686969906653,13.41963120682699,13.54224792551588,13.440837485413978,13.65088805155346,13.633071605759918,13.453106765284092,13.661906475208633,13.503279641341926,13.394609135996818,13.098062283303237,13.274897604060161,13.563918458969255,13.766990490670326,13.392212081393005,13.14899956907752,13.406043447625068,13.659210561435307,13.753023509574803,13.638697997150889,13.514218642914361,13.714186325947166,13.503656158318954,13.640813312292304,13.82491218287357,13.899255522281173,13.832479423085987,14.139992071131783,13.651664963458648,13.997676741168863,13.936251170508019,14.158704300610953,14.157552287789025,14.15444811290998,14.346231351834327,14.01044652577219,14.342515258116476,14.171489195687188,14.302129152453169,14.470648689195093,14.732107591037579,14.865902381554841,14.48580512720071,14.559659252508082,14.66141183128976,14.434839459346907,14.940485310016706,14.930856113171128,15.084717752872066,15.11183815102422,15.158404764426354,15.499869903663507,15.367561375536392,15.510719279688377,15.038767807840317,15.603610736927754,15.841815908994715,15.510240895719337,15.31577513726636,15.928440734747051,16.04105452649991,15.867317790779095,15.582410591978617,15.945392879382974,15.940042877674928,15.625038368473229,15.943531671118999,16.13683382334561,16.157939626097054,16.197213645250716,16.13185346107188,16.262775640589446,16.495570916351312,16.121184504811897,15.954595968930962,15.900146267962658
3.537883107844724,3.0477265293372646,2.3859511056203324,2.1795319326331146,2.350944186654118,2.1863464529068786,1.796208459207115,1.9361638195411999,1.6364322847021278,0.6931660608902419,1.4294586134059841,1.161859225013604,1.1092410329358628,1.2561901272160831,0.7749081351338489,0.9696591175415001,0.6966356278127286,0.33905824485760405,0.35686569794512124,0.45075842651349696,0.7876245184813833,0.21982318647853383,0.7009902673254196,0.24368635665752159,0.34387348460746736,0.30722507016109724,0.1520125358867297,0.40175707663912874,0.10279817609092667,0.46256514796671944,0.31296006219670325,0.0,0.31223071779363565,0.5114042647206105,0.15436320010589633,0.13467894278259607,0.2995819715433008,0.20789247913417164,0.11656220021142616,0.404345663051199,0.5163918314013536,0.306130526796462,0.15024017234424747,0.2988192465716306,0.4218152384993452,0.36987578934408916,0.500942047565557,0.14243102398805263,0.5856256025468625,0.6795855492407803,0.604477019515059,0.5497052293005424,0.4181207971699852,0.893178036327626,0.8508523864903701,0.7575562440033075,0.8400343399037595,0.9807948172858509,1.0305260763103732,1.1497383496755447,0.9184384541345736,0.7434976163370202,1.2396785656941596,1.3012724275469942,0.9702342606200887,0.9028081163950183,1.328642567605705,0.9773018541737066,1.2876448997154384,1.403633641418022,1.546399748204479,1.7938577638368045,1.9087303050146822,1.7106428535630904,1.358645506620622,1.7212001754880717,2.192543918593689,2.4667501090280908,2.157781826680708,1.7288436831484617,2.1300245499467714,1.7976756592230885,2.093756337030996,2.384272017266124,1.9776029609900938,2.230133717666817,2.0807331484868214,2.3936603800386713,2.308232214342066,2.27842763265415,2.517903554480011,1.9742020594322227,2.616448197348131,2.3573488450975155,2.8441976410839658,2.6100769048640835,2.790003258531705,2.6951282607883584,2.791011066611052,2.5601786432566556
1.602790951532496,1.7702038418897068,1.0977289139836017,1.1439246029752361,1.0321817957809785,0.6724110688929787,0.7666388221339968,0.8390641367754146,0.835643280912679,0.6213251630361967,0.8543915420875887,0.7724669921098339,0.3997493438411741,0.5008365405245581,0.33118409194067944,0.4212551277483154,0.09440405808034669,0.21116475005498714,0.1442944285936658,0.2009024724194095,0.47115782624974933,0.28763638381281353,0.5689312838693912,0.0,0.04935658388844821,0.5980751175995564,0.09082764035296798,0.4386350146878275,0.2468040893864405,0.011396331401403614,0.3038194821408009,0.19933502474914988,0.2647271444388757,0.2670495566343636,0.03223794284253145,0.19460568903777897,0.34510100833396606,0.2246090359473012,0.5355799798392553,0.5917566662099905,0.5612482229043092,0.2976009267307109,0.05449534905065434,0.39697050821012425,0.18498676886070342,0.601881029855079,0.50454465087061,0.3528261270559341,0.6984664817954602,0.8830402136291422,1.0176314996868872,0.761021035123429,0.9717593111954024,0.3363577331083807,0.3730223729422786,0.6928015752134709,1.134298069915877,0.8528767429591362,0.5794335726896573,1.3233988034730668,1.1994424563658352,1.2359553381847697,1.0642858425984727,1.1884911466071646,1.3793798567918323,1.1567292851506519,1.5763975047794805,1.2776800444862424,1.5355488581602827,1.3926041100641537,1.346698308377185,1.782434377999408,1.5807992637004027,1.471293233073398,1.6977568572043111,1.9112455491182345,1.8189444505766996,1.9383434656155476,1.5990200416751907,1.8514977486898587,1.9390040537071922,2.219345506221641,2.1293208797422256,2.0718238739570207,2.065564718832812,2.4542868944976757,2.4442213959168324,2.252226454071085,2.4114328853038494,2.084455941815138,2.102588114414294,2.5450351135156453,2.5484687901731693,2.4543149419939123,2.532452705395327,2.528156610374648,2.753232545366272,2.2531460131762806,2.317546142816786,2.6513799009848267
3.2013340002760415,2.9960667072292466,2.943145207025747,2.419164603740688,2.4007062837031814,1.965266441324074,1.9547574234412401,1.9297558437854558,1.384564135636582,1.4333538292967294,1.4101776386475144,1.3810952663129648,0.9143331090446924,0.7416707338813868,1.4262811473417507,1.03987433737937,1.0693032419646968,0.6406878644090153,0.6783302621039464,0.6924199980245209,0.7974147191472234,0.4840619201276457,0.23757462119491812,0.7449367176054356,0.545835182086071,0.324313020776545,0.7935333373853979,0.37972675971436765,0.30210825644264183,0.6108837750056395,0.41908151224043877,0.0,0.5762899282916241,0.34601675292486966,0.2445907537591019,0.5336738721426624,0.3178392219713153,0.5099862379675244,0.4944922552162261,0.3731251228113983,0.26566698393558674,0.47281383509111485,0.5626027437766723,0.6177971674468044,0.38724236290855707,0.7587914893559411,0.2714933190279947,0.7476091913988938,0.1902886277231719,0.606480562042103,0.3861254374932255,0.8249462836281491,0.868149173389952,0.5235829149419491,0.8894093451410523,0.9398323467935548,0.790194877510352,0.9342581719291871,0.9326286776590589,1.0759713633767536,1.157994624486582,0.9842604160456361,1.078788528105882,1.2892157626339564,1.2326078951387487,1.5052334558957217,1.3108281926473975,1.2700050587930178,1.1418203952520045,1.5501468351279684,1.089271245721525,1.230780494162362,1.1262372863687595,1.602317300818914,1.8990160515379948,1.8565183265895193,1.4297432353441923,1.7791623429730095,1.948476945417715,2.071425837921055,1.8532023649244511,1.9456848057036016,2.0319266938114477,1.8183736116948275,2.040597495422224,2.5570987287305016,2.3516847813814277,2.160054071404595,2.208552946307176,2.349889696856513,2.4433938670871473,2.390972029806134,2.2184053625894578,2.4875168563348034,2.539208560128415,2.851967789640966,2.3533600145063946,2.684030160803921,2.796902825647848,2.4503344917276237
2.857480877692389,2.7692760980917264,2.681423964138755,2.2371724399083295,1.7362330653901772,1.6436959871971304,1.7271395357770434,1.8519142496561756,1.6958679839199835,1.2443667761007653,1.2390427817983696,1.2648941905992288,1.2469317394141122,0.7512601575571249,0.7417045798110617,0.8122900643538493,0.6408840240414797,1.0528116016803875,0.32948521931954566,1.0094027195959434,0.15223741300625093,0.5092795528211838,0.6327177237238875,0.5491969758251756,0.1346278382031798,0.4516990484875585,0.5089619923510966,0.4364154224623302,0.3874850856821457,0.0,0.09875192454074266,0.5202166641003085,0.24746196060467796,0.48726606596027544,0.021460698959035795,0.18073330528286036,0.6105579534130676,0.0828964012504887,0.4538509358538665,0.3018079205896491,0.403396243875342,0.39085432139875564,0.2907094769137064,0.7325206717009927,0.8048775561058381,0.5081517837024663,0.6673606262242515,0.6477362819819472,0.5360719436966619,0.9037960005622399,0.6116833142553464,0.9107562879335358,0.5245208036343545,0.8220727796806546,0.70185816400347,0.9953512425663487,0.724035240590851,0.907859356307334,0.8189635842530372,1.2873862307052715,1.309108683447901,1.1626333414542689,1.4227157043545002,1.418670775273009,0.9904069927598087,0.9950708384394851,1.1980184454883158,1.3386745088942007,1.3502020755326782,1.5035203303480529,1.2763776827594135,1.5347920951305074,1.6930637601051828,1.92296167910931,1.69336404164466,1.8468686933615146,1.9903217109467057,1.8308200916718835,1.97113869979205,2.2325652493875374,1.7548491922456382,2.323097700515129,2.360666074651343,2.308338666216443,2.2762130796307325,2.2973252486079527,2.5053353693581393,2.4579898345839446,2.4115551599548937,1.963860920914124,2.576104075171642,2.68079100707147,2.590887284750215,2.654569441107988,2.626162713187618,2.801348055698945,2.898870712556363,2.8695068403534556,2.9060498968061346,2.810028552901688
2.8034296126055587,3.0958556845476366,1.996733426614604,1.7819117094846924,1.919262315009604,1.683342315821335,1.8355344365545,1.6610219529211392,1.7608041568212371,1.2253142872490521,1.5521676435647933,1.229812656580684,0.6980169551173141,0.8732356935682581,0.9326394662219926,0.7913745282283671,0.8758118338287453,0.43797482289767586,0.9729390475564443,0.7145774933949092,0.655313413703098,0.8366692393393471,0.3102102766011825,0.4217189447529037,0.5128092845704089,0.1369453631642905,0.5971342090424798,0.45763590251022634,0.0,0.20234466508933835,0.6070731297358165,0.36765325604985577,0.3062207687995304,0.4869321925546153,0.3014324784242426,0.21960082685103544,0.2836509882409217,0.5471703676451902,0.11015000907419648,0.5134415760370956,0.07641450803851058,0.574456760325031,0.7038559994134097,0.3873124725917023,0.7372447845032788,0.3585947851519542,0.7823428934859109,0.7636372566254863,0.8999776185325317,0.894727774458616,0.5363069399140237,0.6401269912955705,0.9984418889101612,0.9321615105513317,0.9532227802130286,0.7802097020089604,0.9747254428120726,1.2924198212646196,1.8380240631281488,0.9758913355809398,1.592237247479865,1.1522150899958277,1.456893562088922,1.4232384168958383,1.455927018430046,1.4829031614745851,1.4259871833194637,1.6704322643839404,1.5309710581772151,1.7087384406270054,1.8468556020013587,2.00800787828663,2.1328367143416074,2.0631984875862095,2.0277165146288603,1.8325772809264471,1.9832576797170987,2.043058489479595,2.0175135329004767,2.2446040133629346,2.364155557364903,2.5169980749042473,2.2176991233808394,2.328392285041204,2.2395983713635665,2.4414385252778033,2.8892432215451613,2.931945982659652,2.4303658170995917,2.3762252692693835,2.617204631653415,2.916537795800739,2.8640284992886293,2.873148003615153,2.953084952538571,2.9533875062722466,2.848983541529922,2.9304369709521865,3.091277592879159,3.3174433396052727
2.1238676362600923,1.8333752693138212,1.9550121003436853,1.8234260532157336,1.2571271117443032,1.6790038529752067,1.418095147963065,1.1887505622208234,1.2481083014829455,1.1221610350997633,0.9653500585251873,0.8962790014052295,0.6624525031216084,0.6118603763617827,0.5858398444973272,0.5197925672682384,0.48947445723895733,0.7628312021385462,0.4782128376163115,0.23257305641759984,0.4503619413392155,0.2920411721485845,0.4078776804527564,0.42657945437988687,0.6425735052428454,0.7047123081105244,0.6360802974574504,0.42251400258443894,0.6705541773412858,0.24091072643840583,0.0,0.7867675342585496,0.34813863685738156,0.5433934097415456,0.23292024461215988,0.19319671302361385,0.6310407274005598,0.783308730179991,0.8220350133233207,0.7583826065500396,1.1315209344809514,0.8182116489528504,0.7569563821916923,0.8979926091489911,0.8074828238668488,1.0579767629978143,0.6977997009242056,0.645688020559195,0.5823188668937647,0.7969137754133087,1.0473676766906497,0.7543849128114211,0.932089831199546,1.1571714353871645,1.1946340055738496,1.085130896547211,1.470583155707299,1.5106619881424432,1.5386207043665614,1.4806272331060786,1.6427897841908266,1.5377914216763724,1.474836467150011,2.07171125501387,1.5626843712357985,1.5730081682226675,1.6200084594182282,1.7203426666506978,2.163025822790445,1.9478513099995496,2.0573987802430995,2.0956122128095878,2.0062446062643744,1.7756135675597111,2.1505122535028516,1.7335547634185247,2.168243735641685,2.5017499117664457,2.543908059418488,1.9943835736174496,2.613754760106737,1.9329767489065972,1.9252407254345538,2.5846411352547385,2.11525439265775,2.199018649836301,2.6046456650626624,2.955820417979151,2.449682060144063,2.2521045700131506,2.4789949799406195,3.0181609335329647,2.6178791999879927,3.0342036549435925,3.057740428400461,2.6149515097398712,2.7762044987779504,2.6924640852409745,2.666582423338724,2.7590100741323837
3.336949019322704,2.7599001920361363,2.7621335683173047,2.1894160736112074,2.303694115251494,1.8419507774333237,1.745836479444776,1.5812137891337983,1.6320099398224173,1.3344703572508898,0.6821049335686702,1.1654447710432478,1.1828067188733709,0.9341734938255613,0.9545381173727154,0.5848479418392181,0.8324155017161932,0.5184754428717397,0.7367243699748265,0.7005721375405631,0.5599681863766541,0.4386894384424682,0.3534546555536622,0.4506968410942278,0.1103536038142039,0.46161401732153884,0.12529452412789155,0.5142663119578064,0.3614681506516213,0.18842372747296388,0.33481392377960084,0.32789792119353756,0.28184586962853153,0.09162346416836087,0.14984232338304615,0.2022603802327687,0.0,0.3650726728580409,0.09409987014318943,0.36638193464812296,0.13065103631040564,0.2058603011476272,0.424437548873021,0.5497674434827893,0.5820902742906195,0.1476390992182388,0.5057649696996105,0.43333202597288967,0.4958038630359969,0.333373865527701,0.14876061977542676,0.45106064636625476,0.5321602101681933,0.6514015487239924,0.7421875570763845,0.5151707442957587,0.4423297824112318,0.5699647782713502,0.782915195305744,0.5549410942132891,0.8215526142645597,0.929502212533821,0.7616874025733349,0.4873524384795882,0.9675136387883398,1.3684704894614068,0.7878604242016127,1.3582311304325145,0.8758037333203159,1.2854125326783006,1.3109864677151606,1.3753389623857029,1.3661042724768784,1.290872908058649,1.2736831866222698,1.5958394046558997,1.4203044523491286,1.5642383937652795,1.7038817425800765,1.5021869760058486,1.7926222097888882,1.9225121980044761,1.8612870607067755,1.952808748328298,1.903885425698304,1.9133439406886286,2.4561486226103764,2.2556994970839472,2.203909615674009,2.1324061853381906,2.519776474436176,2.399599606240871,2.814099340028532,2.34259116875071,2.2813109915463716,2.4744566413790228,2.73038427380021,2.4614341014735555,2.397615923824718,2.482935681182296
3.263344045107406,2.923951291222881,3.0533580694990015,2.5504171191330727,2.5219159272206895,1.793056613490938,1.9706121001238426,2.1147256461418618,1.7117373160477882,1.5046340621986953,1.4777230878216496,1.4749584154999855,0.9682334356602951,1.1418683950037973,0.5764658589174125,0.9748086351995013,0.7249835687054205,0.8737223329096384,0.8043367330686628,0.6376879510917028,0.23117733500403226,0.5594073411278302,0.6837704601330064,0.5048566772812819,0.2984197910442177,0.06737659840425891,0.24945134338156372,0.20301667641629528,0.35016690256606786,0.0,0.22481098952159861,0.17455612762094752,0.15852542461933616,0.08079671600647309,0.306706271372974,0.6056500912442537,0.71208212649681,0.3199609709788067,0.6315360719536773,0.06283040183138411,0.20396449557333085,0.5751699077429695,0.44583496782833976,0.11454630642801256,0.2559045823957806,0.33067882176965213,0.34694073686313764,0.2792461890358702,0.5398936373765277,0.49664704200264254,0.5052286864547089,0.3361170334902841,0.7552374986965056,0.5035761051252123,0.5623671531025067,0.2795523155081998,0.6057518867566838,0.4703116880625604,0.5456774002174356,0.7502894988019957,0.4362057002014552,0.9613775431467992,1.0025182606429563,0.6021084404285002,0.8932610572519497,0.8274382177415571,0.8926866562053561,0.5462989928709554,1.1561608388460396,1.2219724523572033,0.8652984013327831,1.389232730739165,1.168340494318354,1.6010829051765239,1.1641036138582397,1.289657297545455,1.1511181395230974,1.5481149402522263,1.8748694385412428,1.8365140847565105,1.9361976033214017,1.6327612212331868,1.6509272033718663,1.8960580632744772,1.8513108433827288,1.7090335701169472,1.8745974159714613,1.9248719816111315,1.928086781914777,2.2543800074089617,1.9069094440464198,1.9787953716132627,1.779963505523149,2.3481190083729295,2.2535848530170774,2.0271943762679285,2.2129859442206623,2.335740521706544,2.5023515950040505,2.4208153558338346
5.778473327702441,5.007606018814338,4.368276790091722,3.8360591481076067,3.5420545297825914,2.985584266376458,3.0752807235200645,2.394965987250286,2.7448089744913755,2.1473190668028383,1.9771241664658472,1.7978490095066562,1.5716411496755285,1.803288383373964,1.2406256755703584,1.4144218101576236,1.3966491582614573,1.288676580070252,1.040698779327501,1.3566525714945659,0.9704336874295318,0.7866886589109683,1.029427804156235,0.5028548090640417,0.5839968720912001,0.6869485498475107,0.6677259449194821,0.6751155403273152,0.6693909385737573,0.4871764575772577,0.7423031027481439,0.5394945979909487,0.6875770000198482,0.5146514643162288,0.0,0.46233252323464846,0.23607536855145916,0.10172395615917651,0.28419246348966354,0.8285542671534518,0.28927215828977637,0.21043473698174786,0.2796753061752977,0.5154246072446895,0.3310484211856153,0.5401724423136596,0.9627239642817269,0.3877988527024385,0.5019247561478384,0.9249473660838436,0.8427353280139496,0.3226009953976572,1.2526557881347458,0.5486349536314972,0.6663132540073704,1.080964815739863,0.7659890995220895,0.9520165843718775,0.4557612503241071,0.8859789438141856,0.8453123394989284,1.3117722813196497,0.9442464934148305,1.17163924529906,0.691323561767117,0.8705471295326621,0.9456264879162948,0.847071949599961,1.3011815350994578,0.9471258065212407,1.4045946059077679,1.5546833942985216,1.3722292813498118,1.9135436847064486,1.5975430422211812,1.753265000622143,1.5773976180035536,1.3608155159597146,1.829102317082075,1.8217037591767227,2.064893426877207,1.8470417202177423,2.1928981836821837,2.169003978449039,2.220274411547736,2.549487532091492,1.952174745610801,2.4782899049479195,2.1883279394152364,2.417294119026442,2.474831277625155,2.3170109980772136,2.543350549250034,2.5038969851946984,2.775398510508987,2.7965308151223436,2.897800577258815,3.001913318986494,3.0320216723503126,2.412691552347974
0.8948243946691203,0.4998795861373573,0.4502857979469397,0.37222368968071606,0.6758583598127945,0.6207343434477508,0.4465962709247915,0.7037723355491181,0.24912458979714458,0.44933945091893435,0.33503629247194233,0.10864961834035647,0.3480525636346403,0.39756683617358846,0.302064868915771,0.31569996332082084,0.1543952004801774,0.25934690359067325,0.07859517009419825,0.23663266985023235,0.3793467553633132,0.0,0.38322246621196143,0.2460447624373181,0.14938600974823224,0.6549556152410521,0.16461822180101393,0.2726503225245587,0.3376053253281448,0.12692535537978422,0.435379794341177,0.4562866940115118,0.3781170492608581,0.3950302582030858,0.4450319522099573,0.5209715919742681,0.7871367670872615,0.4859917788814183,0.40193176708010725,0.7799221164184154,0.5972106126970349,0.7714993522324534,0.9230662695256324,1.040913078030787,0.6498381547824739,1.5339728176933853,0.9421523723588816,1.3208863472004442,0.8473092505360178,1.2728661843336475,1.0701568516131044,0.8411284355917719,0.9157730137819744,1.2275122417499578,1.0199771659352503,1.1678534923731974,1.294739742022168,1.4229618177230883,1.222281877468241,1.2604155101246963,1.3768644654751085,1.4275911291882455,1.6687005321699413,1.8171507739119725,1.9169376511639928,1.5763872639143752,1.8709664157952908,2.1482546406753187,1.7564682871942114,1.9125326907627862,1.873104233182346,2.2012681123111033,2.260013513148836,2.028911425133428,2.2352553055977484,2.1688650654321346,2.511029388788401,2.2882409496277383,2.0446486824092283,2.417114235277058,2.486907503250521,2.4148939939876755,1.802852739745843,2.7751329710557293,2.3645712345271974,2.7308059964136824,2.4171512288542374,2.7803322243159343,3.1153885648252597,2.513627018191137,2.563669494846099,2.7022546407988095,2.7728094575369227,2.6324530794440086,3.143045152373805,3.127002443063244,2.9891509682621056,3.4819608617554785,2.9624192145423933,2.965466749760722
5.339775247397563,4.995033064982541,4.503298501452646,3.7797193725947285,3.525505498444046,3.5383098354974596,2.6935056286697847,2.4431805165706084,2.2443817274021836,2.256127118195087,1.841762913290097,1.6527325620903426,1.6780419108911016,1.4674353599081176,0.9782341049487044,1.1834026786026364,0.8437115909604813,0.8871482597011049,1.0718311124987814,0.9041402169155166,0.7409067956839372,0.38430701221462726,0.5536379907793627,0.0035823606306220057,0.682998233187206,0.4681784634913573,0.3060364457284894,0.554633309015971,0.0,0.211911869810395,0.03879560536935678,0.06623317442182142,0.22782674678364856,0.4376335249343093,0.16951825327382508,0.006465205378468397,0.27711209203554965,0.19435596490827756,0.28906669069925073,0.14094094144775582,0.09215505410650415,0.21549550706468423,0.2735449269222361,0.11726794284212083,0.28432682709154555,0.19656591154072522,0.24622644537394756,0.40640742308785427,0.4035139033926214,0.17419616963771212,0.5495819107935951,0.7464900632955072,0.5231297407032773,0.22520629503664757,0.41312608285832475,0.567932216231771,0.42320201380624844,0.7297708441181037,0.9743027453477762,0.6233560800106535,0.7567706031156867,0.6858165528944973,1.0283657859399202,1.0081462473092735,1.0660622490578646,0.6914554165317242,1.093294526500296,0.6359973503794585,1.1604955002802821,1.1945198324808057,0.8632613198279451,1.2710588082813672,1.112011677428379,1.4270655990463403,1.4310198727822456,1.6250622796109884,1.4823194120442746,1.9440685110022464,1.6452015021770752,1.4297320720719089,1.876630229253335,1.881824964709864,1.9123593819752962,1.883922659119408,1.7398078008179834,1.8257611170713304,2.465834189365234,1.8176962788027708,2.2273832951150077,2.0603660544689752,2.4043899560904816,2.3927451035349154,2.2030704181603387,2.079468533149617,2.5996335286021672,2.4717654159647413,2.128874504663081,2.288623057557107,2.655270364095779,2.4638738739228447
1.4556954972135614,1.4800010574085931,1.6515785166236832,1.5069124855193508,1.0613760208590826,1.0746097496060223,0.9706226751318603,0.9585551175969655,0.8913019086242215,1.0403033867957134,0.7487528715468805,0.45082918753750434,0.9643155631427192,0.8469476056512732,0.5179177323437614,0.447836531040231,0.6161371636479416,0.2628674597348244,0.27588982944648066,0.4429104045279466,0.4776082751336901,0.33810813515660243,0.1636936264270723,0.5642288840638585,0.10231203327203886,0.7489909270594097,0.0,0.3951914537672465,0.7784275118696335,0.5665056361051803,0.6367601288435942,0.6287901752063974,0.27240463667879666,0.6891053807245306,0.7023964731118433,0.29490356386190086,0.8364869739781398,0.8050480660761359,0.8012676329355308,1.0393652829547904,0.9807104714806059,0.987713412738433,1.0610055649144279,1.5946553823324372,1.2224819379853038,1.1277380975719637,1.5789906191179277,0.8641214940499076,1.29597231167525,1.6358540772194985,1.601410401660278,1.4583009566751173,1.3171406712834077,1.43242282301102,1.4061412852613557,1.7653160860601815,1.4237194513172042,2.126252848168594,2.178708434671293,1.515511366474648,1.8898208758992432,1.852493475422829,2.534862715114322,2.1811525919048265,1.8321351785036377,2.4610238458553404,2.1073513442768714,2.4960637536047123,2.4996042829370637,2.465410839577359,2.3750818006386822,2.659394152772297,2.577975767156097,2.428273251462347,2.8605941033623807,2.4318278463484084,2.4835091668870106,2.697116236834802,2.776729806570831,3.0573811725627955,2.579705676308553,2.7595120046069717,2.765090822753969,2.487284560410739,2.836685874475215,2.750021234008166,2.942814778429625,2.9822937706597834,3.5230113057642853,3.3983086628781223,3.463056161159958,3.102258301441015,3.391230259596181,2.992725930196965,3.698637289363024,3.406349311479957,3.323582076176347,3.463427419306175,3.259775002735143,3.371229107781023
5.4264186539672075,5.267200199555216,4.993115434633523,4.143727990423738,3.4606847255681075,3.360047866958059,2.615692338878546,2.63355653289789,2.4404942592744128,2.4701008359901167,2.2831075906822527,1.524977708667894,1.6877997046983086,1.5326129148091727,1.6068884465539934,1.324051187589415,1.3750111137936951,1.023768906358086,0.6453143986900827,1.1284961043272759,0.8883101726647471,0.4467443424794588,0.5832324847267785,0.8068797250984385,0.577732647134555,0.34538252759979216,0.25202956487515316,0.5371601380702877,0.391343768890577,0.44343961882114513,0.6476120280081474,0.6086427294995111,0.5404133242599265,0.0,0.36110695165970164,0.34216642072675363,0.4765627142890114,0.33027413739971756,0.22677784110273969,0.306311158413342,0.26082346037106596,0.31180777024011874,0.48458970212844044,0.21879939221364708,0.4442467159326373,0.568725800526245,0.15080269445376793,0.49854642043574415,0.08364863929785926,0.8670627471206469,0.5951150816458117,0.6717014569931994,0.5035797866229004,0.7799579929431246,0.9031758757739166,0.2746900108257755,0.8122607702773976,0.8359221507721255,0.7990407963495016,0.8173040405994119,1.0130128401388774,0.6085617585388707,0.8899781864165224,0.9934829500618108,1.3536145868459357,0.7321723073998303,0.9944564963078015,0.8990578642180438,1.1971563783052073,1.2020146377537486,1.3383279009771751,1.3658927921460773,1.2641305644680347,1.4860391479108248,1.982953095075791,1.5836932998942483,1.9554434820553421,1.6713281019850204,1.456150603532313,2.0406201493978777,1.9462387109807189,1.755055874066338,1.716140633768692,2.1646555472186932,1.629450051502273,2.1091932031269067,1.9814475737765225,2.144126029655446,2.078167573427997,2.068407126192948,1.9992117879559164,2.431198935102868,2.308924009294449,2.207933775627245,2.2195937120306866,2.157263510334138,2.173772226772238,2.435593269213051,2.8207826527047004,2.7517667216796653
0.8290620512630902,1.34245532757763,1.1862223032244188,0.9274885175613665,0.7613123051587092,1.0286157391699433,0.6645979011071752,0.6089209901100148,0.5413484792030108,0.621907244661541,0.4376836218070377,0.5980418348823786,0.6000370386316725,0.0,0.6986246531886096,0.7997387586170319,0.2571472735567486,0.42998026799407185,0.5256276290868342,0.5802646342727655,0.5916852866361353,0.38867476419105884,0.21750296488821874,0.03577236001992645,0.1963086970139063,0.49082636972241467,0.47209099305872115,0.5104014460942601,0.5777408493399214,0.8420008666971324,0.4612474263672208,0.45233254892617936,0.753868078481144,0.8102580151338223,0.8842969572915873,0.9418312495887733,0.8197334823971758,0.3255051017160202,0.5840349114227035,0.8289692815947998,0.7743015851556425,0.787923086024664,1.3327142872931432,0.8963113543638563,0.9657906811625612,0.9495117351236857,1.04683344229176,1.3630742671033858,1.4786145215735935,1.5811913525054138,1.3895893208229229,1.5143755704200412,1.4018086978882405,1.1139286315788812,1.5019084170617472,1.4032138830566634,1.81633559309242,1.723568472251758,1.9253561202927383,1.6351532244193798,1.9389336725099842,1.8580631865080104,2.027567361657317,1.9760507015691733,2.174224888752823,1.5739165131561599,2.2626686691414424,2.431765344081521,2.469098391940955,2.4195185202988494,2.577684120295773,2.4486721178793953,2.8518464180661933,2.055131391357543,2.6651052160910798,2.8898810981752145,2.6166345210540936,2.9060251411181266,2.490210617698084,2.8169348501928138,2.7019194339607697,2.8443847954734256,2.7465994885267353,3.028810195538048,2.7488363579598225,3.0272296198059774,2.8806368041586357,3.4244417740101003,2.9298591549946575,2.813822942128935,3.037728846336245,3.027441556377804,3.3686544577345874,3.3813808321160774,3.2614622672242017,3.3127040176836626,3.4392705679051137,2.8995773551958326,3.391849210701052,3.276398742432617
4.757033767935948,3.9732161666647805,3.920852405860394,3.0276119195038724,2.785754919863738,2.601263520936371,2.29774831687914,2.357348158046861,2.1579819139344956,1.6627046384286146,1.6120226188835574,1.3340243710498,1.5567383006824222,1.0091407260111893,0.897079669681272,1.014072069666529,1.1250177680700908,0.791696921010189,0.9709670681498643,0.7063037735089388,0.9515180010973374,0.33655797200585624,0.47593162769554453,0.48772713857079,0.27417095552578274,0.4204467537255141,0.39626455246564163,0.2764656965315808,0.17321625722219025,0.0699391533682352,0.13245456724931515,0.3708577058356326,0.2595130022452814,0.5084077596310728,0.464922381246069,0.1530964042084335,0.0,0.23388190841636458,0.34880261691448666,0.5233720719100639,0.1113972906605305,0.24018445457153703,0.21279354316991927,0.42723684250356087,0.42296052132589423,0.3346424228030749,0.0792808708449293,0.7196818225543353,0.9171992245259055,0.40639581677210046,0.5096366073788658,0.721186782928342,0.7588089997610723,0.7287859401074002,1.0148592898563003,0.7749831239302338,0.843697941082258,1.1257063580244981,0.9986851807423065,1.05937028302613,0.7897799952365894,1.2034961917219782,1.3651953040054003,1.3775801192602515,1.5998038936372652,1.3070615462645137,1.3969223938795352,1.9024933514727493,1.7462524897276346,1.7754345184514335,1.424105864306913,1.7301279627441204,2.029707802562985,2.1204052680546255,1.782163152036933,2.007444135451234,2.0929001625652006,2.6663585766274984,2.1144950152733877,2.279930717551064,2.0321929106707266,2.279497865691262,2.376913979703353,2.6571512213789354,2.3059301653535442,2.1715536922671426,2.1267076919825563,2.6864197778387364,2.297332655046148,2.3998982397299784,2.7877422628408723,2.9101017546795056,2.7504635585465387,2.8366063870516207,2.839697572985866,2.700246852385966,2.774634619798345,2.7521203863955783,2.9131304001464713,2.903102577524905
2.004329858464782,2.152099324936671,1.6186776452897096,1.6993144542387704,1.6779447940006218,1.1749888880940684,1.063486515931734,1.2243535831871135,1.0075661518140713,1.3663706517782916,1.0099006844869862,1.0457426429131864,0.8410515114444621,0.5241314860781312,0.6885978088295932,0.6688481248391014,0.5192512908948377,0.6875435744531373,0.4458757292566098,0.44001903580938695,0.9372014891900875,0.7741283089087592,0.5611999410593214,0.0,0.5208029709591173,0.6108875010069887,0.5966045482695996,0.5811478297852819,0.5892618457191343,0.2618511745082017,0.3445807911653773,0.8467745132113116,0.5564108949533217,0.6397109139753212,0.5893351128985724,0.603501089843256,0.458724526629009,0.4915975681320006,0.5378900555038797,0.5050881282102715,0.5037720650228543,0.6737112966092127,0.48347596925006897,0.6336936247713076,1.0011976930523314,0.9710003026875711,0.6988279646596105,0.7356524396679394,0.8144577689687207,1.0522920490273915,1.0053392208189003,1.1146412901339815,0.6811133590436942,0.9766345931513278,0.9759233082430914,1.2795205237699818,1.4182208679691612,1.3850166931115044,1.534685959221397,1.5401293261825781,1.6320689793431473,1.4878495114717545,1.6508717860287216,1.8594347168283551,2.1797618546141635,1.521604609683255,1.7943113987950579,1.8823980827539089,2.1042303829496785,2.262730117995437,1.7295534412404212,2.3909478963495694,2.248582886342369,2.3425943186827354,2.4150729440483403,1.9643675723872036,2.2301813078181993,2.197086778186888,2.228931633232879,2.568910246879323,2.0903263658316593,2.2691055824311324,2.837394429806192,2.40318083509948,3.0378873548153003,3.116519298822819,2.4324187454385253,2.592276817339087,2.754976667560296,2.8858510280359724,2.9001158401539726,2.994830974207993,2.848730089849875,2.6953763012881335,2.8055395322680727,3.0999535461983854,3.163357997452426,2.894963767326896,2.8699997748727473,3.147237954323824
0.28511028672946487,0.0,0.13194762675677557,19.05378146522452,18.121370429613467,17.457960023596502,16.811958851955254,16.9014525606524,16.496788173854924,16.30375571089485,15.73934429048049,15.911680641587928,15.242643066297909,15.743156457035347,15.06645557040169,15.009315958801569,14.974820302393157,14.572557835280278,14.651273661748743,14.247537609694454,14.486973107044761,14.188739713377833,14.366402200526302,14.342179545773925,14.103157303186492,14.546625249184839,14.202430873221232,14.195602867249955,13.938783740342823,14.028355305236998,13.634191542342972,13.903754008899332,13.747946107252528,13.908095255728634,13.93502805727567,13.70655948238024,13.67993085207009,13.932392250509972,14.399405274833077,13.659842512547396,13.80499508444051,14.172245466732427,14.203970236581137,13.621034265242342,14.142030775129092,13.633199875972034,14.613922232721341,14.142461002888467,14.059377039474036,14.285958088854345,14.182628044353581,14.373814625753438,13.895862408525831,14.129793284231184,13.794439398028807,14.330908040562857,14.325239200808786,14.371653341098934,14.799401912655123,14.571948815457102,14.622058993990391,14.647137927347698,14.59176567624906,14.67959201103276,15.051328004508333,14.689987337232258,14.899813786623756,14.87044364773388,15.196819293633993,15.101761165053714,14.988853799652265,15.221559277271648,14.862989925918606,15.396700659081546,15.308293498310016,15.452279871054213,15.680703317484914,15.563666531099825,15.358474207902658,15.472680157814374,15.505765814443269,15.453213824284404,15.92820318478148,15.835798590098914,15.714751299452907,15.858811568028957,15.941337627142207,15.71730850589874,15.672484234173648,15.84549716252965,15.92189511844953,15.83436238936871,16.227975795159555,16.338517669434577,16.185090111118686,16.337667759985045,16.16617353819729,16.183399910612888,16.499664131276123,16.422319961496186
1.8459325170245613,1.8689344162751063,1.5641459673462492,1.4478824959301004,1.3422106851989568,0.8532227464255939,0.9742248954689785,0.6422153439740086,1.2943693189336987,1.1031421116462585,0.9642651363025809,0.5671947575475667,0.9667975992445736,1.0127637178117705,0.46420771176082987,0.6738238970222046,0.4480143569419006,0.2822406848429857,0.5849310092944311,0.349653814890031,0.690558608213145,0.6844103343959986,0.0,0.33899562969517305,0.5823643452994318,0.20753890403531372,0.9948926426349534,0.5104799164996034,0.6153402808094217,1.0763713916039883,0.6618293406785529,0.09788036646394005,0.4581225038453134,0.6301419800614187,0.7386905600634854,0.3642425457745002,0.5369441454818364,0.7414928977716126,0.6499926204668967,0.30519861704516593,0.8084848979348784,0.827873789496147,0.7741632289587539,1.31489620176664,1.0314184685971473,0.8573652084050902,1.1770907291047426,1.2546344469966169,1.3309769592345422,1.2696449751237342,1.2354532115903254,1.363198331771052,1.5833876951099484,1.6210873550093812,1.215610651035714,1.4263690136788743,1.3119158713349837,1.4068157379739112,1.4699434170533436,1.4226906379602777,1.556655094604789,1.6896767749558776,1.7909669548503615,1.8658421311137765,1.9869430948919842,1.7841028815882627,1.9863216463168971,1.885267325841971,1.8633701907629305,2.214361998825842,2.5317654882398237,2.3608061250943315,2.6144958803457676,2.2554675191127878,2.5384572722433134,2.7446768243377058,2.8336802812681157,2.3458892928790753,2.681076601835233,2.8329183396552793,2.7311474106024676,2.4511521384469095,2.648196242120896,2.7372702633132064,2.682663483637512,2.957782545272636,2.839496620119089,2.836024525283353,2.9135490391883145,2.6448281634594792,3.187600003992703,3.1149312975917063,3.425841433589376,3.143982471390963,2.9427067826285658,2.50048607627253,3.1910620872574214,3.0909808492339472,3.3790657410742604,3.386824490840077
2.91196216403754,2.3285369411329633,2.118034348481171,2.1182883219923845,1.589642312000798,1.572898797453096,1.4106751339209609,1.1350942534552608,1.2821800698588994,0.7646389284673027,0.8483865614406341,0.7762310070877501,0.8136814021987817,0.9187096233257961,0.6261319783891963,0.5904682984485579,0.0,0.5243816531399741,0.41089594944781815,0.5657379828997566,0.3576112133766536,0.20340564289583973,0.43831081130604943,0.29071712411875694,0.4114553551808626,0.24532746217449386,0.2932205704381712,0.3171795833768485,0.2884590711474857,0.29684921861770697,0.2738162730152194,0.30340086578815395,0.32832502403185515,0.4943307986532872,0.47111592570357175,0.3297639172115865,0.5097437962150586,0.47716026316553695,0.21949130289087293,0.5111987731969982,0.7338703524471502,0.6516075978597957,0.5051220773673748,0.6079428141497321,0.6637436621381667,0.7474323818576156,1.0074109273167196,0.814211963330326,0.5486415591725162,0.928781917656126,1.0826567473663111,0.8914468111585752,1.5313210363790013,1.0865092047797091,1.2258795328782277,1.4076707214845605,1.148492204512518,1.3100653305585404,1.5250544305866818,1.6216828754668136,1.5157514223558692,1.820316085380366,1.8636576418959017,1.5732980130799845,1.7757107200634152,1.8915352020014353,1.9938107275624333,1.9383057886172992,2.14525247161707,2.2554520671761296,1.8927722305494683,2.3785385992849903,2.0384293155393927,2.221286644966952,2.3072394217022136,2.3960702660713054,2.6200735995951163,2.681025996057734,2.0882065963163434,2.456004081988265,2.7295274951083677,2.585613229947004,2.715539434230262,2.9089173995637907,2.455567103863803,2.7541340095290607,2.404607064379082,2.7887888209803435,3.1962475846536478,2.677812067882382,3.146408792411414,2.757438333712166,2.6333300078366086,3.2101288425396497,2.572038684505074,2.8282932662914497,3.3625705068216583,3.134022181997313,3.132701171412016,3.2691306352234193
3.997700218586923,3.563363928189526,3.1896856915407152,2.9986628500209225,2.9409513144834047,2.623752423917262,2.4032759073403422,2.3338569736736225,2.3050878648186384,1.7584528114398132,1.5264382922427497,1.7153152736469632,1.632329727908541,1.1170498475300121,1.3291096981674766,1.3605924483834944,1.07901530041409,1.1913858684355318,0.8367705120279432,0.5591483941033495,0.918681751432775,0.5612935551952027,1.1089223947701488,0.7563850539809067,0.19544747021678965,0.7868003531649936,0.5010636976995198,0.4750576411666021,1.08259497871639,0.5641581370593922,0.793112407590808,0.5091860782395514,0.0,0.29066681161604,0.48975026125271093,0.2575720270311539,0.6087587851335989,0.6867400046144887,0.5149541212320816,0.6830253247304778,0.4780591510248122,0.636204397872568,0.6273635009573564,0.6885082807839318,0.7839750214178665,0.8442806822190345,0.7306894862021629,0.81125808767354,0.9837460751186295,0.9045275149905763,0.6515379247456927,0.9626812910730198,1.16530988924848,1.1513724081468801,1.4035622888465618,1.1920508722181609,1.034916529073314,1.1460969414347257,0.9991352095578296,1.480051594770602,1.3705547466873362,1.5486110862359137,1.3898280640462115,1.3859448680504443,1.5583981782174678,1.3907274349825212,1.7603572585587308,1.8959573337501574,1.749193419345179,2.080811263347938,1.6883516601923372,2.153218450421237,1.9359032671892518,1.998321039140416,1.9698944836520464,2.268978470034641,2.121147598460933,2.256240489079609,2.353436266284211,2.5944537264369867,2.5964634123467487,2.3488550324373083,2.000920794255581,2.7523975949500663,2.596315747790527,2.509348442038334,2.8113002740392314,2.8021414625758343,2.7167718154787046,2.917877249546885,2.8525134130324954,2.7615027454195893,2.773307237825902,2.9437321217026113,2.7224057243936404,2.8750401537722805,2.9328442722884436,2.8440232030375032,3.3205642536095663,2.869003787688891
1.4486110230292795,1.3843689186389945,1.5146931457653015,1.244337407705185,1.261508944346648,1.3928799019930178,0.9914766694934212,1.276073319055124,1.1823798124341351,0.7114986716060532,0.7004218249427954,0.9205465953311336,0.7749119026273661,0.34564333338019004,0.603342439902308,0.2956769454449599,0.5504508926521421,0.37209210688618555,0.5660950435590539,0.15202722580810146,0.3503056572912371,0.5843778275291971,0.0,0.2519129454328688,0.6984488943991884,0.15853046976938323,0.2721472371549787,0.46766681194657345,0.6480592906898028,0.3259223687875501,0.8911096251736197,0.7624275309853807,0.44093244822170874,0.34677222484752157,0.37421110488087983,0.618635540366471,0.7296734014854138,0.9988205266662913,0.5606472292928366,0.6016766186014824,0.6492846618044243,0.49226401043613954,0.8977652030415442,0.6592821304836001,0.7559799328398427,0.7436480230988138,1.0611058760070815,0.5277955574693127,0.9754451870005258,0.8854960127387841,0.8300490020040936,0.9081173862292378,0.9432588704163738,1.0104728227774196,1.0290051129622437,1.3996030917598414,1.1394805004297535,1.6682341110882017,1.691233561819267,1.6403249220557434,1.4067027063074047,1.417683436762811,1.716223794340193,2.0533311826732454,1.8767646820430208,1.6759668214579087,1.846959205725339,1.85943983607687,2.018510682751531,2.070006414669624,2.126113075590398,1.9929259772224484,2.036573955919282,2.162696915927256,2.2232246407648297,2.0689520327081308,2.6066896925139194,2.351364072371874,2.5480898670554364,2.353476733799491,2.5261462317234677,2.745088957413893,2.5285992026795743,3.1070467482044126,2.578290452887357,2.940374661478087,2.527191956027396,2.3550425312084524,2.908140800955996,3.237264265991266,2.6692843733646985,2.9970066183558526,2.9441354026807094,3.15285452667999,2.8033654465306643,2.90491331965063,3.1757889213661787,3.051511601020808,3.0471141611485226,3.0509647238828546
2.5642329947872184,2.770819349428418,2.3845291070621606,2.314214344992017,1.757879572730527,2.016235980492908,1.6437660870985553,1.4637730465146923,1.0685850949280677,1.066009741147674,1.3670955840401504,1.080749373881126,1.293726186107989,0.8946207069554646,1.1479853586066433,0.8343606262779701,0.8569899709991056,0.6977043585344695,1.1800672853089438,0.5054171151284947,0.9383088332989118,0.8950906067548665,0.3555103983458707,0.1403120061939216,0.7464278059424565,0.3905554248837735,0.43524215337936845,0.0,0.23117603078188864,0.22624873056520123,0.028622251379227137,0.5617386723443012,0.6092818555891384,0.3420163836917425,0.3719386317308775,0.41272961512643214,0.3469633505037173,0.9343039890167191,0.5222991956967871,0.5034992021579647,0.5759956039919807,0.41056475383767577,0.35739192840625655,0.6443644431273547,0.6453393711274806,0.5031559737689744,0.6903171099188192,0.9810167563907797,0.24480583856952087,0.5132581440956123,0.5117861570079736,1.2175372198337513,0.6705068191225614,0.9482256504297837,0.8890619261326016,0.9298797048608556,1.1318194611612533,1.2901050340887679,0.7403767495049536,0.8477897019419451,1.1309360421977317,1.6048345467865275,1.2823403745809863,1.3587153167899118,1.3296816437084829,1.499000915021636,1.6924983189250433,1.7919969347095304,1.6295365996736457,1.4566061823039895,1.390532562205479,1.849927715475527,1.7926477028969785,2.114429353123491,1.7265905108863109,1.941806656362818,2.03362874895533,2.0983027730968153,2.0333595376099645,2.3119452184403393,2.295613173487027,1.9753711675898877,1.7785486016005834,2.04735565864668,2.5490469608510686,2.3205500483267443,2.538297417326124,2.053545436785029,2.2971025126356146,2.885266917515615,2.708163609848455,2.41110714759877,2.5196286033992124,2.5433493913335212,2.836292034530338,2.9578153170120594,2.8256046054805566,3.171850951663451,2.777783583880165,2.729041666582095
1.2875765161173902,1.4126612926533273,1.4273253289046384,1.1875916480504571,0.9766504022297084,1.3236190712601825,1.113898341711364,0.8919660693205795,0.7754469363391951,0.588593636347186,0.6670557011906464,0.8126528790428793,0.8277251221497952,0.2501582785486711,0.1710315655921537,0.7999807583698963,0.2258143384484228,0.29663093392636064,0.31418321726267884,0.4303625864320253,0.0,0.23811825282189503,0.5434818126805414,0.32491930039419437,0.6480651391858192,0.08964612266709793,0.1320731867230034,0.29518285113167053,0.4123305240548376,0.6801363812514492,0.5415304691490253,0.20191623198645914,0.463820909689753,0.43861711773478795,0.45691410221822615,0.03815182761511693,0.3397177699046985,0.4138788800606452,0.6249875486183445,0.8176930886401479,0.47888053493502625,0.6859560001749099,0.6247289619106873,0.7528554838322705,0.6042418690264615,0.5258582518692094,0.9473359161623414,0.7484788421220436,0.5675136066786131,0.7172232276058974,0.6084380577942632,0.8160512096878225,0.964650175055386,0.8147659796592457,0.8991146406121331,0.7098754558166345,0.9343907282804427,1.3678594990453519,0.9808282300641746,1.5283695453775739,1.136659392909193,1.1575368005415978,1.3647884647395419,1.375846107976745,1.4214460388512187,1.4194751532747052,1.2250357373768885,1.51973341407143,1.565689759829814,1.5061049967411506,1.6145604698627523,1.7719586517170178,1.6452096972562682,2.342866068389643,1.6991298785201732,1.8571313209592049,2.1461007904764493,1.5997647760032905,1.9130334740146395,2.1784038142203315,2.0477964567651554,2.4233017733102997,2.1085892365707615,2.4397328528295894,2.016278697124598,2.1964658439980767,2.131682937565511,2.593507278712867,2.299154415530957,2.13069133146184,2.4880857250663198,2.580859623000922,2.9998546726999855,2.5522819772598524,2.714184367078097,2.9414564914934616,2.7186517240708348,2.636320569325477,2.8616900476921963,3.057511996303745
1.419048189657092,0.8864362357434139,0.9511652910014217,0.7561751667529588,0.938365876022516,0.9353914228522093,0.903211700195941,0.4134138982618367,0.7598143826387318,0.21443532938581278,0.6246538273682489,0.33584203148590497,0.3186404540833223,0.5562914517980371,0.45604915229381326,0.4951925926508238,0.3167021421703886,0.5968259366470825,0.4083123978821419,0.5425094404834585,0.20374689018332148,0.34622233808528513,0.5339128477859116,0.46040122767902325,0.49211975704031374,0.0,0.18719093507007578,0.31312206705471546,0.20785835075935388,0.6358877749484133,0.4573220859392997,0.08009791871198857,0.4932533479244867,0.2624315598824083,0.4200713214316085,0.051456173924993465,0.7876185434179419,0.6513468594586893,0.46907750349841315,0.3229746075521245,0.756500546372342,0.30496921877519156,0.6025600360383176,0.73145115802871,0.9449233579625016,0.8778020373441553,0.6929260447942536,0.6214423054736447,0.9498634781117783,0.8434658541450819,0.7096279919969621,0.8575203600245285,1.1537948785297,1.087520563162995,0.9977062114540765,0.9432402616370474,1.192072217965734,1.096291281433487,1.1615120637325553,1.444114533397343,0.8402629580388172,1.2126709578920938,1.3136236872085707,1.1243832175415314,1.4932210522254081,1.5928417837362385,1.5565421608000758,1.6667035447544318,1.859252063801339,1.6688801159862674,1.6969489967274693,1.7246997276050955,1.9966644816070858,2.1131742952707153,1.5735951788300486,2.215829601556223,2.041317033484857,1.9465229438728429,2.2286972425501457,1.9732339885570145,2.221729318520179,2.0505572488306214,2.1544131787848233,2.4066336964936106,2.26276317526931,2.300605828251781,2.4393721479998725,2.3717662673436894,2.433202808575679,2.858865494252136,2.4113345257846994,2.808368842819167,2.7671312813421842,2.785298825815792,2.4461571292839643,2.5913491041709538,2.8188845600718295,2.6418156744785506,2.5792558269600914,2.7924733455584345
4.467996917930295,3.702965604978248,2.630902701183283,3.03392117048252,2.572487798116084,2.3229305796369264,2.019419674545441,1.9508435628369245,1.9717047757377077,2.1339723557752794,1.5721287925845289,1.303599941020078,1.6189910662257692,0.923186917760562,1.1749702193989826,1.2179957826387344,0.7588762215695972,0.3627775440328733,1.0343530351470633,0.6756479028701392,0.7624499122753541,0.54540378246298,0.4277981188626736,0.4032167040276651,0.344828510309819,0.7389559349131787,0.48584608197483803,0.7043939795293337,0.3658169004452212,0.5091825201103699,0.041962137425406,0.64634178547999,0.2046053882198713,0.5898067684539008,0.0,0.44254204781198325,0.5109676045169707,0.6561851189838972,0.7367824315949338,0.7652239852948384,0.5338751063510969,0.6980194024612985,0.18564405634856485,0.5251732114101753,0.7303516588979058,0.9377456599823315,0.7938108608273371,0.8036981834393782,0.8696681730903784,0.6702488369501243,0.9145877443271022,1.5137062250895905,1.1449767336932037,1.0856524921615236,1.2719626974959208,1.1494982011480133,1.2710996543323994,1.287242100143775,1.4375056993588373,1.483461142541465,1.371285083631765,1.7227665181489513,1.2284560319370446,1.7678408887159307,1.215015065998557,2.0408655335957615,1.751118341232921,1.920100221792433,1.8521554817715042,2.0322930301082973,2.297850235486825,2.094127642354147,2.1045299993678697,2.021485634495127,2.3353016894615894,2.113803355793838,2.3818162473554114,2.1691899624964552,2.5383428097008096,2.6991319681769905,2.516511922316125,2.300977918724522,2.1229587882108856,2.2712450122548713,2.610944784472247,2.760745927297295,2.7200667536462912,2.769484694127561,2.6343591737057093,3.038375155661127,2.564727782793563,3.085489562372649,3.2809820089885395,3.2138975625742905,2.7418548390826505,3.2943464898466974,2.8980907729787777,2.732018189210793,2.857409992186051,3.2995697437820493
3.4086159195147037,2.9291857048774705,2.353267429665161,2.335628878873189,2.0575665608178664,1.6956849350698935,1.9864616317019692,1.6615536754806417,1.6466329475846333,1.2402502546120235,1.4187614182183825,1.2511431042173147,1.3965741292045504,1.2510619292104845,0.9229385051887302,1.2804551694420407,0.9048628933613028,0.3685907563808044,1.022904668185733,0.9153919746521897,0.8497777816389043,0.5113154564933104,0.6693416590095058,0.6574353512389912,0.0,0.7706879737657122,0.12445742133440163,0.29630621166888105,0.3316534878556592,0.5327228927308667,0.35205720894975556,0.3754544699483411,0.2581262244353706,0.5179869252674933,0.12399327684440742,0.5526550738637432,0.45164907340926597,0.09367703081330525,0.44476637183841206,0.41087594316973153,0.7252699506866467,0.4213227574569185,0.5163120625222319,0.8024921369880769,0.48659977518088304,0.6273030634414631,0.7738389606974962,0.8762168917526285,0.8940856103148871,0.47134599471308825,0.5498042355084927,1.0638575897267923,0.8269066007578854,0.8547249192979223,0.9262792216961717,0.6073806717145835,0.9210892720026465,1.1476286373846367,0.7474693070757947,1.0156979587758368,1.6127112822004523,1.0670247450475276,0.9441130759230987,1.2721041791964982,1.2989331876252148,1.4780293900870465,1.155875759657464,1.4831738261804066,1.2499544218271783,1.2483577968029511,1.8950676416941743,2.0324667632290936,1.5890227172283513,1.6188888613276173,1.7561246463550457,1.5895731848542045,2.0696982730496973,2.1270280251176867,2.0376474479750843,2.2575766693335257,2.285004210376636,2.2641146814084703,2.11387100216737,2.5723411226900534,2.796346944288972,1.9543660867067256,2.257816789192338,2.2419594917588253,2.5009360489870733,2.3429993191739182,2.5713404597039276,2.4814256170531355,2.397436947997468,2.743582105491347,2.8129687485103556,2.8389511898187987,2.514629968679623,2.600619201840045,2.7816334043024025,2.9085488103372317
0.9995721707458038,1.0516157427248487,1.1484719225906925,0.9884418059961781,0.5589128969296553,0.5685063048652292,0.4672794413288308,0.8001323251471177,0.6130811905538778,0.5382241406930071,0.3110900498478042,0.45077370122352534,0.1504465137691806,0.6178582730179158,0.1601444094457971,0.1722397103796709,0.0,0.7705746542854364,0.23326828346399076,0.5252224316965375,0.09131926270506519,0.46144978596506725,0.3085891261968374,0.35471817376903125,0.08731336939305478,0.432643905477045,0.2894010970080707,0.4595617825405309,0.13106470737472442,0.6434485199129263,0.46652363338253977,0.3770023066460908,0.7361130076122588,0.501592300878098,0.521462216669903,0.5807091052304685,0.77161170041229,0.6713729429748909,0.9928578280451426,0.7052487283539985,0.8370242076701242,1.0126507604647124,0.5717926640311983,0.7444848887857614,0.9307166480048767,0.9689203581926016,0.8976837854403712,1.176005575688455,0.8782076143073407,1.2906396445991692,0.8706776362742694,1.1012787487178723,0.9639506355491321,1.3042250797418244,1.3116999346061675,1.378083480099944,1.453598301373427,1.1857151834951942,1.3151822067382533,1.5616769254995262,1.247459827301567,1.1621439818157153,1.6372720196779564,1.318230009490268,1.667076906585855,1.648572670007697,1.885060051427354,2.027799675406767,1.7598130907706704,1.9870630711091781,1.909508885011208,2.068083110174763,1.8578489160268479,2.337492446399379,1.9977087166912444,2.097996746327178,2.721342433439448,2.4192469912433427,2.119688950926479,2.5070101602743424,2.2376877377326085,2.5845514062341426,2.3706272628558853,2.5092303104028613,2.878149456261797,2.545112965692029,2.8757858434395853,2.479440571993136,2.9474747505274,2.7323928853836374,2.797116799673079,2.7589404642743443,2.508412806665179,3.0249960337775033,2.7695195567696356,2.6725369810041766,3.1290983834258856,2.679183226413441,3.0444909201999355,2.7540863150235193
1.9712320204085412,1.2829887626989915,1.232455023599007,1.294768049445425,1.3783981426443361,1.0513282489704725,0.8550796388104587,0.9536403490705698,0.8999142369959934,0.9885071438098105,0.8808483978873678,1.0194841137564623,0.5462035780840289,0.4501577323893411,0.7272410047146991,0.8960024635974495,0.8556863301988713,0.43350093723824656,0.8495838893238457,0.5632308843486804,0.4702992973147424,0.333734098438379,0.4736676949583938,0.4009183124836859,0.43562030967343013,0.3292288062059452,0.39273780504723277,0.6463890617546451,0.7356381090169712,0.29177465346637455,0.13703035914826955,0.5691652015009918,0.4404999410865358,0.0,0.7314941280244884,0.7819404762879145,0.5629848226161318,0.4960221077227782,0.768841680579035,0.7746893263274472,0.5469872983491779,0.7189461588222006,0.7812681804792181,1.0042578189410012,0.7645008759336438,0.8299116899543453,0.9585824256772923,1.4460251021900348,1.076251080128655,1.052106146648839,1.365715562832392,1.1005464572047678,1.8561017571164182,1.4703301128753097,1.2642671481599734,1.1170010752643176,1.460069427395771,1.7890156445744232,1.367048222586165,1.5744357793585202,1.5438175474387865,1.7911683668501457,1.64773872180929,1.8027764226910605,1.8369046334472134,1.8274968749254388,1.7840496600700995,2.4330001612020844,2.101885174137607,1.7876598428751596,2.2958327427060983,2.3583699393999957,2.250014681885478,2.3222184477205463,2.557584297126141,2.5529097146685693,2.2749599408756485,2.55480385556894,2.4228048612619286,2.6504299213491844,2.695163519574466,2.326993475329303,2.937231643639924,2.886459137281401,2.4624350091365983,2.8750476292395977,3.1774813647714435,2.4605827201002537,3.074461745813414,2.465540507488244,3.127744291503342,3.12599477436296,2.928350262405564,2.722360700539605,3.4144260973140437,2.880415768614382,2.9969572307712387,3.0704643900236714,3.063391484405413,3.4693043907917964
1.9288247647504164,1.6977963801447373,1.3119627245745953,1.6486969561471767,1.3233390150249171,1.31226726199219,1.169913201802764,1.3200712237409373,0.9447080674658679,0.9962704092556418,0.9410454738896608,0.7390569496474111,1.167752897052706,0.5814781518291543,0.8524188457025232,0.5007933116271204,0.5029935580684928,0.6623292027527601,0.48769854508861243,0.7886924152008739,0.6899202895606713,0.5873638302601911,0.8324397398175805,0.6869168219121118,0.4370903134556503,0.7972129928882765,0.6789722630511044,0.0,0.9947999879032761,0.6454627476392751,0.8277662289205452,0.8254444116630317,0.8357771809657653,0.41760027581621806,0.932162505798452,0.8679632917835427,0.7383680494061036,1.0108759072671063,0.9715400402071062,0.5603218110455206,0.7274964306221783,1.030570143934641,1.303124658409514,0.6762094832754286,0.9282773489100666,0.5318929320519281,1.3074971109722835,0.8113480177029064,1.1302295030811287,0.8843688201864222,1.3777924752502493,1.0742749428166452,1.193745133034609,1.1182958503576774,1.0987670579860378,1.5883850725845843,1.4921140389934067,1.1281120900153923,1.6791137522422481,1.8632265597928317,2.216349523810077,1.842194964785559,1.5087433912368802,2.109773029015674,2.0088845264379884,2.0922933641538606,1.8103652636391665,1.9355838864495922,2.2075405134511144,2.137489072718541,2.0455557596554605,2.427124492161024,2.299165522747554,2.0637203915554316,2.3057314646972245,2.4877563385530443,2.3306090877382992,2.4751096846786105,2.258545336981566,2.6300275436848892,2.619436313153127,2.7536159770191198,2.6934158591007105,3.177080375780541,3.0307979380527925,2.8209094522982205,2.4407872632461967,2.9949373494208977,2.9548684945855435,2.8276407914824055,2.9928101707962043,3.2041011263090056,2.8882292176198163,3.2757405147824024,2.9472168572454933,3.0889257242545405,3.031427595278185,3.161707547309767,2.547717434786353,3.4376536391448838
1.4476813597830454,1.1534310495709406,1.1167897359701655,1.2479357189676676,0.7835379696865719,0.5548506796215804,0.8205206314021147,0.9792009980481939,0.8365968541459878,0.45181443508869457,0.44891557116962844,0.139178521857243,0.5071630571271175,0.31945508929871913,0.3034345634573121,0.2212059299218705,0.27386486655970366,0.48868451087480835,0.5652013533486322,0.20969527329584103,0.33502431166369995,0.13271951251544145,0.38707437797580724,0.5718604679155899,0.22794786825621038,0.05003848824639512,0.24559341206093066,0.4274322806598523,0.027685553573610022,0.22102012385285086,0.0,0.37542279707435533,0.16781399343848413,0.21094804961950686,0.26212606034600583,0.6817976352637398,0.4945181556052276,0.15735941700826572,0.1553242810055977,0.06251837931232807,0.3165350640208242,0.6367459556065462,0.346999504504657,0.6977678470257533,0.6787770202778223,0.6516631649014926,0.5717882456904455,1.220896787308119,0.6498364646001296,0.6689027922889519,1.1750915268186244,0.8806258975877697,0.7671242931044624,0.8150831753494465,0.8319075630936315,1.2117686111831247,1.1733779756797809,0.9377933997354244,1.0897412010617202,1.0167810196762979,0.904189447736309,1.296276948717857,1.260785721738607,1.2685287105549392,0.9370372473528281,1.1316621104503657,1.288428684248812,1.212486157778958,1.6639895843728372,1.5703913281101602,1.6815860122517048,1.3971603251776514,1.6865792073283732,1.4169858750096154,1.9434931923177015,1.867284239299563,1.8307036405334731,2.054335263044809,2.114298058399692,2.0472806105140187,2.2761426501382473,2.2114314507934765,1.9996010186955484,2.0959164281689695,1.8885522125093637,2.301104888749398,2.012061614514316,2.2343653743952476,2.401054224384838,2.391299021033049,2.209007895615409,2.5503846774249688,2.8851718221458977,2.2277101075054393,2.6504069939101242,2.218969632755808,2.437792683756186,2.819626955745081,2.8248817699720803,2.436198440739842
3.400509337835757,3.0722209559432656,2.89972326338831,2.7495722806284277,2.4996177867694627,2.1016041526853453,2.0453145342053443,1.8185799025427993,1.427752089211106,1.8389140056029856,1.3850073072890812,1.7388696050627672,1.3723544603497757,1.3210532821770435,1.1368363315898975,1.1362929212360022,0.9109430460106225,1.288315962124754,1.1868439327568083,1.0816171449086855,0.7117318707196034,0.7817248243577186,0.6552030843928254,0.6361565550830033,0.6791860904942038,0.5105617075212159,0.5428261973891484,0.29441692983485623,0.879435417476655,0.0,0.37577931630021943,0.48344730192321883,0.6886969992002445,0.7580383597219136,0.340614565335871,0.558916715534485,0.6631921619571823,0.35959654959339815,0.7007539959023852,0.7804226207850107,0.9632167990626375,0.4075876411676571,0.9535876567459134,0.6245624572763386,0.6073630879825895,0.48203868395147076,0.7446485954621611,1.006309712643537,1.0938251411593782,0.6850161182840857,0.9142489293079503,1.0900074297800675,1.0063440868930602,0.770818664424775,0.5135054256574065,1.2092755898102343,0.6553689655250192,1.3245801401852262,1.0355430718479592,1.0582267523723328,1.1024373870277682,1.295856885491613,1.3347407959424213,1.413310853213817,1.1430867103371085,1.5249663206065716,1.3323680974921608,1.394943949071756,1.3877421848232494,1.6771474104876685,2.0527861212133445,1.780687311745739,1.575304935494458,1.693653567504052,1.8171051920290644,1.8144702992855635,2.021023329234488,2.1595849568776995,2.233318657278419,1.851760609127286,2.178912122443375,2.14643982925797,2.322315898237333,2.34772779815259,2.1434895101376004,2.3395221145149634,2.34236768201027,2.25182305429969,2.5312135654200922,2.4779231910063384,2.5661967369326177,2.7386711865060533,2.6851885840958225,2.3408261859662662,2.609358019256611,2.707239982655352,2.708429477023877,3.025540477984464,2.791067008756702,3.1592210596475425
0.9900822663963442,0.8079086424719133,0.7256770132916923,0.8138383308532742,0.9119817716984517,0.48277248633959324,0.6629047223806506,0.526178976881047,0.0,0.5188357553171148,0.45160751216869066,0.2629442826203725,0.1544623064993207,0.40624593108716844,0.5093136242127319,0.8856455784009736,0.7027511208744617,0.4730812740276331,0.22108560939410182,0.5065119840657264,0.28393512887567063,0.3560391680877668,0.36914595768294767,0.6396204221346284,0.8070620581820389,0.30992255641569066,0.625111459247707,0.5901532124677811,0.7499474730122078,0.6540007669250247,0.45276175975639354,0.5572756292052095,0.7272014620976694,0.7695758465196452,0.614772182693267,0.7278115166255983,0.4728028625589946,0.899599059141833,0.8585116219429612,0.7089904839837029,1.0986960572260376,0.8271306534822589,1.142323193571082,0.9228269084827527,0.9228729383140308,0.8879081683160468,1.18809270266385,1.3599385188865387,1.0514900407972032,0.8151056481932191,1.3284818742523026,1.8135074001795335,1.3664014595820522,1.144417450835208,1.828062351050031,1.3989079089853451,1.6993382608092187,1.8516158392410151,1.8106913431342715,1.6911758727763146,1.8661440369826199,2.308020282740559,1.988845246763967,2.0539997061026067,1.772780413713276,2.2677155026740348,2.2472602294167903,2.1742191428174618,2.421161948897522,2.4266501503329163,2.1886521489958373,2.2423076270796454,2.3940716327331604,2.594648545961528,2.45487027717032,2.661827096825588,2.715157983722273,2.856978686267192,2.8217584957001858,2.820153486997052,3.1367508727694418,2.8238472389018963,2.7560346570389687,2.7313583602520577,2.875828519428291,3.2425836108278663,2.9493439070755,3.065786815018937,2.9204566267363727,2.8736136088404525,2.935581568645121,3.0143068209546815,3.057640200937895,3.125611548437627,3.3718354406499156,2.9446503104443646,3.217949423851403,3.0411445409316027,3.241072405488252,3.0198887507083274
1.5601126700951795,1.6493813635181045,1.4424640831064401,1.629479384854939,1.1631545142061572,1.1117728128071533,0.9913365608851166,0.6493897747871902,1.180921948751278,0.8895912291808816,1.139289096836876,0.9913428420915462,0.9884052388182845,0.7505412515957772,0.8746442314740683,0.7020982325030758,0.0,0.8718716874163306,0.439989023636139,0.0711861737956454,0.5483826593873768,0.5856175132593133,0.22004654040060068,0.5700791470968127,0.45317379040083416,0.427216939884671,0.28888292916610325,0.6120975880286768,0.5459740180766328,0.8010679578179047,0.4599842097406359,0.7220183893527459,0.3894634399399983,0.36322045619929355,0.8851209674491702,0.5550555777762938,0.6305033317110258,0.8617632121431473,0.5768750592641307,0.8336840133743966,0.683138620455022,0.9890975896118963,0.9003193597200081,1.0977654118068134,1.1052912857587565,1.2902560004244066,1.3658200373454221,1.3111854980248534,1.0899670071833203,1.3829909699569356,1.3062623057571745,1.2685922509456713,1.7425929368486148,1.6572994358324777,1.7037546345388979,1.6037920912984625,1.5736880417577588,1.8467907388103093,2.0348496596891223,1.7317888130158625,2.139294977716629,1.6562547406367951,2.3492982942779914,1.769273166950656,2.1782605826604495,2.1285517028699275,2.101185878607051,2.2017112510430064,2.350959631147795,2.7451942791528783,2.460093586300724,2.9987805391090614,2.7593346654459108,2.592511049851682,2.7046457882108985,2.762593093080495,3.0489332667208817,2.9885474663768843,2.8321920713409643,2.6454939170284835,2.9630075242783374,2.6058238112535097,3.050055927746472,3.1033485986543337,3.109228464543774,2.9814236449736295,3.013968536902473,3.053070353470437,3.156824228581092,3.1922784945962146,3.248773272826158,3.2929642405184456,2.8268388695216355,3.3133089703863643,3.2402192996819306,3.4159001424256825,3.4049025908779225,3.5926169186120855,3.4585422280143003,3.3333036736361077
1.4199981175846705,1.3795256737925161,1.3067646752576962,1.1113928968070628,1.217092463406912,0.9460320052234987,0.6647974537209791,0.660639896940646,0.6455595662491689,0.8048779792417982,0.5798185559050903,0.5787122672801104,0.2506522637887727,0.0076218481551446615,0.34821751821553093,0.2870158963377172,0.20457753628989828,0.19995385229004015,0.3410160573945671,0.265211723645038,0.4210209678273582,0.45142007155073216,0.4504241690893327,0.08955641211177223,0.26318280898507496,0.1840754173275787,0.0,0.2603788378267904,0.2771138454035409,0.16061481186829774,0.4909681554980807,0.21087991567189768,0.3923224869236197,0.5239020303862265,0.32359135059077815,0.61010327006748,0.5589403345630295,0.7533362657886951,0.6129332420700067,0.6653497131751855,0.7332122772918233,0.9171577822805439,0.6895497797898642,0.9272212266931348,1.3763652853847699,1.2501372710261567,1.0987238880224943,1.5540011219103729,1.1965315808847183,1.6045791900831379,1.011466961400183,1.2179595657610864,1.5710306591832452,1.5677211449826753,1.5295898307965015,1.8691287598952133,1.7405077712276817,1.5813696391592273,1.6305549443033822,1.566963948493898,2.175472548959446,2.4972226714041863,1.5472334305588102,2.1234283870581745,2.8099714762141286,2.2720714377622517,2.1252253780673325,2.486346982631863,2.4961276104719676,2.2281489475226,2.416704649271791,2.7055885914542532,2.5360370940593437,2.8186137756557788,2.8949763457096243,2.939014621713783,2.9441038897040475,2.847498565111108,2.89794224987776,2.952495937136751,2.7230216670030405,3.078557771712825,3.3718213108175217,3.209786458444169,3.0265204368257965,3.2237955183420244,3.0279041387465657,3.4224693682088816,2.955110509994773,3.4031697211862255,3.1656894515711915,3.233211535357329,3.413189225136888,3.527992414481263,3.426626697738163,3.281054948882522,3.4271705616922805,3.250265180884517,3.263147380673148,3.300144751753299
1.0864278170056796,1.2136599788489164,0.7633797772041468,0.7615920945625394,0.5730434575854098,0.36197227696105116,0.7232820495395824,0.6811085876394962,0.7772678976024068,0.45434409902810735,0.4129160773119267,0.4022686022827706,0.40665751008776496,0.5952670678479421,0.6286185974317053,0.3727950088517975,0.4385207561906501,0.5133102423328051,0.0,0.4282980792458204,0.3595459815438904,0.1795664745053056,0.24360835829404515,0.7970801902730642,0.34650842956859407,0.1792705279283524,0.3443838736149214,0.6997195464638892,0.49875592017987813,0.488573122639675,0.44158450157988227,0.3852187872563775,0.45639139665101247,0.4752045411154935,0.6765768162671097,0.32942640619568664,0.7079368593563675,1.089163687562916,0.8005262031309108,0.9704659789329018,0.9190017483145887,0.7934635220626536,0.7015127827017889,1.2503067279497078,1.0443461029105716,1.3917810578301015,1.1177431886589062,1.3655575315865658,1.4230017214921116,0.9637454144865867,1.669563426264073,1.4446261415097688,1.5430507082737748,1.2801758036472126,1.364636487418137,1.4013775290902242,2.1567341790364516,1.9925689769767772,1.7875617816765494,1.8646047775790002,2.2380141315120454,1.735704047072561,2.016697979955289,2.009992224545403,2.205876302852511,2.4282868927316184,2.7505316598235527,2.3672314474368044,2.090865250028452,2.011336288025266,2.5965737441280865,2.3506336924545455,2.4750389529284877,2.5989503092150112,2.797135795058832,2.4989874368308698,2.4177611891970887,3.031961946036054,2.899234187915601,2.6549362331412834,2.489194591122052,2.7665688824008505,3.2156891734231383,2.9491806231577353,2.905543384093635,2.994114053018505,3.542715303616541,3.0318239821527033,2.8142678544975723,2.798350443610085,2.9155614816825324,3.1283310716809343,3.0188489255463775,3.450653028618534,3.200728937587291,3.3170874914073583,3.198604876003481,3.5713063444404067,3.345845017971657,3.4256136738642144
2.2514818733511675,1.6663570718189344,2.0033269966331204,1.8191023347039845,1.6865000722061367,1.6685150333554102,1.38385869480787,0.9715447728111783,1.2898691237944124,1.1279286855063937,1.1059448280192807,0.9661473425164733,1.0991790664033712,0.7736056659703721,0.9258716685698172,0.5121987513331927,0.5407651782232481,0.3219999688827997,0.3979877338724087,0.35989619317997246,0.42519600945671066,0.28133756120112174,0.6607814671990049,0.4616935441281651,0.2599041429929283,0.264354235835345,0.17912231094546804,0.0,0.019522993147379708,0.38650465562562886,0.10198738248914019,0.409259606459873,0.1410259146798456,0.320364301162833,0.3753998455757497,0.4973999729655034,0.591861755206823,0.28115042028059456,0.2907040512643988,0.476024752153835,0.5805534446099649,0.4844975558615605,0.5374261169097618,0.03497653187447902,0.7147126319473234,0.658557625913387,0.36246664597955736,0.7690125518563828,0.891879848550353,0.8004723519858068,0.5293370549844703,0.5483154786395179,0.7900322831135345,0.9605348340305877,0.6477734180594119,1.1728667360031526,1.1651635085862324,1.1326314166598426,1.1931658156929963,1.2344698020461298,1.1246766784013111,1.235857534695068,1.528732878175667,1.711625292776361,1.1780267056567553,1.451306911122673,1.6344302868287333,1.7280793921482562,1.7426437747298333,1.5421886549223256,1.610591650981826,1.8923683932602628,1.9993714990672409,1.905621336453823,2.155323991859106,2.309815192572753,2.258563357397808,1.8150003487089634,1.9007414260392856,2.4682221336560524,2.336243161331179,2.5725339368824116,2.2211883469564206,2.745608255829879,2.720228661569042,2.2200254125876775,2.6420249788419525,2.6035526531815947,2.417272109446433,2.6147093458158466,2.5784883220956623,2.9109330463108023,2.653708469361753,2.692143415778837,2.736671796049155,2.9786408785521417,3.0023600070830874,3.140562830806939,2.8669551142633445,3.0973729242044
4.772103870181843,3.8663967946351594,3.9876629479014465,3.6141639370450935,3.364140928250931,2.961286918560477,2.397466770521678,2.6144840459685454,2.2713976829663842,1.8197899161194044,1.6549124757194704,1.8706442440785054,1.4274796919947388,1.564368711198247,1.3408498393190236,1.308319019002509,1.1094647379912743,1.5115616785983832,0.5624993210667153,0.543098508289253,1.0636629208391568,0.5419578914241363,0.5668878293044273,0.0,0.5265040555346889,0.4455052567427078,0.4553723404982932,0.3544631372597262,0.3372720471477315,0.6631634776563491,0.553554260038597,0.23478903312102517,0.6394554411752047,0.3900395415623876,0.6654171004994467,0.5719074396146429,0.18990609469128295,0.4905404534569886,0.7342909206060639,0.63009467175217,0.7006493840521433,0.47265183555835755,0.4801026485743538,0.5782531867662559,0.6945240811477884,0.5448219060225306,0.8443879233766989,0.6833289476744788,0.6191211251151838,0.7280330895960923,0.5494796458213909,0.5644086916410593,0.5221076394223996,0.45843400301493276,0.8161635119830528,1.2590578371433239,0.7754114808253263,0.6795658002154941,0.6916748065164295,1.0834508919660912,0.773970057537678,1.1316726845517326,1.1242052277826833,1.0678149632458727,1.317006037738885,1.2825737039691063,1.6364281804402534,1.1131590960146713,1.332821128143296,1.2325233171718644,1.17966804667196,1.1867188237022042,1.7825021749831222,1.7821293065993942,1.6021933529640524,1.8276573744468845,1.6223542894730798,2.127275069080513,1.4944032960938731,1.4413202730149806,1.8501105755795457,2.021729643319535,1.7340276723690593,1.687468709801033,1.7612119636837935,2.0277544774446614,2.472948324749847,2.319769901808167,2.3220244243542982,2.3334121256417415,2.081446839583549,2.4604428322266116,2.2733779658403908,2.7340082969442268,2.1414260566978864,2.467982415440771,2.3770548122245803,2.4514381284894338,2.561496467319749,3.055627942415006
1.733169850911061,1.7912348480232385,1.9142031937449708,1.595819854257785,1.5433974096042995,1.7250765972572335,1.3761527786867855,0.9144022677865689,1.1417586536856756,0.8608220294687108,0.9585352348025875,0.7435832749443119,0.768268078079954,0.5716116065695118,0.8996931723553114,0.41446824214843225,0.5075954381311387,0.35382369405235714,0.5840179657320093,0.2858589069108728,0.18610755287313552,0.16553162835505297,0.0,0.8432978814951717,0.39865595596434567,0.6333645143824462,0.24697192528743628,0.5569882462696842,0.49578049093722676,0.3910540282085666,0.49887883754473705,0.6342999188899086,0.5143243523997896,0.526538556866802,0.5327292752266857,0.5582093364980025,1.0141699243639568,0.4342053822442402,0.33893202535967326,0.5603339949364141,0.6567534830472042,0.9055454117266066,0.7998251423162355,0.9711776118020996,0.8117593776557399,1.2582024144863944,1.0063322831488541,1.076199660634769,0.9755674360501985,0.985818530212482,0.9585172529993109,1.1115473947147372,1.0073133587164538,1.264503187687458,1.4960957993371728,1.468686308637949,1.4390580137621871,1.4396333388424392,1.6065446838202,1.4889951882477153,1.3199863627313828,1.5526739530947147,1.9289905876492899,1.7048372513937053,1.7025413070826776,1.8353531962277483,2.048221654705088,1.8295428929181643,2.1626926588672823,2.6930217787258783,2.0487126020435653,2.4392429881020785,1.9915484269360952,2.541555985755153,2.6334473770053872,2.274807834875654,2.3262526503548333,2.592692855007563,2.622574757872359,2.463857281794983,2.6188710768125176,2.5298689084715864,2.464319971429914,2.6299051974102206,3.0134319536082312,2.7614285510865137,2.6495160573249397,2.6595959058456877,2.9606149993407396,2.8842621055976547,2.7318582195162033,2.7615047445025205,2.9711733312931496,3.0402247168478045,3.0098013652490767,3.0066000787936016,3.328929407769687,3.067391292497403,3.112205453055031,3.270897069774618
1.6715675249477897,1.3477919172599044,1.1534802754637052,1.0690224370014754,1.2784982346215248,1.1916665081461986,1.102453833566532,0.792830118897836,0.7352641019582187,0.8800509731409232,0.7459937505183838,0.5745045431819022,0.4483178263499905,0.4843027580358257,0.263060992012754,0.424934915263913,0.485510194789299,0.6352467545358351,0.5051850253862025,0.7745174758802982,0.5070163342115528,0.14462577386760245,0.11473990478281593,0.3684361107218539,0.6718227008262261,0.20579276905197297,0.21031524630096854,0.3209211893323687,0.16624950980527764,0.4039357616676682,0.22469017199952823,0.512596017398085,0.17323109873032827,0.6175573047588028,0.3321801946095171,1.1133076611854769,0.626688646006798,0.0,0.2034432563173425,0.696602263605751,0.7009607000554876,0.763405430274938,0.4092108387548663,0.8624935951995738,0.7959563221390091,0.6582116068888482,0.7411494425324996,1.063479414907329,1.071971262452795,1.1035134013475982,1.0601094579282986,1.194818646889333,1.059411931434898,1.089351019568971,1.3459774715197632,1.0639867949807211,1.1741696066856875,1.328875239942235,1.2749480942072307,1.4806999375056797,1.4884078108143939,1.6158056877953673,1.9969841241739186,1.5778727101028256,1.909974809387334,2.270081902191219,1.4970221636553216,1.9586715200364342,2.0019770973433513,2.0188790991215804,1.9287434758261437,2.5531791033213267,2.223905944263864,2.129165138250725,2.1155709975599457,2.218304950268198,2.2749372946379385,2.083915129660399,2.4513294753733756,2.400931746437637,2.647294809531303,2.455433220136129,2.8730112082975694,2.539507347363111,2.869233814203735,2.609959227509391,2.528975696291184,3.0188470184218534,2.611544282869925,2.572530970291016,2.921285292481789,2.878763563450498,2.8692105183105063,2.9355041618674296,2.8279943659858233,3.2882979800587204,3.065474228506451,3.2765194398455346,3.161679969855131,3.2344962598501734
3.829894392516607,3.218411269990387,3.134049498767677,2.788625428243236,2.526562798830742,2.1543163696746674,2.0476925744522347,1.89108627025848,1.6575316309021915,1.5158285650937273,1.4990137246542616,1.0708845706543926,1.271426031928014,1.317043741532066,0.9956320202791176,1.024921586390187,0.7799654695077152,0.8722886528533476,0.7284792155433042,0.6268244589288958,0.6357438436057166,0.2366701587502753,0.38182781366971597,0.4380871393064343,0.2640364011391725,0.5889588340124412,0.23942170311664412,0.43985005083805184,0.5576070891118352,0.2689531235140059,0.34649374238982134,0.0,0.4770555747098246,0.3164833434103418,0.31861604097426977,0.4737431680785935,0.5532213445496481,0.3890500787391087,0.4831954389180133,0.13612325987984164,0.5301197209181012,0.3326999262039756,0.8991784092079609,0.588485718359312,0.7933638849248386,0.4130711000444194,0.7398942425712391,0.7393279940647997,0.7947969461719353,0.6454307031165101,0.9721146723409788,0.7865066558163125,0.6770864433631107,0.9977837424802001,0.947453296668094,1.1681503512148979,1.5151195061325868,1.3709551604781414,1.062579951862265,1.2411812530145827,1.2623724413636896,1.4064992686041808,1.3379710278931114,1.4210561669719741,0.9382821111408379,1.4260717208622076,1.2201349497975968,1.450316379850495,1.422609737606674,1.7049839183570477,1.7733635627744633,1.8360859944852486,1.9093081831117757,2.04829015774952,2.2343288772109418,2.0072963488038944,2.2981696608085542,1.8034685350815103,2.2606799114481007,2.174845486848678,2.4750575177606393,2.324782771250508,2.106500366765335,2.550525171208754,2.334798486897043,2.2515797706771785,2.3081005149338267,2.4093866548593112,2.63781793837418,2.1776831151958085,2.875556222255149,2.4685851038006774,2.746590629386894,2.7788979584524007,2.7259904092589977,2.768529634044519,2.9219612177028473,2.9650594118507065,3.0201169988431467,2.7481580748563204
2.265351055369143,2.02312356103881,1.6593949103230337,1.165421292119067,1.640818641863829,1.4162194746110135,1.3344830561438101,1.1800471590179828,1.233727098738921,0.9894019052332457,0.6875976070780805,0.9100024528373982,1.1201952224444405,0.7582559018158843,0.6515853649931902,0.5967926096834049,0.453742460578038,0.2982730098511688,0.810839941870988,0.4740865127924625,0.37583817350601123,0.551276498833495,0.194205841242713,0.34656312803337563,0.19241659889266138,0.40929059360470355,0.39431932683383053,0.4166985206775724,0.502163803134847,0.33312785631467356,0.5532335520354437,0.5467112549452935,0.46368361069427166,0.5132034930247844,0.0,0.4993491146951161,0.452872898213581,0.5471327962171308,0.6273556984345348,0.37350934399457536,0.40474440530665845,0.4888314244943235,0.09038373862052573,0.5527861525341038,0.718981212553544,0.8096625955519983,0.5339524222138312,0.6475383665259962,0.3953712849567541,0.6630595058250321,0.7158393108876133,0.7179131609222349,0.7734565783364111,0.9204306038430801,0.5476895973688674,1.1660018239549679,0.9103562167840238,0.8162328378298884,0.6840827244736047,1.1674205446533925,1.3793552742233945,1.2310370096908727,1.2328231749288339,1.6464020874234997,1.3904140320227842,1.6083767902816088,1.5524820403491386,1.874733986068792,1.4172411968351817,1.6118550441443755,1.720494473516494,2.0041251772397146,1.7833709192305633,2.1745192533067517,1.3911033669704143,1.996357168469432,1.9791985739239308,1.688721348729981,1.7557862708961078,2.0655000058055,2.3878761354023563,2.0898123592432487,2.3605679471064036,2.2839145557241363,2.328205699837614,2.5967744659600296,1.9905537036362997,2.4183767839253,2.7011792620082957,2.8625608888543628,2.4375871981265025,2.807097480237708,2.9070792889398227,2.4850799274657422,2.8633383165241924,2.8593687961475442,2.6355425311695733,2.9915369806297356,3.0032662781683754,3.224538586085771
1.2254870715668318,1.2763249349376373,1.088094737383413,0.9732012411554418,0.8635505030141974,0.5411194757541686,0.4025518897499012,0.7789380793087872,0.22263141399525566,0.05678252574783649,0.3176958147852371,0.2559781456791139,0.2905088060766161,0.25829437290521895,0.39890143932700184,0.37563645633285603,0.1703640134285731,0.001025916185284359,0.0,0.3117574857224792,0.24007894082133419,0.5685262829171673,0.11379545998120122,0.5073765523620875,0.510916978338015,0.276246834553719,0.4743173804458056,0.6730420049716201,0.7404347179070196,0.3246399910112512,0.5570784106225641,0.17762790699280018,0.7889190796055505,0.455882634436481,0.4084021661701076,0.5235071857811437,0.6377256238069275,0.23389062772095315,0.5909779504848771,0.751292707080486,0.9960478381215818,0.6941492009721202,1.078161951693044,0.6674182455699569,0.8099012622768598,0.7907919159188523,1.2376988905425783,1.1066870353375098,1.2920912314079267,1.0369718107368762,1.0750818120682126,1.1597549392244009,1.4879200106593942,1.4425467515897257,1.9004073649892117,1.3874653708116504,1.528883148679821,1.5425147238249526,1.5137353899328652,1.475651676468349,1.6772735744820118,2.0211197775927463,2.0852509405858743,2.078924713306309,1.758314909343623,2.368667844084287,1.9849652734807872,2.1982668917345283,1.8338205140083215,2.76680886359353,2.2884903254071904,2.1577853082722367,2.288648923364745,2.148121601335502,2.4286775528276987,2.2150848284727775,2.1263617299645627,2.828852347644597,2.217187947703783,2.671190136293154,2.7198331315054833,2.7279559836672984,3.014746488372767,2.8784752025707316,2.979872146816321,2.7147260440007113,2.639245672130736,2.512523130939046,3.0040111233239752,2.7736254895026367,2.8965373398482424,2.5802228505771208,3.011184953151483,3.2367534336919395,2.672010415599237,3.096959053907513,2.9083861597421024,3.2215328106522154,2.927148138325153,3.1417238269810834
1.4481488807545198,1.1752182638034263,1.2089643680866047,1.6010675045024403,1.5349707173661287,0.8987741620305663,1.2054010083227755,0.6632839959503976,1.188348747207593,0.9762085781513896,0.22674773135186221,0.6673103052832108,0.7798371268731596,0.5246242771897496,0.2929049418560208,0.30599219440558656,0.25142220750738176,0.6598296499361851,0.06806806485510108,0.20037613500276663,0.24926884697970486,0.13753170955697236,0.4206409708068186,0.3582655917049369,0.05211637843830452,0.22406265554870686,0.25742618396437855,0.23707869073447974,0.1111585173142089,0.07658860508634469,0.0,0.28814161730593746,0.4897522917283741,0.24785505455738388,0.5090939678568276,0.2359309609019462,0.2083367546798911,0.5693384149272926,0.34044147861127527,0.43802706759305465,0.057208615182261724,0.6425538110837508,0.6175453232620711,0.559686887642119,0.46189277271128404,0.2253491433089252,0.7414820047950261,0.6529641151599446,0.5792250226514088,0.48620418641452723,0.6156564571853966,0.8100351989709704,0.8242779487059924,0.9063006844037478,0.6436834202236152,0.9825356555766671,0.8571579051709008,0.6794717157324222,1.153029683680602,0.693230329845278,0.9758755476863872,1.299004266677617,0.8650277877554888,1.100252635615485,1.4758444760655394,1.103186757469306,1.24829961531786,1.0440243701154177,1.0258404510064807,1.5307174882190573,1.521799497898492,1.562010335968587,1.407462931032594,2.30066178134944,1.7369124028653875,1.7848075764571245,1.541246952846402,1.6378077204526829,2.062668073013837,1.7920321123864689,1.9632499699971735,2.0460047925205274,1.9222166706232855,2.1415777413987698,1.8837552217987952,1.9539637545256987,2.236313221662577,2.1689368368005866,2.3837516697805015,2.332817855760684,2.250252577636207,2.0104302679287116,2.5511043162947935,2.3670837426424676,2.4870814270773174,2.2541999900246097,2.6686345128305007,2.3018951864294053,2.9686007997600505,2.558540053066878
1.8768009967734631,1.3777038993181208,1.651254269356583,1.2902891368432563,1.0276892141961813,1.0053187418262333,1.4219121102784271,1.2852727234924384,0.8992718351247753,1.0601918634576624,0.5339968894387237,0.9587079066314548,0.7071826761386131,0.49823508032806885,0.6027585052326607,0.6387635494154349,0.13370002749169352,0.5206211403983936,0.31232966755882785,0.26203121501067983,0.2591798418356088,0.10916192965818361,0.4978850509169064,0.07542218682735147,0.25752300573629405,0.2560243789335157,0.0833195627493506,0.05738454148042038,0.38839075656423283,0.0,0.5089883987974506,0.04749966851642107,0.2671499078075108,0.3384667990603063,0.47264561573928887,0.2928505663445673,0.47512441854559206,0.47964005068214277,0.4546317504566293,0.9604822252758733,0.3988989621865695,0.8695152807424886,0.6169378831558419,0.6176808396808298,0.7004537354093952,0.6632230189059491,0.8003268155157262,0.87219917152429,0.9032461443022726,0.80112684311867,0.7304103123783818,0.7974662117539104,0.9203616659186817,1.5688534418325144,1.299766833656582,1.002821575402745,0.9615360942721445,1.1231487030120473,1.2088841522910911,1.4224498109545483,1.2387644515751717,1.706514005415821,1.4372613331186166,1.6460843625821404,1.6077508796428521,1.9067391206212392,1.5023058898707724,2.0938150607580077,1.4909317947020089,1.9596590552982835,2.192318156584765,2.3863923051307694,2.4331412132455803,1.9135271706069368,2.381834025787125,1.9623915068016835,2.5132590935579877,2.16337248011399,2.7698208471884094,2.3593427779147866,2.6501986592655804,2.1100407163317083,2.671013415521241,2.4348042849579628,2.3838645826358658,2.5646847005731885,2.76064701367201,2.481117903029542,2.707619911402965,2.7303854361829174,3.0675672654067334,2.9264399594865687,2.858448110008961,2.597450664614147,2.9760779980612675,3.0988206165829055,2.3757877293973877,2.9795262347450198,3.1253033202184213,2.6173420867737107
1.4759425052630384,1.3436696094720642,1.03468433328206,0.922790890471088,1.0010192097595194,0.7352249192306726,1.123896558632806,1.1005380419623592,0.9068183743458551,0.5674798451661456,0.5255454019692483,0.49653862995863207,0.4268347929150469,0.5444997573653332,0.595887962211803,0.6316039332732988,0.3405330952872223,0.5577496650342457,0.26646582076423186,0.17629339042635905,0.3991901285632782,0.6031596165064812,0.7849063520861801,0.3084332305323372,0.5238273681715686,0.10273373150885412,0.37679176849457185,0.637580311374311,0.903815673860441,0.585386089330413,0.6789194530284597,0.0,0.032406906531843305,0.375213926398807,0.38166825807788385,0.49561911512643775,0.5388402309333369,0.175165915693686,0.9786823964937419,0.6992308689519771,0.689424018066072,0.7604261489603683,0.5419084671001304,0.6177735552785464,0.5722714071499251,0.6598603715321882,1.013013581134551,1.1317624280004122,1.2898115034463657,1.2251573793465624,1.4475633927899434,1.6799676917671977,1.2931817831935621,1.5025567908137045,1.3275723934213115,2.0535256986995627,1.233484065186051,1.8266284090749352,1.9963731064473365,1.7858749742405617,2.542421650137422,1.5834442727734732,1.5697447726212932,2.1493412852583322,2.062459245704506,2.176684880157797,2.0500895846871874,2.171699159499699,2.0994319701413318,2.2868959417143184,2.250776942541778,2.1250214666890805,2.371640765664292,2.352334075825624,2.8165338904442265,2.4987999312287847,2.6123389764287914,2.613276110679669,2.3593192249409682,2.7106291580823285,3.194604440148872,2.9006041076818967,2.8224358279017316,2.875119788449563,2.7384672401619987,3.033556224524805,3.0741011860691962,2.972165861459761,2.8685494397996862,2.73055737450302,2.5910472458491363,2.998384727132443,3.132736553986316,3.2841457709652957,3.0919815095961276,3.437278233783598,3.0459242144726844,3.3512365839225886,3.451288377860365,3.4496571011755037
1.5577311886398029,1.1321484022120387,0.8336724387116163,0.9033838101680054,0.5763978100153189,0.6725701634152124,0.5406623662224916,0.28741235523087383,0.24230485793210832,0.4145625321307449,0.6514956159912444,0.42468775091374766,0.04686324644644557,0.5062028528790741,0.17049443673128906,0.025023240807229286,0.36294197458281374,0.6147882108086442,0.5126882669236146,0.09255494170059464,0.10776699122575906,0.0,0.33390259995180216,0.2239045029608171,0.32713288414016617,0.29217786101592225,0.25726454689908707,0.3288642079642905,0.41306672436233427,0.06378319411693667,0.42176085670561037,0.38444864350424623,0.100319264839424,0.2967858947129436,0.405272165268034,0.08973374816513768,0.3855197251236149,0.34152546228008873,0.25979809421203015,0.6391384496545598,0.5273315378980605,0.3819777707856069,0.6369726621988896,0.31352520041474463,0.7442271748288078,0.4255313547606967,0.7097967450020413,0.701159285529716,0.5205010245011543,0.9095429713317813,0.6631348229443468,0.27377811103874095,1.2770817889890012,0.6685608568878187,1.181625929718301,0.8509937902606097,0.8270851872628668,0.9947170653335142,1.2174242775228876,0.7621651314107076,1.0827608279964842,0.9017517168955678,1.1297558166036445,1.6904950053449141,1.4394782357221914,1.3009875741994072,1.4093849315275229,1.3525510416155306,1.6619141173141045,1.589540163642976,1.8214057889867554,1.6223607606955284,1.7347083367728189,1.96135102311273,1.9568065631600753,1.9840766408212787,1.9523699951348554,1.7948729979740676,2.023739062027083,1.7637530520419027,2.230974570222603,2.249100403267917,2.2616351817132525,2.2441880133596577,2.3856417329475725,2.159814207331653,2.1160880317531117,2.2678985970149306,2.1970075887069243,2.1900948759997156,2.2569549333374326,2.364012673304618,2.4388494304418096,2.2909312309413856,2.4664859077165993,2.3496624138717017,2.6444315396008946,2.834142312865506,2.5990346505955237,2.6222458176698
2.2925056406170548,1.675095267256964,2.20376948127468,1.7965370154879832,1.6083770216022337,1.4513121711218755,1.2972878137833366,1.0976415522215746,1.4825194680102243,0.9601635020915023,0.9823673753160325,0.6127607811955116,0.9850696196094209,1.0484501417005792,0.4178451256927094,0.6498969138139987,0.7413436028344158,0.6068466205026635,0.9604558950211146,0.6727532265050478,0.44771444229254875,0.7239025752738701,0.3400570251756143,0.28672893864491833,0.3080016766521467,0.38153333888002017,0.5404699797860566,0.0,0.5730335211970559,0.5256126228469604,0.5523839997203037,0.0924199657448117,0.4955489481866202,0.5429695953115452,0.2175213788238537,0.6480301471251337,0.2399901547848735,0.8071315095869789,0.612722850391977,0.6463958050739915,0.861112112592787,0.34358353337728964,0.6460381336020724,0.8424596441166088,0.8466083162828539,0.7503155218034507,1.0456639345545096,0.6765154804676392,0.7115102973302321,1.2188785675819975,0.7565016225284555,1.2275374442506113,0.9449650295246368,1.1245294132877905,0.9470785537206332,1.2870397200604078,0.9871703552531361,0.7738700649623436,1.2109785924906902,1.3164584478724173,1.0649764486415165,1.4304120297025875,1.3289370388073163,1.067448881913208,1.741396423778129,1.3538151118608877,1.828484531879253,1.6244438078173165,1.7520506176775275,1.8511879684078352,1.7262569586855054,1.7028894160371557,1.6200493076871805,1.8836946391176177,2.0749847063223594,1.368674643745118,1.9306515536864755,1.9677473379640258,2.0102655179441395,2.3221082598968117,2.150321604022226,2.4088669463878514,2.4377815431424974,2.653746010927609,2.4542596206813894,2.081927644273632,2.570302159512895,2.4732802357512007,2.4857564603004363,2.3868144617831266,3.0379502989604834,3.034756627078762,2.9035093132845162,2.4778259531308215,2.5664423820327027,2.6523907152353257,2.684063149538339,3.472505642419014,2.634471344847425,3.160360596078325
1.2329456179150817,0.863749846191455,1.2132711901554618,0.7672967694889792,0.7806283787298298,1.0832525321963118,0.8191387264888821,0.5047269960237877,0.5373485420792559,0.6794241253235125,0.3629539630435623,0.6395227233553769,0.7752518077289086,0.4953635665522995,0.3880761844495879,0.07368778567098744,0.421722045894807,0.6201790164493133,0.3547045873520869,0.24636096734139734,0.07484214078801621,0.370042722294329,0.0,0.29805964030617105,0.48681011155480824,0.8044184248805344,0.7342280800506522,0.33744000444217015,0.6384215399944715,0.3101600901464323,0.2194667542050368,0.6977011855713879,0.7718655064018591,0.5924415823800206,0.511061010111785,0.8563466092496856,0.8658299809441647,0.9875112564172301,0.8982829293283157,0.6079514246753757,0.8601741563816159,0.8815392776877857,1.307630065355097,0.7504465404404073,0.8326332503157374,1.0925696726545517,0.8066852594141274,1.56346083822908,1.388686056468238,1.2565849515824432,1.4203226026241857,1.298299222557274,1.560625169687075,1.4571966741068678,1.8394632133958844,1.6565167132296903,1.8389326572850369,1.6732322765565488,1.7458709047082746,1.9020430666566117,1.752182001116795,2.222037106711106,2.347834055498149,2.102645919340775,2.1958027637501303,2.0973578369485644,1.9269599007380158,2.177307815860704,2.4850786059605685,2.1779161334685533,2.338985963577148,2.3073350811527327,2.413403108455835,2.8568433420651242,2.390050452138528,2.41644702897068,2.474959121409258,2.3624665464181316,2.5680151965876963,2.4793495976424484,2.945733992055805,2.6082216336031987,2.9172707281911574,3.026034389545986,2.8373900249140345,3.0835770087945757,3.2774044565023868,3.138327472527058,3.2479675188807295,2.302182416974196,3.049966869115968,2.884718512055846,3.0483021346331167,2.995563327230057,3.459006357748498,3.251345088104612,3.2286531684637314,3.2683226162648804,3.35478688696117,3.322084939475088
1.3666970357079897,1.5911142956209758,1.3237378623883433,1.096696700936448,1.0241882671707803,1.0372935788391136,0.8485813121368793,0.9901850090266251,0.7217461079987064,0.8380898410104454,1.161393679275255,0.781721470482708,0.35938029872904487,0.6744818149899388,0.7147413675936853,0.7500553280536213,0.740302393019439,1.0014290984189813,0.5874386656640542,0.5718392646743311,0.32269472624405005,0.83243971135024,0.0,0.8553278442728711,0.6459414261190588,0.33157260322481896,0.35663834163922736,0.6434605570250671,0.8644603654250194,0.809763488621229,0.37003064132633057,0.5119991129986072,0.4663912379578541,0.559670694722346,0.5176822642359831,0.6047330820575532,0.9035487640504165,0.7306310153539872,1.265862359200229,0.7130759147297479,0.995158063362739,0.9046332810642159,0.887750772643809,0.5672862877995755,0.8609695162487387,0.9839678783815629,0.8979923463088895,1.125566344342234,0.8790668024906125,1.1509748768982817,1.0739856321141215,1.222203610896596,1.2210902679843016,1.3144529053644476,1.2147878432072599,1.0058789674735316,1.7540455665250132,1.1129189394328058,1.8219516603128145,1.4750686066210719,1.3540029045197937,1.8254860116222744,1.6401931507985115,1.9036129737151057,1.9753144592077128,1.6872318245940807,2.1192883756896688,1.8859348547551473,1.9031361049211046,2.3247055624941098,2.0873697047955506,1.7956912962488971,2.389799012925476,2.2363434425751443,2.3446439120468128,2.3450817380951356,2.5104759442079896,2.457122863221091,2.54592810667188,2.2235081747986545,2.7407501938588865,2.8496972850673643,2.893991874516253,2.3730782862064004,2.8156388623862156,2.5247761518953666,3.087429023707145,3.159229704952235,2.849601939413695,3.2185252421976926,2.6947959585717953,2.8540819861662,3.107227577685528,3.2271657129505407,3.1154733259455085,3.372175415679063,3.758623677182289,3.1916562032858664,3.235469372005472,3.403751571520779
6.834767935354444,5.85325350695493,4.757963050453556,3.890127352298622,3.6561422806838113,3.268087032661837,2.656334254049,2.3880898529936374,2.6169120447887853,1.9465968965697762,2.0613084951703193,1.5224768857553883,1.824484676691931,1.6455746807934162,1.532953014083084,1.7163415262350377,1.0951721749180017,1.227291752527826,0.7291708018398069,1.2374550075406692,0.6485414846553681,0.8370627692677353,0.93948525424784,0.21284806331691009,0.23206478196256697,0.6750049015189994,0.0987826150290001,0.452257573621516,0.38602996146608426,0.24411269498971322,0.2348698777149032,0.48561304322842425,0.4154977712784387,0.6445060074967213,0.284807666262056,0.39687449492922333,0.14445343020651968,0.3394755825381317,0.34991564834162325,0.7088393945124292,0.4129653386528265,0.4568620757856081,0.19321539367526164,0.673312076591964,0.40746122723671085,0.1350376794071817,0.6670255149055233,0.5229315006219029,0.6563660131327573,0.6597966929275181,0.5070562476632166,0.0,0.6274324184095601,0.8828596714485553,0.7123064811409847,0.45457490977753956,0.9807530713699748,1.0015100690475531,0.7221903863272878,0.8336863362111373,0.841824918389559,1.233210138487408,1.1495357496098695,1.4368884201645535,0.8621622821329353,0.9934251412731925,1.1244125807330327,1.1358716238448228,1.8435415964167028,1.4223290160569366,1.2083099630252843,1.256009011966972,1.5585389250873334,1.7697877547938408,1.857673670464969,1.8244289723342124,1.846365411448799,2.0341035038092077,1.790839551285373,2.293285804478222,2.2140639942007176,2.056713402510928,2.028809510777938,2.3857270495546317,2.380823055724319,2.163233002335641,2.5884839652582983,2.044935661939494,2.0929731947369064,2.2512993545711915,2.80652548577679,2.6468336480135406,2.584189254381755,2.5858797523553356,2.7001992836373834,2.6465777295994197,2.584522130105812,2.883194502097238,2.7085060303950126,3.02185610003532
0.6142024272511821,0.2655775169128257,0.4945272622293021,0.0,20.086161907576066,18.900867220804937,18.367712919448813,17.864401535419113,17.756553580964194,17.424835683557237,16.99301746865693,16.761084130636945,16.751741681447417,15.927171296965945,16.62217713662478,15.785387373888954,16.03760353490498,15.671368558457287,15.539344309999239,15.911218342174047,15.776304471885402,15.498397265515482,15.05341524900252,15.086518421865986,14.946534238958616,14.849701809318736,14.833829798133644,14.772587035179118,14.604950832217547,14.975958023327072,15.045915696178685,14.574715125169213,15.37767209961441,14.567728690697148,14.780463436890392,15.264264102749978,14.659500720695904,14.692343963783276,14.651744153303547,14.903699955322697,14.984431248034081,14.757478464966487,14.709395966731817,14.740876626086731,14.69756543300795,14.85155893299377,15.043846212462403,14.627328238943647,15.284119541611691,15.129112059053954,14.971675289720395,14.945444762698322,15.104191210380435,15.011035374351406,15.621852080851417,15.296773155930937,15.351165763597605,15.401677810291234,15.339605329919534,15.642105680340219,15.700588008358121,15.494794515508378,15.397388845570164,15.492927800502297,15.816572634821044,16.122840289007055,15.914631119213928,15.728406312714899,15.98067802296973,15.973051883184798,16.23039498084232,16.237900508391387,15.898591413669134,16.30514065871785,16.66259116382056,16.163544335402598,16.266557803130965,16.517878954943306,16.56626889618184,16.65984986415439,16.836447108329146,16.67089622386753,16.903181430254907,16.96322261929982,17.188327012094323,16.625355588268686,17.014856798471442,16.84399041606587,17.024781288616204,16.867071040456683,17.119123807836665,17.18863571859861,17.250668307246123,17.1155262722754,17.589101312418816,17.143232824235923,17.55371523607617,17.71285577517903,17.443898027155978,17.2865455463828
1.0494363565822855,0.9533187025834504,0.7634309810064259,0.6254531668176799,0.4874417809946916,0.5170330316748455,0.6910559237420788,0.16705486137383652,0.3388387065463565,0.32518158309527045,0.5162910415843012,0.43317846090649326,0.44368148204339874,0.3697985425243644,0.4689819246979372,0.23622647502618577,0.2426924637732828,0.41343601764137894,0.04802379596498696,0.5014136995335594,0.31135354042474717,0.2591066375369824,0.10857537191938427,0.3575129312369185,0.563351594895023,0.07021975189617358,0.6835590944404348,0.17072014358840804,0.28020364820179466,0.46447347056120414,0.5165600328453905,0.6200755708859891,0.1609713716705734,0.5543711616854914,0.47426488146548706,0.43706611062865974,0.37940796346197203,0.6244012373658432,0.5666834472824895,0.0,0.7273084446321469,0.8907687153414159,1.0379351166900364,0.5778398234857338,0.8221612642558984,1.2263158264098966,0.8367504000091355,0.7317007410674936,0.4519692774490487,1.0137721197518896,1.0088155534383905,0.9771773935610142,1.160108366821273,1.292360072849636,1.1898339920368652,1.2436786831035924,1.3908518040661413,1.6862139891619545,1.4115094786264102,1.2444931583761445,1.662409482386126,1.849478125669382,1.392170338443087,1.5247277159604486,1.5448260223486905,1.6936816089745381,1.636589332125249,1.8015089054115805,2.1108866650326927,1.6316122130099497,1.827078410820837,2.2568702148504016,1.6515852398049393,2.095113451554015,2.2857952094609857,2.1485576339056554,2.0244047306122095,2.254075185428219,2.32592528875103,2.1045079269044944,2.29861728515335,2.6589672494041263,2.295477896785389,2.2778923955858836,2.2323673563684654,2.734924658447225,2.676020576869943,2.671654227812544,2.377871227308006,2.931722594118357,2.824657755495684,2.731832800377296,2.781539964661752,2.751436491450308,2.8464381514983845,2.6189071388883445,2.7074870387866685,2.748712020931249,3.1898799534505056,2.6645249285403327
1.3670843759729685,1.184382353694991,1.139047725229112,1.0663317455489096,0.8748111606387745,0.834815518316935,0.6250662387155934,0.7300800022103981,0.5482755028666144,0.6990231259331896,0.6240809451144127,0.5237076861921626,0.3510480341589659,0.45721342175857416,0.2218643817053536,0.578600816628537,0.6150281715956663,0.29892496390374745,0.2148351855422188,0.4424564887146598,0.1918555041378518,0.15967787717343285,0.015685965379159228,0.4556652777390031,0.45881006177220307,0.45613761161688515,0.25384371394474314,0.3675590605232699,0.18569806956717194,0.21741020974807945,0.8671162151313112,0.0,0.3620537852027894,0.6235279001945226,0.6332520724651012,0.5345937994169141,0.5726190176229302,0.7753210634661443,0.6499614687294155,0.7777788440274218,0.8956295382584489,0.7190960191778952,1.1508644399352743,1.1492677385858858,1.155491198279302,0.9085079581035949,0.8761670416093708,0.8369211784046815,0.8602640297572961,1.410903760229882,1.3394059501891995,1.4551830276937388,1.3163985017583837,1.5372338575385296,1.514826982404598,1.3328411871808683,1.6037419958246382,1.6908724049519002,1.6863278698433355,2.0169827660912993,1.8243745389191623,2.1765052683439805,1.8980103136713158,1.7173378502253147,2.433428971986441,2.019355606910384,2.158318382009419,1.924279004272739,1.9647520378842298,2.280826046752434,2.314615820608511,2.342461837539533,2.6151658096868857,2.1458429155480783,2.344579035908424,3.2854451193820626,2.601805698654182,2.7360155248678275,2.510392964739241,3.1142467595869068,2.691545825479933,3.0604598687537656,3.3577980955920363,2.7886097366612006,3.070489677454608,3.185374007370603,3.0242179004843432,3.245713624902793,3.338851579746846,3.1852605977736044,2.7941275541689166,3.153418275436673,3.134505129442532,3.3952595782917054,3.31474887788748,3.14656395449728,3.1275259622075264,3.439162667541316,3.4471917584142506,3.5617678729871027
4.148241725130493,4.024922934239168,3.3635112569557357,3.152154836342369,2.713486767183934,2.5404057832949114,2.176271109367722,2.0542311633555936,1.954968964814638,1.391041803270559,1.1871925379548873,1.165727623444205,1.4028689991722452,1.306676761685166,1.6626024966628847,0.9033215843262123,1.0063792476336193,0.793465516406453,1.0247206458376308,0.7996406231149003,0.4574668594702018,0.627265769612336,0.9669550590598028,0.37681169602346287,0.6844517077138654,0.5277367679340106,0.5168079998527997,0.4804206952761749,0.7659328456188614,0.25534125800404617,0.396418837910538,0.8716826612564486,0.7998913635351386,0.2986623221983411,0.21236825972224693,0.16321733622609003,0.43918230344777776,0.38632811946767553,0.5021323812866143,0.7420650214875533,0.1591852502301112,0.1730637297244133,0.03179625813015541,0.7967857585275411,0.0,0.27009779954586044,0.8256147352410395,0.21556569099804257,0.19775918408891435,0.4876262986965614,0.3744249226650851,0.730412372972232,0.34120873143774944,0.9041822119723584,0.7152473691790764,0.8273792275029574,0.8049443069040958,0.717418457038713,0.9400498163544029,1.2835946088176335,1.0679390647367306,1.333564752925902,1.0212931016654583,1.0847369635943416,1.1084129149910318,1.007439109308205,1.179799403456462,0.9336301268906038,1.03468649940959,1.3351104363652944,1.4232032953386735,1.5894278327020945,1.7579485284135075,1.4654400001584609,1.2621410714836774,1.645597349909126,1.5517140757644654,1.7828237088086283,1.6965246959467617,1.7097410258228596,1.9866291340318334,1.9697831564204868,1.7293460369457456,2.041493052044853,2.025365335343821,2.0318024149772462,2.437223111555088,1.9245211119116696,2.1288696461680026,2.1611074399481005,2.5278609388546087,2.5548202596362266,2.1324593486866803,2.3746538584207393,2.14274112318547,2.584453933745806,2.525616667403991,2.374758765906037,2.631907632527522,2.8233384352655335
1.2246493114596362,1.3291985373826147,1.0448748934936276,1.0961937314100858,0.569484143333792,0.6917303640418186,0.8061714842696706,0.7313576116525748,0.4403908664074727,0.6179520318430622,0.4830071959622586,0.0,0.5759367126881312,0.15063965101356658,0.7144028465485679,0.25999105802273625,0.31142180013416443,0.7439583095493099,0.4118016252261132,0.6468884123011911,0.1457429116362956,0.5671686750246021,0.4908399226755744,0.32238155296259485,0.6320121986767333,0.5452637386927357,0.6995960602959457,0.5819149979644962,0.41495260725346483,0.7710049379048058,0.23129684800327333,0.9936122354643597,0.6606577109516731,0.6433711279419434,1.0302778744367789,1.0566761195408052,0.8599664444284834,0.5489379743802694,1.0026543577465592,1.0330313186065307,0.9625595270282581,0.9099985465604892,0.9413981326393124,0.8427284251954976,1.1951457127299392,1.3731318935421974,0.9784036982774644,1.5092462330722842,1.275242746635847,1.9820971209822638,1.616977067705875,1.2209004178157734,1.6598188452299087,1.5130449165893278,1.9983720014715356,1.6548590664395046,1.9214961652245623,2.128740583354766,1.9208015190622323,1.9354174911314015,2.3779537757689884,2.165472119109694,2.4002115040052594,1.7030981529613083,2.38534108588979,2.33883480183756,2.4158594184232456,2.447510568260446,2.6022307077634306,2.4252176668637055,2.6864779021652794,3.043527119946468,2.5621614071982215,2.5724071198289042,2.930329427662773,2.4119522174255508,2.8808732438487965,2.458701085904707,2.608525458001173,2.6248817290987105,3.179792802808727,3.212572228408945,3.041554988098543,2.8069211689673246,3.052669434272545,2.9271006049420976,3.2196368215221156,3.10927147082824,3.141185658987247,3.2095302671818082,2.848598459348082,3.269281565043812,3.104744919003082,3.0808443718439342,3.2036199102328418,3.557516030882706,3.4072121222989082,3.4679911186793078,3.394386879146893,3.336490694536984
2.2648767441272835,2.0405873284821237,1.6548041172228594,1.5611935754886765,1.651703297919438,1.1917605940004172,0.8712031763248085,1.1595453065470291,0.8150610455989877,0.73754091768817,0.9028125250053982,0.5795786231704252,0.746463398257811,0.8925876792540937,0.7093885038543704,0.24371044778228068,0.6844799789559115,0.4344843638377256,0.6411781602850848,0.46730878784011054,0.4411323862620762,0.18904256251962792,0.13058395809128953,0.2531047329062499,0.34538151245512694,0.23117812461996046,0.19223026353565942,0.3461277445007056,0.17996381390044114,0.022217328388959956,0.25146853589153473,0.2726332905174207,0.29037068751696715,0.2691969046244065,0.29382624279306135,0.0,0.19465504024286062,0.3949090727582121,0.7262039769676942,0.4158773075015496,0.7275732501527923,0.08391658840122673,0.44045691168227386,0.3177564857593609,0.5176253727281335,0.669022571368302,0.489220450933189,0.8172024135099836,0.3584437547908301,0.8942202906153884,1.0471396102903956,0.9799112218861499,0.9362863773220926,0.7463376259390397,0.4758231687119352,0.84917348322106,0.7960007357820658,0.7818746025147494,1.040341427341012,0.9967046810549842,1.1611588011622,0.9650612916457018,1.5946107517827723,1.1008385759683499,1.4780477352636687,1.3993924733289074,1.7716907832466902,1.8040677905836535,1.7070738658003535,1.8424693907048653,1.751568595679025,1.4038082987879896,1.8215737852870948,1.6446554847866715,1.29867545963425,1.962349952136556,1.5395049839965207,1.8048155751775,2.017453497445734,1.6765770111673142,2.0987428519669376,2.0963213704609753,2.25596084697146,2.053953317899582,2.321687059206857,2.170523670599687,2.6534462223740096,2.2902321381314206,2.57576979588333,2.5425533306371957,2.650720276715907,2.722566169306594,2.528253720985953,3.04650507708263,2.8827266286135877,2.606336059435586,2.942718979481251,2.7302040291718814,3.0189854988504745,2.674423544289729
1.389443505241566,1.121876495709568,1.2106157856583888,0.730672507919202,0.6264980487282639,1.0517115156116663,0.7626244170201399,1.0989713311685172,0.8519420353904295,0.7356024856868455,1.0650901091965537,0.6857084967603608,0.319144461148948,0.6232692176521581,0.5347811413367705,0.47560167995665026,0.969934848340424,0.723812378853923,0.5789157286708271,0.4605421717235707,0.48649041683531635,0.6515307255408924,0.6707380122191768,0.5912082496515598,0.5178691463746006,0.5379160450703004,0.2521647788939063,0.6361661877719982,0.8732445452761386,0.0,0.7025734944571962,0.530045559841879,0.970734456859093,0.8066085766672764,0.2177792956895157,0.6420092840598564,1.0309192435973191,0.8407513917528036,1.2950944708791656,0.7289415210215093,0.9416109851393486,0.8893949941897947,0.9767186669027659,1.4331476158994878,1.0865758289566578,1.2063626234235816,1.1824588901407331,1.2965500343761178,1.1114198196515428,1.3916333915734036,1.4639834134551002,1.2133905820318134,1.651583620759336,1.4368584899220131,1.9048544781820365,1.6055268789551373,1.653483921910027,1.8468709927651368,1.4998177903515657,1.888949419802982,2.0751869632306352,1.8983051902488395,2.1778920749184145,1.7684800343170561,1.6389275285226468,2.553921896548138,2.3004859319974162,2.2844492152513745,2.1252055192658137,2.1924483879673335,2.2969658382493012,2.282006117486569,2.674214505768367,2.646410647837227,2.660528377015945,2.104118127561174,2.653750327623383,2.506071143545194,2.753773128557155,2.8034976930644415,2.481926396306074,2.6030995957723864,2.539824733300181,2.7949351054715326,3.053665113450327,2.625367487525766,3.1595107860529676,3.017382393402043,2.999702912407015,3.3416928112870057,2.9643636647096034,3.063889317922124,3.237366059035148,3.4087507912139703,3.067073541525124,3.4896995434070543,3.0577320364604876,3.190415991343718,3.2871063293309017,3.2271534907963026
1.5932791403536033,1.027991020026139,1.149870970336238,0.8780954017625788,0.7922366257415767,0.6688610764578407,0.8343721750139128,0.7841900791230767,0.5265340620546617,0.7123001121644528,0.45286708046644364,0.2270497915267633,0.487802018704139,0.21815908077774182,0.5828489293370236,0.31728757452479783,0.008708789873709932,0.6511146477430056,0.34681200271974966,0.35033437262612566,0.16911627162064846,0.1668211688360426,0.20195590518007656,0.29228853426248413,0.05510559101162116,0.1798071223017068,0.17788122264148498,0.2382632871905912,0.0,0.7852933185322364,0.399531273912924,0.14779374479826046,0.5757340056634614,0.6849793952604202,0.35167350510802464,0.497712333512105,0.2679895933355336,0.847396681451503,0.32866992469388023,0.580069306657343,0.18186138466558432,0.6347845359745179,0.7254008104495071,0.6693537096848203,0.5635829050319376,0.4929147555197897,1.051747261599834,0.7815447327607625,0.8495619638919756,0.9050503824362384,1.0344484002544885,0.9752781423599632,0.9418655490521779,0.8835656269305456,1.0661246535552031,1.3070791983969379,1.3129962141653806,1.3799164615386346,1.1295676129945686,1.5287043504233555,1.5037726977013826,1.6205414286554465,1.466983491154906,1.9053553766843727,1.34880225014299,1.870553105487522,1.7183795346608264,1.7719729476874875,1.835870261446333,1.8837099009552762,1.9733891601935358,1.8817439033666812,2.1650241348435486,2.2258125149210084,2.55143674408915,2.391669830956319,2.3001518959351994,2.695547060286282,2.2429251819293174,2.6259882043262746,2.42962883951291,2.306445968632884,2.6465308184539555,2.171477065255523,2.8260590176818337,2.7234381957384546,2.683745267052375,2.9854151526231387,2.7367262019685636,3.1686756661763393,2.9088799487555566,3.2167761438179436,3.016690586917216,2.5247260495430712,3.0111272644676657,3.0508149117312957,2.6515168867881247,3.1132321113370605,2.6115878327294393,2.85518223678776
2.782292889708689,3.0390836758218143,2.5243917848416793,2.2463966847572046,1.6044513732184438,2.2120275187242324,1.6748546150148034,1.5317170410296779,1.4400235281122544,1.689434688920608,1.4326119889467233,1.2443456098575947,1.0219449538543035,1.2859325708983498,0.49762983158602125,0.7555385046350018,0.760120802400511,0.5928515186560706,0.46645642204381943,0.5550833301084364,0.3976806165218729,0.6338833964803605,0.38606096275655055,0.5000263467533781,0.7076865464648456,0.5306688335917968,0.32101302283190947,0.46091830437393,0.1820413110614183,0.651361924999371,0.2734355963191071,0.47427552224957203,0.5745914071022362,0.7132205777638116,0.19991159567986116,0.43421619406495005,0.2709868469162391,0.5372706472351076,0.04353155789097052,0.4959669742241761,0.0,0.4069639923626962,0.3775548027079818,0.5783673053393947,0.6843597803306967,0.6507828948174392,0.5898704503595198,0.422863611174499,0.5518305468793461,0.6531608628352199,0.6829453885029224,0.4570921963149903,1.084101029851503,0.701546043002848,0.9528216293546823,0.957263503279556,1.112808687916793,0.9565409188956071,1.2230995776437652,1.2988476675468217,1.2597224931540207,0.8700163087662318,1.1339667969488012,1.329098710882354,1.8207518924461201,1.6075205786612212,1.6752354573173793,1.3828777977074527,1.5500916846288941,1.9358120189918182,1.6257904549643012,1.4430962521637838,1.9208624624274027,1.9168674643201875,1.5589221993438986,1.788667351761024,2.2522697287024,1.8638986130921182,2.4371710751713795,1.71407427145237,2.217879565174064,2.0215612052198324,2.3854038551823216,2.3931986367293856,2.4641218774708857,2.4267302744986434,2.495646967274439,2.0642506759314934,2.438781888295683,2.989956782424704,2.438192535708927,3.0569231499363276,2.405188659686033,2.964510618175888,2.8108933375896736,3.0381737907070345,3.0001436324491344,3.161033475821853,2.6905197852970915,2.9480837349053086
1.5993599833372922,1.299271809359471,1.4634426874213613,1.0575793554082402,1.1601302970873704,1.0561267603507236,1.0886521783184904,0.8846125543801087,0.8254383725590824,0.8306012619160814,0.6263454900093173,0.9069019934997016,0.7450915737520045,1.0064745127905397,0.5273786863945453,0.21825318237507396,0.598624240775294,0.5729656918783199,0.8151988817771336,0.3610994482815375,0.6478796945132288,0.0,0.7514342123467195,0.4940081562229608,0.5643824671183459,0.5872077286294051,0.5241401220117545,0.4451311789562684,0.694256748120802,0.6475279640857732,0.6770892534104807,0.5918599913547222,0.610734388429309,0.47955261529445714,0.385584927609143,0.9134250368418879,0.7971909665211268,0.2804644099496336,0.6115424082580994,0.8292595527222844,0.6672583349894072,0.9626795896641855,1.0367720285254265,0.6864408161982194,1.1339160557777674,0.9265248876298369,0.8295993524004217,1.1803258928324496,1.1967492592046458,1.175036323740768,1.066711212383515,1.4313050848557651,1.126690784712915,1.0426768682462129,1.687058329983472,1.3404752389625418,1.1966614903005617,1.808289663254799,1.6885634782920675,1.3266160116437646,1.8666730656733712,1.787681716083112,1.3695933532013473,1.3355325509044373,2.036116436664443,2.1314742491143033,1.8689915992271882,1.8130154988264184,2.129282915969908,2.3902973486810666,1.9591065219838821,2.109324483817323,1.9930818220008728,1.8785946990180769,2.249071261411748,2.4921901833886135,2.0922611673611495,2.112269880735589,2.6293242964199166,2.6635421292912085,2.549361049012848,2.6669518218896506,2.670737731415363,2.666902243473599,2.4787572994637053,2.646629689151492,2.5184913193623313,2.8279168017163023,2.9815150509323374,2.6128251859941365,2.949727061652453,2.9789242364428468,2.8197314128231774,2.9074321353662036,2.306075535128313,3.0625964840129676,3.236961884669306,3.2790964561126827,3.071555579266292,2.939777917391371
1.8834647626807275,1.5195635791259825,1.6322407619703725,1.742176639756682,1.6693101617238124,1.5413606106928786,1.780222132677883,1.2787041019899004,1.3025769343905829,1.205992215435339,1.2639450534693069,0.9970241306124414,1.3685978042586253,0.6784186494595108,0.4352293409429713,0.915190608549306,0.4217490829049577,0.8322319357029677,1.081773764454594,0.31119570716380274,0.3942441769292966,0.3357001546461369,0.5681485795511207,0.3358617164576785,0.6730210040020914,0.9088608500233306,0.5696118326616659,0.32753071413397805,0.18724546128194852,0.3380589127942013,0.0,0.6553314303096798,0.35908421352221076,0.7056450069084352,0.7876329850830786,0.24408459683220052,0.8175469081530178,0.8668520849124768,0.7231353328446204,0.4802863592872306,0.7625616509491451,0.9570653807929723,0.4097619317138026,0.9361246596144266,0.6197920866678661,0.5859672026419407,0.9357935434174234,0.8723830035158144,0.8878719344774204,1.0267809499370557,0.6722185861602519,0.9392133771542657,1.078716853941307,0.8253566865947146,0.8350186552580787,1.4483113419213876,0.9116167883217479,1.1918187332761043,1.3858648474293247,1.6036769238841906,1.5263885419993581,1.4331020973582298,1.4053181772504075,1.4813807489666537,1.522736324385681,1.5417582265256673,1.7119083491749922,1.4101645272022338,2.0563094032603892,1.7577886034583692,1.9556535756071902,1.9520828066386695,1.9265195619093536,1.8947894730577328,2.1247521049258964,2.1719048323969155,2.0482619848382626,2.432645925592297,2.300816285785043,2.300645064187883,2.4964119861029417,2.8299661761260104,2.7722012644994045,3.004983523883407,2.75199204045499,3.0057398720741375,2.735060032449926,2.855169527735626,2.9424704407400917,2.60979413081197,2.8356921263164665,2.899769289213122,2.849680849964205,2.7150834710587617,3.010275096794281,2.9824519417823154,2.871930200107066,3.164402580760129,3.0105437015116543,3.210243863111643
3.14035539309298,2.9417051907483245,2.592945134494917,2.0337907628910443,1.6252733507202173,2.132739837017759,1.707302950242692,1.5865711894586152,1.244914520065496,1.6956121761520464,1.4349604037226982,1.044972175946155,1.011873134018293,1.0430847268192682,0.5349075767467326,0.3445684415135428,0.5485396942148011,0.26911302371848045,0.5312790931847822,0.8593158743196412,0.3505959071879392,0.3306863304770289,0.5453687202099733,0.5206199229405151,0.16270531120537868,0.5163554936195407,0.021964613265913258,0.250358814636666,0.4743269210584433,0.1317779741284575,0.5093638593195742,0.12514723967386487,0.3627501329254379,0.29711246487267573,0.31906536828939736,0.5354067867535619,0.42973068230489453,0.0,0.10199415480036755,0.415452101901268,0.2891820551824935,0.3066451021455219,0.14230773214035253,0.12523982964263958,0.48274667436951013,0.503518383788677,0.8544120135780897,0.17139866864103048,0.5870924666492332,0.7560479707682255,0.1910388935577032,0.7604948277552968,0.5248566809142243,0.663333705832521,0.31411340399749754,0.8056517403201457,0.8130785142112025,0.7522622172110758,0.9619179095506567,1.175368595173616,0.8256956648298495,1.0805896238759782,0.8053377602974408,1.4845085361921715,1.1662711974877347,1.4585582477741834,0.9417702574769482,1.3882803008705213,1.575162441697552,1.283721068146935,1.2751566045444882,1.5019374609607965,1.4287035303814974,1.6652148977690633,1.5905476603784479,1.7973435072830153,1.7268060359239321,1.8469533048435185,1.7382864360551036,2.0003149911993123,1.9256733568638502,1.858460887379417,2.5097387416212005,2.0376072717665306,1.975265022486905,1.9630849033805475,2.178194634798496,2.2213063731830296,2.5860282582747818,2.3792847930092496,2.4589047108276425,2.2589420817669374,2.31008341076833,2.0858557311781425,2.392450741455008,2.4585640373974833,2.4737816549755536,2.780997792053503,2.915682399143316,2.835873105614459
1.7151034184377885,1.6963256390008183,1.6833131944140085,1.0603600134648694,1.3502959139643949,1.014003202017939,1.105528684289414,0.8723285566974859,0.8860927391348845,0.6160625812529261,0.7237561963402719,0.9519804455182701,0.8734107536583302,0.519651536324325,0.3044069713708062,0.5282356212136747,0.6027740905341119,0.4261403277811766,0.370637552137417,0.10158766360122051,0.2935485324670175,0.46924803424509065,0.47243238353268424,0.2797658034360957,0.5224170448849357,0.2764659137542047,0.6107410798985313,0.312698270097826,0.37292361973707244,0.49552352466027116,0.19481768907334107,0.3580394706734964,0.33761180044245265,0.754084891645995,0.2308564826540067,0.49242433825455834,0.4783667127676843,0.5757753585706773,0.4815437925498287,0.5118258113173795,0.7159800882278553,0.5514217049958319,0.7933531559274272,0.0,0.7015931513866676,0.7555695028055531,0.4543207738318138,0.6172720865987635,0.831647518562658,0.902369716881811,0.8805020053646437,0.8973843860407591,0.6799313139195142,0.703866574741312,1.1538189175503852,0.8524554727069038,1.291018541047901,0.612397099226488,1.0399978308802957,0.9098650729278965,1.143086692191666,1.243932712885421,1.2197414530706219,1.489711977342136,1.0466252172823722,1.3715533689578905,1.2295161533349876,1.2887775709491898,1.5720594992678585,1.763834289662384,1.5702675080963786,1.387316409139089,1.4911004677730837,1.6615819302565171,1.5756829441697882,1.5644721803183579,2.206654638713726,2.078296776313188,1.7704580303181814,2.1114722015894856,1.85407083815344,2.3681392791365248,2.355993356036997,2.025727629798194,2.0828669735259098,2.2074320650488666,2.3948936931667824,2.008314223646586,2.5494770120077916,2.4692437167621897,2.6964819486490974,2.486790765003555,2.1817078463027144,2.601662247065125,2.7054583009339694,2.4009342320757163,2.6890488781876307,2.7745459502683154,2.5864923415696026,2.504590528920364
1.316788270915234,1.5492125956070613,1.3800791696585133,1.3765520484989953,0.9859133343626976,1.3873371375164663,1.0733293994562292,0.5622852600606496,0.9948557026163645,0.9039099552499863,0.5281892321251362,0.7676074054260322,0.4307892125359025,1.0287582488102753,0.6757852820091195,0.5560101670608972,0.42992036737357076,0.5472997250614569,0.5246868265940279,0.5670634836964439,0.30268923778959866,0.4315678342847509,0.2291246119594721,0.40922584403504736,0.0,0.22600759340773635,0.7751355875426569,0.5851975510046312,0.260428228756723,1.1924819782468887,0.6524760945603152,0.5276490036969665,0.7378917555798186,0.9896649630052714,0.6183404979430982,0.7594024982073453,0.7636758760640774,0.8271951295367241,0.6378354419680701,0.7320017776771497,0.8869257499161449,1.1504194138023696,1.2909667513162137,0.812000155955868,1.1878503775280773,1.0283215622081467,1.3481783183100706,1.2165744367948044,1.3262064262736022,1.48017309954205,1.5197321093692757,1.5774857367571418,1.477207061431283,1.4706781678235696,1.618793651673947,1.7472438863931714,1.9799292636515382,1.5447421745528338,1.8857951989482764,1.8982646217932597,1.798146509950751,2.441626377072467,2.133666006873984,2.209634329064034,2.0904293916892875,2.312459079094605,2.0864581293461057,2.668641570075117,2.22583142131462,2.565140660713645,2.5757751006974843,2.6599395213793855,2.3176043811153377,2.7861154253630858,2.4513169430083224,2.9277118562581954,2.54066761555168,3.1333000629917898,2.832182250455727,3.010863558028742,2.689741618509867,2.8878557368148563,2.7930009645045324,2.7918173820800902,3.119130143893628,3.3854581074746726,3.0919009507493023,2.9482129809875914,3.2089658197620707,2.9261216281814733,3.3890980871355865,3.1350048388114935,3.412505702173739,3.3573037089858566,3.236511652374329,3.7191362662656893,3.4548265280593498,3.462066573988178,3.4339352062821717,3.175001828128611
0.8150876338383863,1.2416791469191075,0.699134383686383,0.5556882228179916,0.3897394077876424,0.38589074369403065,0.7878090073715338,0.9828581915521646,0.6780571939862607,0.5776518424386463,0.20810721634602913,0.2840148780949576,0.8358288945154211,0.28503193943814153,0.7644109210490999,0.22109941803527455,0.46121713837434264,0.0,0.28373030161193213,0.4810759694398037,0.23751704925758865,0.5109502507624555,0.27542112507307515,0.11246115457549521,0.6004334492833525,0.7581895385989075,0.3506266568908796,0.5286814199225294,0.3949326824822972,0.6046756439684593,0.5155233074215051,0.5312169484353486,0.5053505350966159,0.3484974193934569,0.5867921620138059,0.5869557837280883,0.2872629331267298,0.6654850816800817,1.0064428018901541,0.9421048967539889,0.9110670201273336,0.626620630681261,0.77280851302028,0.5395674787478608,1.061146599193222,0.7595140242698335,0.7714879808691837,0.8844034413107984,0.9309333712902621,0.9129372493719767,0.8223784512379169,1.1534483999382168,0.7800760103920474,1.1780345109318962,0.9367623873951896,1.1982981373676864,1.269405179075104,1.336258401895961,1.6372605301601517,1.2476580526508165,1.245200485581659,1.4458860352522258,1.5087315334627842,1.6971272988545802,1.571988530197709,1.5010540592115902,1.5652918618625282,1.4756410670400548,1.640402401840264,1.99957579467468,1.8246635051822295,2.0164667317934075,1.807441181490626,2.2577988110390024,2.073037069161151,1.7185005423553577,2.3416906026864126,2.0056303864186678,2.439557300214494,2.1193987456113828,2.6112420580461873,2.322854377298766,2.1377049645601023,2.2150640756364908,2.452472362722327,2.913158658304905,2.7391570848702322,2.3404834601470625,2.425032121650087,2.643980416385494,3.0449558516471775,2.565479354650858,2.563236282214218,2.748508641947673,2.7254409255770256,2.6474922010328505,2.9977953359216727,2.863867611918895,3.059327650753577,3.0641367231100034
5.283812472762188,4.498300346664388,4.142438244724504,3.8404957280645196,3.511453903941435,3.434759166429446,2.6532788751521164,2.414926458101162,2.1821751140600565,1.9767158578135362,2.0481410849028236,1.3433501205514133,1.3561828195381835,1.2858570170903771,1.2269620181752128,0.8725898964680248,0.9742365336181624,0.98765848255964,0.8958148053276549,0.925666828457075,0.9466398682640431,0.9762387122200984,0.23626171660029094,0.8072869223284691,0.6964465335505476,0.490554760795872,0.681563261894846,0.18817820311096156,0.7360814886463132,0.23288119785974537,0.11317600697028496,0.0,0.4800633799291063,0.21231629466170432,0.1086099555272888,0.23677704975566627,0.5087415759389344,0.3788281280073065,0.1509419437093058,0.38412407643079227,0.6433891698039744,0.14834775033328462,0.44962759701354216,0.6928206078648707,0.3172913703522653,0.60708205567696,0.3982628530341348,0.2993914034576104,0.6314270818055512,0.25218014303404956,0.6769325117185367,0.30282993876618214,0.7310668940132583,0.22848770550316466,0.6968112616169524,0.7824423358651806,0.5952342505723678,0.7706692774582482,0.38525643382476105,0.5956014021227052,0.2941705755032551,0.8575140814114945,0.718689015736258,1.1513360105403674,0.7913110310904923,1.1254182437091789,1.1405023775572545,1.3798821688768488,1.1007511287081648,1.1078592280941724,1.0458190121865432,1.36111371295401,1.12945054446541,1.589216767124256,1.263116992822706,1.570331205387136,1.955717870581637,1.5772709625785684,1.458012133795778,1.6488357101021922,1.7312051456536928,1.8993520592612185,1.8877520332233733,1.9378508185977257,1.9709330378827996,2.1600451212638365,2.208972955528006,2.341379288355901,2.23864786348795,2.319036358192749,2.41990072219655,2.2193946614542686,2.2319282242116216,2.1717820433092676,2.6893709744910144,2.0058366082731407,2.338462943651267,2.541374645626929,2.432571678641258,2.1133268409444312
1.0337191335153495,1.010705111484807,1.0887218384488868,1.089482322975309,0.7604268384849355,0.7496756247659704,0.6305444531241822,0.6061957902886839,0.5288132966727588,0.5884280278813314,0.5424483688756663,0.5160775625607936,0.24568583405289957,0.8229630721430041,0.7955478532799862,0.8708001967479433,0.010269912388796598,0.713546432053878,0.42529445655302567,0.0,0.5201863599588581,0.5030050947260598,0.7295640128840475,0.2389985760389841,0.5450115680659202,0.45496444622540544,0.19471077593770225,0.25524494263902753,0.6503365113643138,0.343736020347869,0.4796909963791105,0.6993615341347539,0.5286508277247304,1.0670111859972256,0.6519309814867587,0.5589395376165989,0.9428546093247867,0.9844926017903521,1.1850917469786992,0.7869700469438854,1.4161776311707914,1.0594711575473248,0.9044418991317507,0.791489187382048,1.0606413728532296,1.3644518748831302,1.2885505889861353,1.258281664416364,1.3323176821272682,1.1536740033657313,1.5420962656456272,1.3835255333150869,1.360944726886597,1.4525681781091606,1.6769586983279403,1.4767863169660203,1.700463655471907,1.8449852546843086,1.5819403251076398,2.2651493397116678,1.7596929081272137,1.7334821553900248,1.8877365553591066,1.8104014787171714,2.1453507762204946,2.310903690463558,2.261566795152797,1.9223638564510512,2.117795603947295,2.4520148782539337,2.299905786758986,2.602859206356552,2.759680830897736,2.476703144992154,3.0052572365067967,2.4647262438754503,2.798924184005525,2.978421686834018,2.8470410134880844,2.8288997645423493,2.9801475079794635,2.7098301062895764,3.1898597898387315,2.9396541634033895,2.9556955297977474,2.9549864425463817,3.4541304874312075,3.199301828375333,2.7254005643601005,3.1927142208600223,2.9679685918787584,2.9573372890943155,3.0365600163715527,3.241770064906852,3.2164650661520646,3.8069497680867848,3.0376334106532816,3.133910428982986,3.388286127786067,3.5847115036564112
1.2432677450794944,1.3508160669847378,1.2556983142187477,1.1937032964931742,0.9787746344650756,0.6853974251442718,0.7889234660505391,0.4262209337680183,0.514616763920035,0.5277555703583676,0.4953451867379215,0.4355365345578903,0.39718661544453226,0.4648925462384561,0.1751647317504723,0.3322489987789563,0.31631243648616447,0.04090836380786733,0.14031905852855608,0.2399382059267996,0.530859936053222,0.4404218469426233,0.16949068536591128,0.43583529723231784,0.06395984160393553,0.35578858331856544,0.21829505790813108,0.6881504111027166,0.0,0.1436188582465867,0.13556567540228315,0.4316418944451996,0.6235250768101022,0.3795884048405469,0.30039429311338317,0.16999676612586434,0.570012967347802,0.250564953085755,0.6812510779624201,0.6250147825782264,0.879022402732236,0.3575141020697572,0.7209075552638122,0.9309003666544591,0.6460367518012511,0.7685651400997795,0.5268724523290231,0.5721104073818228,0.9866262707350391,1.004271751466046,0.8383710459726306,0.9260052278963169,0.9737483881613667,1.1068741304154681,0.8800923152727815,1.3804371009790213,1.4579970860884028,1.371574489928486,1.4847097566902718,1.3664313425521115,1.4301593838149635,1.8926579444354736,1.2685063661135523,1.4732923863616314,1.5088865985056543,1.9497177092069506,1.834487126143383,2.171689489149262,1.9168032807636912,2.1926532312153526,2.2728685842832377,2.3874212560560153,2.0064182261631345,1.972080114058123,2.113991910132892,2.220827402558072,2.358243291811835,2.146828310198213,2.2921716488225528,2.183436043546898,2.104397996119662,2.809519329496357,2.442590112535342,2.5318192686898193,2.5324153766859006,2.7479071031832767,2.5394821155406504,2.4271598442437003,2.833442628507253,3.0110567384730054,2.6424984333823396,2.845309268981673,2.8316010044781343,2.914084062912785,2.7295488392845577,3.187194339831894,2.7909952355632477,3.3319423307523195,3.2604298140346515,3.055380142250506
0.6829425694307343,0.6718432133328918,0.4660008004683025,0.803245080111509,0.3442527246745559,0.5254412155027453,0.12426486603588494,0.3265753725243403,0.490677066347434,0.04982159948003684,0.3170790225304998,0.10349532949347129,0.21288160108647247,0.22214557933397394,0.3284516379909572,0.33936387123792855,0.1713156919954706,0.441805531679881,0.3797996565574433,0.0,0.27393551158347407,0.37219737845463463,0.10391488887993461,0.23139216418849173,0.2825587886825218,0.24309411313311458,0.2316659249457036,0.47904722639419006,0.3352005993706513,0.3416486222538033,0.4681217768921062,0.5488752788910674,0.5402680229401984,0.41283630716964304,0.3667672026232225,0.15580541542165705,0.0843782648305531,0.18888406319141282,0.5019887013451925,0.09965795685074674,0.2763782902848213,0.7829647228656036,0.7382405050844891,0.2890832629841604,0.42194363781026567,0.8116211449746373,0.5709267613824398,0.48224291862676694,0.6040061970742681,0.3675846731037211,0.40256624507590466,0.676500905851432,0.5623980317524051,0.7940949990537813,0.6155408071890527,0.6787019508065129,0.6545836604873827,0.9978911045069534,1.1213055248630432,1.3556817189533081,0.9103755048957876,0.9409477217391196,1.1394553062631942,1.188085389487826,1.2740184495904554,1.3017432033196101,1.200820019756474,1.4660660219952248,1.476362996770126,1.987192705800508,1.6372103329914296,1.2866495704771825,1.8502949136017062,1.422914829633168,1.7607409007061037,1.5682033668889108,1.5100459874736547,1.4677817858579036,1.7969532923000529,2.0264337893406097,1.9720960933517766,1.917647791146905,2.0350820579276974,2.0055999098198622,2.248114845249466,2.42553746643531,2.4860771461790048,2.038027695208486,2.251939451653646,1.9241820385565234,2.8151267651119536,2.5488928091317167,2.3103338401817677,2.5535725721500295,2.555200544216026,2.4268472467726507,2.7387329019456974,2.7685494460488886,2.233609346823135,3.10634018046556
5.452628728311886,4.391019050941239,3.5733785221058056,3.1642787174838674,3.340935650391053,2.762297595595978,2.169226758557077,2.5932710889016626,2.2417333276102482,1.932634992399656,2.1813299598299523,1.2241886116195637,2.351330856381587,1.5114661924287702,1.372939654141085,1.3860684468033213,0.6118353608576719,0.6458978334832963,0.9579102386802987,0.7044617910495532,0.9425390724517513,0.750785918198897,0.7960923829794773,0.3879460478060235,0.4423794806682988,0.7530158177869701,0.20675817011393782,0.5027196294275207,0.3798010971600192,0.4696972951031313,0.2980663687399634,0.3070365766001384,0.26254796370536937,0.5851902241734059,0.32253935364915876,0.2780492753535455,0.4484946944464454,0.5555572913022715,0.4464333233420277,0.0,0.45461900216242057,0.3313783671195356,0.45875461807422013,0.2785809492022917,0.5065214939214933,0.8535762461600775,0.5321930506282158,0.6915009609432659,0.4216805632284224,0.3600498176539286,0.6076577764537419,0.7044330378632537,0.6960927357237736,0.39707048887242813,1.12894049555117,0.715536431225285,0.8379155385234185,0.9493338459271357,0.9912848917276662,0.9074606520778659,1.3007173411534652,1.186771630778921,1.3826735279970919,1.2686501285509735,1.0731304418755592,1.4869689900227847,1.516403016335186,1.339168168259409,1.5147962882427208,1.1424766929612034,1.534416354482783,1.6704103373342605,1.8740078348982578,1.5327772656626166,2.2210562385987025,1.8906859103247378,2.2390132913466374,2.1106253071716097,1.888447059912508,2.4602331370775943,2.113956633912192,2.4248224508056637,2.135901587113235,2.2285876592903158,2.243424462000686,2.2583813890937243,2.6691444252436973,2.482264857165738,2.4471998169947184,2.5989539263690986,2.623013164377241,2.4626185270150316,2.927097797825482,2.8660974409159117,2.7352922211502957,3.1513432126607555,2.837470002154607,2.978839017193973,2.789591101866918,3.0370690098951982
1.9804153596019365,1.8004708081938716,1.6541953395073516,1.4700611704588908,1.610780769413191,1.2734558679183312,1.351948653138212,1.1040160008647195,1.3882567945932518,0.7065993809154314,0.935855455726772,0.5066004486773377,0.7802880162803998,0.41599228740419747,0.591791189327731,0.6501176165684814,0.8582633048954005,0.2550194209700596,0.5857889722232539,0.827550992642692,0.4056527279906934,0.3624094038491936,0.5097628640235232,0.44365683748333673,0.37604514405765244,0.5212334850682119,0.521409707671447,0.0,0.3114494371353551,0.47606965884993,0.49346081310001644,0.7042501567808976,0.30005686934282316,0.20398129269398702,0.7767370069501407,0.3215931303127899,0.5705307053631774,0.3906469065494331,0.596620787940207,0.4934997778717829,0.4633303471274921,0.7721928474660427,0.46648529690105,0.6606576883509518,0.6040635923390063,0.9969097812836196,0.7872651462808111,0.917938354178947,1.074725121368152,1.0070353994094088,0.43980649819582496,0.9180767417789983,0.8262705337383487,0.8673917871948902,1.034650949495866,1.248556221475484,0.7685790823657968,0.9194401770024871,1.301133869657198,1.3371242256981262,1.419252112146589,1.4218405893315058,1.640115636222232,1.5544418238740452,0.9831530253041301,1.7094079005940355,1.7332390005698652,1.2405774995342274,1.5465387306890328,1.7089639696843122,1.60203627717034,1.4963742137849945,2.3896870085554784,1.4685355367361623,1.9849427662720611,1.7259322662043584,1.684609425228615,2.1926398699272642,2.1479460821492875,1.9976462786068954,2.2356471416119827,1.7797768934280338,2.2560215433971447,1.9709707308403512,2.128771728468015,2.378382826394036,2.4087951703333186,2.352467974958591,2.320504617479086,2.833196155500188,2.5898646971542068,2.433517537206013,2.591336812675822,2.732330081912915,2.6040453163966415,2.898300677534456,2.527685018385453,2.7933297696465633,2.8435906165887364,2.902771121024996
3.7262269215601886,3.7978368502831774,2.8932777932138496,3.192606950038959,2.2544238259103846,2.4594784125576314,2.14835797073461,2.1107287528975096,1.7829479398869577,1.5586225530774023,1.1582458136822513,1.3169637814337083,1.2723672992148867,1.1016805196285073,1.0912143817223505,0.9563815277212626,0.7701830482025489,0.942778682490296,0.8873620357920302,0.6323166908561344,0.4555786373274433,0.8434935809297102,0.7563265886690242,0.33692164994287666,0.55915385107593,0.6080484034909777,0.891729885611058,0.23720793793057204,0.316029813126935,0.719782304131293,0.6264131754319973,0.4897974285065487,0.20876801472273065,0.4095954131958486,0.0,0.6638386434644161,0.842346816405378,0.7046328318455934,0.23563900515336655,0.6374303882084948,0.3484768058202068,0.21082228690925042,0.3897009349293956,0.6819219569557582,0.8662660243951414,0.554243003088077,0.84937353413574,0.5754644450978805,0.6314452908963002,0.753985637327073,0.6843477835713845,1.049179479489183,0.8018125498578854,0.6402769350508688,0.8489748260748584,0.8895626490713511,0.9130278472301718,0.8721698780152227,0.7498852254397708,1.1497752643640027,1.1190938491326126,1.4656470357415667,1.1831169003548485,1.3245556877303457,1.4269511359401363,1.705282332797717,1.2168667944834546,1.360836925643497,1.702310639563139,1.936756024000113,1.43511914945287,1.7960855194040288,1.8631691160687485,2.0157027589096987,1.9165818191224542,2.1265311210481084,2.2994643885551067,2.062910359720002,2.028600812969456,1.863201912314798,2.277496927824677,2.463351585654218,2.266735572629573,2.437615324060504,2.3443380133723597,2.6827087402835073,2.3706835619467608,2.4418222364285835,2.475216426151908,2.65452380197606,2.799036031818817,2.7317899160234926,2.4580204356004263,2.964564782917078,2.5348588733069963,2.902815220604671,3.114209471515368,3.064731821498606,3.099180636688791,2.952588422915424
0.934325125177903,0.7962677635282525,1.3002185555505363,0.8493364260153804,0.6339596651563255,1.017804961176541,0.8052900317312819,0.6128228340403084,0.07370138302757745,0.5128015969480622,0.5795202115696991,0.41361926722471054,0.2975870872409594,0.4836871647397558,0.5396395801107374,0.4534948032000905,0.23319151733283405,0.016353245191677246,0.33542354733075186,0.24865504488197132,0.35261861447277987,0.0,0.07811290999551979,0.2921307450948749,0.22934976977948374,0.42938812545643046,0.14022092317685697,0.6458153883814326,0.4002244417547285,0.19876359948384348,0.3870550139615343,0.7130442960452719,0.138588565546657,0.33475792954428485,0.3411689661031456,0.2892568173770105,0.4683896439463826,0.5973850056010193,0.24054155288904688,0.42354165914958486,0.6933113635019694,0.7259722692209998,1.0315932331495326,1.1288687208811226,0.687021461547328,0.3991434465810624,0.5890271421181463,0.8326042189803111,1.0506810689814756,0.527483208071919,1.1056755234889266,1.0757816956517736,1.200240060310609,1.1103530174291656,1.5149907637152538,0.9584328689791342,1.3037490142092913,1.6015869306935393,1.1930715180030305,1.3551115610626319,1.6850605378607604,1.3247891555883555,1.3720876940366544,1.5592016933619703,1.9631976669928726,1.9822733684480447,2.155958853600744,1.596570964500362,1.8539296418424094,2.0958063505034765,1.8537837279730915,1.8034006440276684,2.1015793659956685,2.26321085866374,2.219000983377864,2.1088152947216265,2.457969812280428,2.180716961004517,1.7569934359398687,2.4201101375617853,2.0949595883199876,2.1890460907119724,2.335740949980199,2.872257460684107,2.583709106776425,2.8974397287945273,2.646541950886249,2.753323880792756,2.553370294065193,2.576964348273801,3.071964865390001,2.944871604124259,2.256025491791931,2.8258620112717985,2.6149708936762543,2.7485497507984604,2.7459264895257434,2.6693765683952826,2.8766534208122216,2.9948606763908145
0.8687573277016156,1.1040167818777569,0.6009481744559757,0.8570818806526859,0.8350297882459223,0.2368533404520008,0.7152131702415048,0.1674698503105958,0.23287901663843869,0.3966979285732961,0.4368937425564745,0.7243287631321849,0.6775107940039895,0.20366839962485628,0.38562380875158553,0.4720268750971677,0.40906317189366703,0.0,0.33092114185405563,0.7592997594526842,0.46405324548134175,0.09167080418696827,0.06846018259924946,0.17476920548446273,0.5792312396105004,0.5396375852242841,0.42583337144730393,0.7031880169064095,0.8570986417548347,0.30914313938145455,0.29394916479873245,0.42451106502431557,0.8864793856595448,0.298716917789271,0.618954008548311,0.5458146267868003,0.4803805429484953,0.7184620467274137,0.7176434931875519,0.6795387352910076,0.780422687641952,0.7752825079669989,0.8188582097398438,0.8805041846508779,0.6610503367799616,1.061600592879362,0.850933844777142,1.0900242568409482,0.9012318077944315,1.0688166916141455,1.1634917063094363,0.7995104454250246,0.9654463297355775,0.7352504618614937,1.1955944003182246,1.696129128707021,0.9745841532839563,1.5491417981880637,1.498242071451557,1.5830479411085285,1.4280809166002726,1.6658528470163994,1.3936376735773521,1.3950907474273784,1.7021206198668182,1.9059190925012857,1.6301732915500757,1.9649753800743497,1.7513246239376414,1.7952066134716098,2.392660141991829,1.7969321689437727,2.3159415461216213,2.1572002033119695,2.443733799963262,2.4304969086430717,2.632081542355195,2.59644299306861,2.445714127221734,2.6976631275594727,2.7189075887769434,2.700559661003659,2.522519797628796,2.335741202095768,2.554819259877874,2.70824985158988,2.6416950028977304,2.600469845179159,2.468625823521272,2.8089834986527045,2.7583493677565087,2.6132297387891867,3.2070707311542357,3.2089234843420193,2.9401657880537755,3.165895339849211,3.219652998690055,3.1188548683411703,3.432691748982357,2.9289222720038026
1.2987894785625294,1.2272772974156148,1.2077501577763243,0.6871255781953316,0.8434401625968846,1.267489363714141,0.7797301423072547,0.7673986331562617,0.23134893008480262,0.6856231365618122,0.6082302332151528,0.6746534313610901,0.5950898628124932,0.18475152307441078,0.26459192006659293,0.5320172141775359,0.6024404513413764,0.2795762862812694,0.3094558395533973,0.6353984508812225,0.25629544306729457,0.3093827801362288,0.0,0.47685410265947326,0.32755425744970523,0.2973325251928678,0.3791752845880403,0.42811315414199314,0.3238671745385666,0.6921494230823058,0.5782894214344019,0.3479980537576175,0.3405967077946066,0.5056950376201996,0.7250404820191498,0.4549817928955804,0.5226353997039794,0.5697106934771519,0.5712764705622497,0.6329167573843932,0.23047469175985924,0.4947632894576266,0.7434356047110562,0.8534466540768832,0.4057553872909665,0.7552548369173202,0.7762580862709356,0.7655240576722946,0.8752152014669825,0.7155847260616923,1.153901326921524,1.1417297051158286,0.8540219857497178,1.370746896716291,0.9214737629501144,1.0353929244596358,1.215245914572428,1.1433969409012832,1.1510300815218777,1.1072732519124635,1.1743393536109963,1.1247001083625499,1.52691105973922,1.3918794211400467,1.3296098105401235,1.1417833342155852,1.30158712948937,1.4057865620872043,1.7103558629144828,1.4546264704116432,1.8569926739549345,1.4969505530857674,1.6033701249609535,2.1712940080534118,2.106352447120077,1.9495241158361125,2.097170156184678,2.07593401128166,1.8868932926981934,2.334767895723676,1.995760823980806,2.03725049142594,2.2044467218848567,2.3038052915820657,2.397601235496378,2.4015268956220126,2.579495935278864,2.732434159447383,2.5302085603050273,2.7349350015393092,2.7001341357584003,2.604060247435516,2.8056794478846534,3.1818472389716916,2.515162262498741,2.566131243258191,2.9290750548862654,2.6182815608571843,2.8603291145779437,3.23632549613707
1.014876629731523,1.0536670684245308,1.1086646420299324,0.7667325176349653,0.5808346878505919,0.675459125450022,0.6406287613958437,0.4076408718803588,0.8142450054531789,0.35711831082070766,0.41626655804471646,0.41631707501959525,0.46275283969426084,0.7317644275782307,0.25597630160719653,0.6691274912721905,0.16039481897416863,0.4806180462776535,0.0,0.40415718785338584,0.6838582430697961,0.6790930217272102,0.012794734848746714,0.311164570942033,0.7488116632925923,0.4767261307829038,0.5081107436195822,0.3783912579870936,0.6578225183685351,0.8044684946866685,0.7482825379611864,0.5354500177065393,0.7754500107751596,0.5809668101361929,0.5081181467451241,0.7995541341652483,0.4474828933197408,0.784652900748906,1.0033217765716458,0.7438911896682185,0.9936284684930428,0.6674230236327805,0.8623926256015633,1.0384636118575354,1.1306133102257672,0.9773426327006298,1.2338133228512316,1.0740649159397915,1.2385867326607958,1.3497841313075796,1.0083425904641015,1.3327695779380857,1.2727500600526103,1.3433853371022657,1.3879164507606312,1.840789974731818,1.3369588726581707,1.5918874335157227,1.8815779132390187,1.91781489969366,2.1649705083158803,1.9705790695927181,2.1726315535461946,1.9223020496783363,2.1736540229643566,1.8580706694658993,1.8127504799852652,1.8887303961491835,2.232341681833919,2.344017400977327,2.397490975273536,2.9285128574566794,2.491981316893698,2.1706893806383736,2.330614578147726,2.7013588277062404,2.607260492592218,2.632337683682989,2.482229702765766,2.9106323682748485,2.6486896994335147,3.0694812776313984,3.0925216669507787,2.976385239698507,2.6014388755800884,3.1439574400857193,3.005553121425079,2.9586636868198912,2.9869680311388134,3.6242821727216974,3.2395974020726985,3.19757665435794,2.963638037701509,3.0911664013703852,3.18210127233022,3.0195382219481868,2.92126824228386,3.36547248848594,3.2445401818238064,3.6606348721287976
1.5934497860098134,1.00073639305554,1.0571749798305188,0.9963275290603377,0.9729378671815478,1.0254751565921207,0.9299934265657033,0.7599692029524299,0.7150903305075111,0.32675193041927564,0.13749922632615252,0.39898805677013094,0.46073249127635485,0.44465723701289583,0.5314593493918345,0.15792549896805852,0.3868736230339884,0.05942466854410178,0.05021981746786608,0.029293547704376977,0.10634916577046383,0.3722615876319697,0.09482938261557372,0.21457941482177034,0.06416446536779041,0.09158027273472413,0.04025268097313095,0.15041719801474684,0.13607461773218787,0.16949820639565694,0.41031773797742943,0.10868238128109375,0.3072666365360952,0.023541825083878365,0.450628953765456,0.0,0.37354114368226554,0.14624698058369567,0.07143866731974313,0.3538805840083814,0.5618907964746036,0.4970294601174796,0.6674491067720005,0.4540482190079018,0.2801197724945226,0.36047079972745877,0.6585453209003944,0.2912315168507522,0.47334642371188274,0.6114718623116673,0.6443305018994323,0.7847232456186308,0.8529593406198597,0.9797488986862017,0.9614504267433119,0.9008857075140551,0.9528686553215078,0.7736369987985849,0.879592285421694,0.9069788561870098,1.1779167783247981,1.2809761133749333,1.0932655538600216,0.9849354743542911,1.0965080258415814,1.457011734240723,1.003730060559196,1.47514229542276,1.3880528291306646,1.2390274882534715,1.372859289033718,1.5511038867560902,1.416205077060276,1.657792988343024,1.68944740592646,1.9126039760666877,1.3722058098045657,1.8033480041793624,2.0311586316736694,1.4916206566867327,1.7979565522144139,1.657747193465969,2.060585954025333,2.139646960253115,2.334597470447976,2.158574499204194,2.400816220981339,2.399895696149466,2.0840476328708153,2.1782643384455778,2.3119608470122106,2.5260528697913944,2.4688593270054664,2.4414013694151837,2.4516969884882993,2.781099249218352,2.6990686811485762,2.374644223340036,2.7665088234698363,2.999380666609065
1.2167936852102592,1.337268039418781,1.528398460563798,1.5555126947403117,0.9409427884188144,1.265818494241243,1.2344342170335167,1.0333382510980105,0.8261921847076152,0.7273651994702863,0.8391961740082134,0.9748213369382288,0.45009713257207373,0.5541880143891493,0.4386949353077192,0.5697564158888095,0.6790123293240864,0.6953159633300068,0.6173990651771426,0.47192176059121316,0.4495526232453635,0.6976977999591103,0.7035520451211035,0.5100890664322293,0.6177272624851557,0.7503262385141376,0.0,0.20366716658160477,0.7498169350688215,0.5439827193957782,0.5730701921759209,0.6271247839055363,0.33643004697755075,0.489223754436642,0.547711820822542,0.6066383344542974,0.32452059439448,0.6031750146887784,0.5351452462000132,0.5547204875734764,0.8511119257092545,0.5505112332195718,0.5116445956934346,1.008930387693436,0.6371110056570668,0.8445813848502439,0.5989943507716937,0.8190266062345355,1.1559324138428675,1.0779403512936003,0.6136320199154195,1.074493519316416,0.7480302585102407,1.0805433342212094,1.0307616536207913,0.9991738294389236,0.948576042471684,0.9735105677388809,1.316412068652511,1.0561965473016617,1.1960150226378712,1.4512224938853784,0.9848099171231421,1.55691866132379,1.9515406247579925,1.3718000608797638,1.5941047001276587,1.9913998451288464,1.6822878369102963,1.5047665572358042,1.9798601195550702,1.635811040547111,1.5374491731649425,1.8241764560855867,2.0850069985405533,2.1582561506721785,2.290512497472273,2.093863299537647,2.170462975767901,1.7512435034665739,2.266114484454512,2.1337013139986745,2.248443026078075,2.6409606020248777,2.404926612110737,2.3398837921287647,2.782089047393569,2.2050819406425415,2.3901211780447493,2.4815236381303922,2.2000131955993947,2.5731874807452595,2.997101982158016,3.1018698258117823,2.880076170134119,2.637163528977016,3.1571599531107353,2.447842852952485,3.1487808629649443,2.9843181768764957
0.8078854827648723,1.125799158970576,1.2591376751999288,0.6724430406860549,0.6037535747314546,0.6183960423357249,0.4960254156364865,0.3587186572722487,0.5585629223094113,0.4198247080650752,0.4015400970949976,0.5405380436758893,0.39305637515935743,0.10671142627209562,0.362710704984595,0.46633377328330994,0.26305373547764255,0.2857719833803163,0.6088197312838606,0.2226979971723715,0.46295690783051846,0.03888582843629784,0.25442351436707433,0.07867197597025744,0.19566786310542916,0.0,0.09191925085933761,0.427937977807602,0.09323950528474967,0.6132303558663175,0.014414734166619425,0.22333716944110904,0.09046872903667413,0.36977792135522947,0.3686228308707413,0.33645865213609305,0.45273281799519083,0.22261687289996956,0.47453719772951075,0.22847909893826213,0.565512611688753,0.32145778103166833,0.6118026624104491,0.6810257438261722,0.6336724921184924,0.5580635900127113,0.7044013052122544,1.0462261411384937,0.6021485153512405,0.39315129504085533,0.9329953611590938,0.7003399066749108,0.9314050309416348,1.1891953912984654,0.9456942104924781,1.1197340747718698,1.3658496094201933,0.9258506148762411,1.2261541244828429,1.2714542521447196,1.1544943191909898,1.455191485748708,1.2484938284911244,1.575676146217269,1.7504610295051624,1.261992469286266,1.5318454847789962,1.5754059249448602,2.083179287198602,1.6072190743224155,2.03877294864518,2.2496911405591202,1.926748316074887,1.9015952813341332,1.7001956278116293,1.989484038894906,2.063963713094976,2.2242777638822115,2.5022313840939407,2.08592918094549,1.942645401484997,2.1735945980749616,2.0286097012696924,2.213984870042884,2.1409295389967067,2.5233595527600006,2.2662589854191832,2.313081661515172,2.6278895070313606,2.9057389697205434,2.582661680950137,3.073169619438792,2.6502262136981987,2.4601118182764505,2.834774222781535,2.407937014103277,2.913304523353288,2.803035797844741,2.95235475287126,2.6501632999359597
1.100156344996293,1.1719823729447256,0.7630190636163263,1.1025267595157686,0.7383966371512756,1.0829927319111263,0.8432007269625608,0.7790169104257707,0.4661691436994424,0.725190667698218,0.621516474176234,0.7687563773262092,0.5640140489434966,0.39332340573840874,0.1868549384851157,0.6637867099826877,0.5986997908943703,0.49854133830374714,0.16945551394691627,0.16117758230764068,0.08394483865695967,0.22890274766246854,0.25052558152383675,0.5925179208533393,0.1699625716760842,0.4580012472079247,0.005833853353447438,0.08821968111258904,0.349273351058061,0.5432979436885272,0.7493568955632632,0.45435055454358597,0.10048023967294206,0.7785064216535105,0.2043543755588253,0.0,0.3973892296553512,0.38160820600853107,0.7258102829453925,0.35363964220769795,0.26466199514763566,0.6056667468709538,0.6608545448494993,0.6253837135614191,0.43562493373744005,0.47600460469447015,0.5304623910502553,0.5426913123791675,1.007779051093241,0.735355339928649,0.6901514263545501,0.8747235704381886,0.6324108439200593,1.0990910831688758,0.9954102578529458,1.2454587443362044,1.1673397628691369,1.6006455795738965,1.1379614066751635,1.2100037474329817,1.3309612419382582,1.0239963018676264,1.6536528770860315,1.596865654481448,1.516533127810714,1.5427098986560104,1.5525939110010647,1.3455391176002607,1.4227727609144978,1.5506931477002368,1.7212830810712312,1.7502764473860672,1.982090576273606,1.822407839251646,2.111775220438009,2.1312746852705082,1.6395725280469335,2.1302577811867636,2.2836589036050725,2.3670131554787055,2.1994164007758172,2.1729128002347657,2.4692953812011993,2.4297659733318184,2.701862726285853,2.4721586411412524,2.4209497382833725,2.456253939349388,2.55874372521723,2.268546143069191,2.7085718222391755,2.553968167159642,2.8147488818810693,2.540118673746587,2.7192250472134916,2.531469202746649,2.7789744093592432,3.134655768117625,2.7873724038253975,2.8925208637878157
2.104223506373323,1.5749934439261128,2.0366186982510737,1.6195314280058337,1.2262522399974944,1.38581474238212,1.3673622288405571,1.112571316341647,1.4710325120858272,0.6441943617451109,0.7539916435216867,1.1206936011638629,0.8011631644601103,0.7415540907885934,0.9238341662064897,0.6075159802407128,0.5588771630349001,0.7668123584423618,0.44685634893243353,0.0740293761744848,0.384136188692624,0.10813884334655555,0.7725421816543978,0.17179900847405882,0.0,0.40735768727706834,0.7529583162552704,0.08321774597058607,0.3212752588027996,0.7578242726610469,0.6584125641210594,0.7556258960598576,0.28316773720351307,0.5110616232738714,0.4766509568120316,0.25738202324532367,0.6108853009789943,0.640253107776708,0.6267507171890063,0.5682679569295335,0.5438872033138615,0.49401258585583463,0.6209268898228721,0.7625344234085407,0.6737206836320198,0.6161611048129672,0.49046802587236193,0.2862312629312118,1.0507159531982797,0.9110298408634367,1.164450118451784,0.592436233249142,0.682616915584564,1.5687396768887236,0.8365782479616666,1.262175475580916,1.0623484734025794,1.3094887569878129,1.1270532710979353,1.2319533722037033,1.4951034764036386,1.2936735503976546,1.5649564901358612,1.5571203683975767,1.4503804674958811,1.7911036954149608,1.6911579389658318,1.4383866585009262,1.921789265043806,1.6812561139096438,1.8926615463251366,1.8220596895837708,2.406728681254231,2.0380239568983978,2.4964735327896275,2.3228113351715667,2.1963739125010147,2.1424669767428686,2.387544843880262,2.038375469166965,2.3930640355270167,2.4115687526537624,2.3867221700372827,2.4416096535099765,2.5862029249501095,2.4801404185663376,2.8698537709655856,2.618181409626972,2.76655724697949,2.875508775984562,2.7633326557932083,2.558708811971089,3.1516463153800256,2.7572260587324866,2.8603780851029814,3.054012519715192,3.0726835897081397,2.9713223115127665,3.225798308625306,3.029411078691611
0.7523456865456346,0.6298949288758617,1.104222384864018,0.6931190862414027,0.7495270959405129,0.7914049121641007,0.9362013121133987,1.0388297008008927,0.822997119168198,0.5123602794698723,0.30701414790435244,0.35713719875191074,0.0,0.2891001368739303,0.384824281720757,0.04398099145409695,0.5057020732539819,0.2922105338452212,0.09286283939698059,0.5450122689961621,0.2580302562505974,0.09692226269638837,0.13820240609558532,0.1633165202822191,0.1517956623120167,0.427808511966111,0.20183776131768205,0.36957123003619863,0.35759012201981477,0.266203401011607,0.1974245187751542,0.19217634136524353,0.5164213098940742,0.3083121480265163,0.31749476009138533,0.5554378185277464,0.5061036983491594,0.2636178036862482,0.447875659755848,0.4172968107434514,0.8723257731499743,0.5818351636864119,0.48664769355719173,0.2992176949850762,0.7161069974004253,0.5299997085318502,0.567096249162244,0.9677210179868876,0.6525752833443654,0.9945934381311421,0.6892404986812544,0.8736941692770834,0.7565836811046989,0.4246215681893535,0.445796433244146,0.7880834188020547,0.930814848721246,1.014901555332706,0.6923836749736587,1.0800939235881604,1.274691554868225,0.8614393029961658,0.9114994337074585,1.0633269232934701,1.4980491685767081,0.9944679274931509,1.4670980578187631,1.0478657838963734,1.6847950629951836,1.3029540863316438,1.7268719042842164,1.3566222837515856,1.3944706011059154,1.7832798558146266,1.865027444087584,1.3255532817586317,1.9394160847450923,1.794875610349001,1.8229318123645673,2.0675970183465306,1.8868009839662143,1.9884316494713072,2.1125260465893643,2.2383266173347316,1.935234509811055,2.327127981959464,2.1575800338697118,2.320718644420193,2.2112187280359237,2.3255937780431992,2.5591775825277203,2.412952221147542,2.393427391141884,2.4748600941866847,2.488474999407611,2.7833833438115363,2.518504409514552,2.78649246341552,2.9278769959638105,2.5514637436174397
3.4035271118748547,2.701264405307704,2.5793923635314684,2.1957448555339703,2.0800507166672837,2.14845022603404,1.5617774128833055,1.6502410993979346,1.3347562079549817,1.4106678634428746,1.3502208071233461,1.121719375592905,1.1497642154196832,1.062844988825315,1.2500587673927548,0.9163985164320945,0.5082894402152007,0.6394822506365276,0.5932539705707178,0.5902183245934474,0.4783834495501722,0.28913050984753674,0.3177791468832023,0.3423929792013247,0.3836486834062729,0.24847677595896123,0.09929548430911161,0.702010721260427,0.22866911841000181,0.6625280140963614,0.24720390720062824,0.523641008069939,0.15252186691626157,0.09435402515645919,0.0,0.39383699254407034,0.41330086767679575,0.7597088132309455,0.4776120497076253,0.274348287438098,0.3517358715153609,0.7023889781565718,0.6164647584946081,0.39562036816595203,0.23824643724242733,1.0960468427647836,0.5925846178825012,0.7630285587475569,0.7331148857301457,0.9208099775984504,0.8657000816898108,1.0095802509471863,1.247937736262747,1.083201729116075,1.4482081677306944,1.088641905370988,1.1326075230259356,1.231167610766576,1.5229110627022422,1.2889764955616823,1.5403815059432624,1.540967073132009,2.126253761776848,1.2894184270375302,1.7566391558804924,1.8521267162760182,1.8590090271720605,1.9461031642090951,2.0172297561996366,2.0045783339605023,1.9480701584737687,2.194232433684867,2.2801818194336185,1.9334157003999977,2.455781934137285,2.090129424127941,2.4051173501560577,2.543033873922809,2.37890166367508,2.8925581023024662,2.554624698395628,2.2373411676850417,2.735781518728352,2.6882776945238334,2.8171819458321963,2.640505301806815,3.108794754847583,2.5515561515125285,3.0921025413369136,2.709795261431111,2.919727959684696,3.0283239356844867,3.01886516026493,2.8208086665992234,3.0917705062023515,2.9667579024226214,3.0873242073580798,2.8414627926936262,3.474778273457016,3.249353565175589
1.4676401505657228,0.7158831237890535,0.678773931127159,0.6764136303458361,0.454457229003717,0.5628292527651322,0.5066767759954249,0.6269791848966921,0.6827606691345149,0.424161392813156,0.5012770977107852,0.3903662809847024,0.0,0.24137030869283826,0.6258803327420512,0.22619556799176088,0.1669385276638078,0.15267234015532516,0.26479334143889055,0.19282705939516198,0.025104357762925744,0.27924539320402,0.21611415370419174,0.21311522685584983,0.07577958198241497,0.36180135542817204,0.48295694547898727,0.08862412875043368,0.41179348283215766,0.18755170651523478,0.583756366797564,0.39699157546175634,0.3822316473911531,0.37398006892587254,0.42748356344132965,0.4053049869345191,0.47801481169717697,0.3209602220231158,0.3126257706723887,0.29500137942057414,0.5495321543321108,0.04309964366958319,0.25504913005927143,0.4364951351934554,0.5542550309208867,0.3300151824737707,0.6877915917419504,0.585237883051791,0.7582861783146182,0.7220789964486638,0.5242243973792373,0.8598057228472609,0.850005776981634,1.0309081444537913,0.9592680326955456,0.9299119385998704,1.1521410197267858,0.9912919184291322,1.121918618581942,0.7720587818288625,1.1723678110264384,1.3216343416361074,1.1463842799050123,1.3947990151695517,1.5648703707726757,1.147213420683082,1.3076525677220499,1.4591003919857481,1.6083931282924038,1.3051918544501593,1.769746675639448,1.77076859186384,2.1146491627786634,1.8945738617772765,1.8729562909866342,1.6275683910407626,1.9364861585367006,1.9406371815080572,1.9632126207057272,2.263305709771112,2.148230572831407,2.2444362297479206,1.8901237680523888,2.057908043436642,2.2639130699528867,2.555264600195356,2.126903180199113,2.147571538465124,2.6223134443888068,2.4485604368486467,2.856166887798226,2.741473972607489,2.751152708323458,2.7364691923965534,2.652280611120661,2.8139971942483033,2.499962308067781,2.6577141143315206,2.7265826230083956,2.4842290293078566
9.064906952177349,6.120371085351994,5.022789026291601,4.118716125371808,3.5772900872990263,3.5823844835498946,3.112553962882467,3.230440238808459,2.545161300084981,2.6782069210818005,2.0566013327591577,2.2824757133246276,1.4553433261231046,1.7996463641105418,1.8492681017406518,1.6557843710229232,1.4732625853261698,1.5679461333666218,1.2044252574278431,1.219285435263231,1.3054802720578227,0.7988030815581499,0.996874528633823,0.9577498556077515,0.565884078045853,0.6160512246180527,0.49575921709828386,0.8526438167054256,0.8454998721584754,0.7111113032532721,0.6488832691317352,0.2789180218119469,0.741529761371142,0.7321375572152515,0.2908178804340409,0.6061858309716452,0.385372182389105,0.0,0.5666256399185663,0.5266929321339635,0.5234051013521217,0.7040192846910536,0.6086150628819595,0.6794978359828647,0.4953960359289482,0.5404340915381471,0.7638190106820257,0.6450538060493276,0.4995598652619986,0.8427549847686624,0.8982833123741933,0.938757701842281,1.0866920067579677,0.23860181818863602,1.1836163041889787,0.6438011663797827,0.8746539936843494,1.2948600733774054,1.082501505317742,1.285939597551513,1.3593630763270195,1.4927131595082628,1.2868593051432988,1.5184003521149467,1.5237183073267868,1.9631034099530922,1.6383538902742494,1.527791919447269,1.901620706274473,1.8352789258614148,2.1232796027149767,2.0444788664685927,1.8029318760379365,2.1113527098424836,1.8559242787893364,2.349359437437494,1.9950162560439981,2.329391124572556,2.0773961234339673,2.416109987937883,2.223030565108921,2.6383723625961206,2.3200658239480436,2.3280034608088442,2.474110640502184,2.5295903649484774,2.9493841325809296,3.123486288462651,2.6443000767000022,2.378933262789676,2.8529089693495138,3.098377438432566,3.2594963059822035,2.838922442297207,2.88407037711972,2.4882050175836685,3.0462094258297725,3.065047420962019,3.0760964617306055,3.127589083155595
1.2959365184495173,1.078864054177254,0.9787715996824211,0.7813182301030341,1.2161676772829484,1.0033148959823688,0.6731146822309455,0.8110572401425298,0.7927746917230625,0.8938446045350688,0.8713886638837547,0.7907754559684612,0.7130043853647106,0.40189366860358433,0.3825454913004389,0.2373259684523248,0.6335905853456509,0.10798428682418582,0.3592335134216711,0.257379384796403,0.2086706206483484,0.5662579781149315,0.2973917655982472,0.6250877584807633,0.38635651072031685,0.30491284899919613,0.1790864947278159,0.0,0.7402801641931287,0.7929026552178282,0.7659899689502172,0.6588154293986719,0.38329968719128793,0.4308613298057491,0.24374725958420207,0.2575706314134756,0.19077388930892347,0.6606020767619203,0.7832650215841799,1.0292806622528463,0.46737963910491764,0.6494764381992688,0.7320947621329967,0.8341741632752964,0.7327198381570579,0.9342617767365375,1.0456647576162599,0.9720265734415072,1.1913446315791454,0.972394338580159,1.0997418858706531,0.8126482135252342,0.6479208616387879,1.186723955625645,1.1460951326382993,0.9679739637208602,1.3655229795914732,1.4440984760377606,1.6589401861983788,1.4856628451194638,1.4210578827238205,1.3140186769847109,1.6396709121663875,1.365802535848763,1.4770924156226677,1.5986472132845329,1.8747305721105967,1.8137730873203637,1.5221021326323658,1.4885907570766648,2.043243574794662,1.910996702240901,2.076248652556881,2.116912565570903,1.6743327459085222,2.2562208533998884,2.3074319468299933,1.998647169283359,1.6531346202078048,2.4283120034878216,1.9257700525847312,2.0891878692243218,2.247875155611947,2.4030402730809755,2.005636991721172,2.6154327606986207,2.240794080673762,2.2662708443177415,2.2353555137271606,2.623769275827083,2.331059428433342,2.635871645780501,2.6206110188025704,3.0594881780526,2.565935435074408,2.4738701199304565,2.946974821983364,2.834426642612595,2.628510818281672,2.6474486509899364
4.5058356344996024,3.5045189385959166,3.264236973886552,3.0452375842099055,2.903107679572541,2.4146473482259605,2.0106662008988803,1.86554173115392,1.369468184866344,1.6321888645540152,2.100925768053612,1.7833109907045728,1.3645499097708456,1.532746563171214,1.3549089845558928,0.9916699165493394,1.16973708897501,0.8386861186158505,0.7674368442987092,0.6666278735469362,0.8884693493768978,0.6964595215999037,0.6637153289574425,0.8586436084321338,0.26880512163124237,0.7794542260453596,0.4870352833659055,0.5194631810175228,0.0,0.22391037205670195,0.6791117510996081,0.3351090277954043,0.2697690790094054,0.4310024009986897,0.5324120169591442,0.39209727851689813,0.3957370915075593,0.4668927953912867,0.4652717564677502,0.32287365436761384,0.5341819451939411,0.3135724830576265,0.7235126852068472,0.3297877308050552,0.032991295821016564,0.34388764172139474,0.20757369270029535,0.542989480868096,0.07576811899117253,0.5781626809322962,0.5652525637037922,0.6180946022018077,0.5166574244631565,0.36267243274516403,0.3317423156477233,0.6765361854153422,0.24720846383091555,0.7035892957525061,0.5469304735323028,0.8664708362171609,0.7031889682749952,0.7473313355656863,0.927802357137649,0.9594110782880882,0.8996795577705825,0.639343347566081,0.7932837117987646,1.0965918967662205,1.1138372265029872,0.9024838712165852,1.2333184646248796,1.5678922139499374,0.9889382389668526,1.3024365883869375,0.9989412980684538,1.477301512494984,1.6243932185215737,1.5940709589587616,1.7622497119363398,1.3033342733465378,1.8920508130323004,1.7887799597874388,1.8188731019129012,1.8498243913987675,2.1339361767920177,1.9263438719266173,1.9893364811749397,1.940542552426967,2.291612255573062,2.128989140581842,1.778137103364278,2.1171716472974023,2.2801506279220067,2.3283755032332696,2.3806649767619366,2.161887669742166,2.3127361408655336,2.499603999768775,2.2957473846248835,2.858998089131928
1.8897345261016376,1.971611641358928,1.3951283902699885,1.2664799101811752,1.2059913707837637,1.4623508786898576,1.4210017292608796,1.1988793746991977,1.1981492848872275,0.9465339680649372,0.9473546908293482,0.7681721013763685,0.6396109460327803,0.6702701217915532,0.22004757432027056,0.8247123533093852,0.38771376456311835,0.9237301788083947,0.5307448574463738,0.33963439139521157,0.874766724339711,0.07183246579304914,0.4672996024601872,0.23305893496748098,0.14729258109600707,0.1286726057608618,0.06566877210327782,0.09008423749560279,0.6091125613349586,0.266523606753557,0.32136162354455067,0.4743231774429706,0.0,0.191612278830128,0.6214090625961006,0.7034709818727443,0.5365525023517144,0.1786309128895862,0.5806887140433723,0.5900323518151129,0.4820851225007736,0.5237002605300578,0.5250734079715862,0.20917281423304956,0.39876103745751657,0.42995162638339046,0.46300500079312457,0.494174869834735,0.6658562864178421,0.30351024791859516,0.6117018610321061,0.3889614894945108,1.1109910589778629,0.8086001925160566,0.6457101425057115,1.050923061111554,1.2080570887664042,1.0930809562941128,0.8272039628601515,1.1361635995195485,1.10179081635353,0.954492178048234,1.3728396481147822,0.9832976041403771,1.2999512886135385,1.6095585527591005,1.5215382100497958,1.6391100032576542,1.5552514134081346,1.285581756364822,1.413625916929755,1.3454748040585454,1.4724011707761875,1.680250705956066,1.5985549213162908,1.765927265875975,1.8704601937921304,1.659736357326306,2.099925469646646,1.7870521616275408,2.093230597925924,2.110768956707494,2.139087535785306,2.2047683456158023,2.6695371282735803,2.615822561569731,2.488014070148571,2.190351239827068,2.329446816599143,2.394325658260046,2.9288461611865504,2.2921779959312953,2.2739105459380458,2.462956205811645,2.4893084121195646,2.5575098375370775,2.528688314651655,3.0397569619967992,2.442747582706742,2.5107113008664985
1.6622767150233013,1.8192456650116604,1.7598642621222407,1.2365088404350306,1.3074045602812436,1.2298283399151657,1.2609700499003917,1.1263660493262773,0.940922805335136,0.7200139437409572,0.4288969925193591,0.7829055603527522,0.7492456351658188,0.5039084730623422,0.12915951317790864,0.29740203507231655,0.7966046529115154,0.7474048181826767,0.4185420972738729,0.7227722376685772,0.5703657874209291,0.2969232856153283,0.23485395700810408,0.4100570274796329,0.29884520142648263,0.5181260765828082,0.0,0.3543708376283625,0.5046356763010493,0.1484106596280661,0.464919248962552,0.21057394511176497,0.4911654681643114,0.23063464626495644,0.5529654064281857,0.644568204125699,0.7257807812276216,1.1199290208693355,0.4670334461633807,0.8925589403266017,0.7829617575750358,0.5279930989549335,0.5043748650204609,0.8708982360729145,0.6806723702773319,0.7165884942811385,0.8546433142745755,0.9649529158246128,0.8437692677828039,1.1580546964124245,1.2108322882175404,1.2821197096391757,1.5338437649870436,1.0735138393228336,1.3515815544837597,1.585406127011316,1.4036857983495334,1.5718599368938353,1.7742129767506487,2.094218286970646,1.5727251932222437,1.907318574135445,1.7014767238784163,1.7219168140423982,1.9277670551681982,2.065358568053661,2.0521145716120053,1.8393735138752252,2.1226682782101154,2.2610087790950466,1.9908822848313594,2.4326035028894992,1.780315110355339,2.9518639245728338,1.9580859051606208,2.056835236394827,2.6389947554176203,2.315550418535693,2.6956627615161928,2.6103184190968776,2.7960811894477793,2.4306919448620192,2.5816993908906998,2.6469318663691546,2.8898284262256695,2.900859803165247,3.1915226046352636,3.1724884821548613,2.886293765216781,3.087214847421265,3.00786562718784,3.142802808328735,2.8981994341235016,2.759738597811534,3.279877344493464,3.3872778110668946,3.320138924459041,3.2384163394694028,3.0932011494682996,3.3701968071166455
1.5967459435126425,1.3466353596685803,1.6908537201610176,1.07542192592736,1.496329327957847,0.8708159649704506,1.103811837907962,1.136836156442989,0.7707077656134942,0.8026575538701906,0.7419324528965294,1.0021117023123018,0.511999791308801,0.686348565876898,0.5018108773749645,0.36074659457431757,0.32712393342909607,0.3852350812857477,0.6768048896541714,0.3000596881385533,0.0,0.3142358188523069,0.6223290417593788,0.4264764897961193,0.3165933302846682,0.3962285376366754,0.5063054587741931,0.23551458595601815,0.10159696064429014,0.4065394598592764,0.415818083878257,0.42898558490317384,0.18066559042734376,0.04729893749275682,0.5789876724199772,0.5709593850614425,0.3759098440799651,0.3740875705703939,0.7135313682577653,0.6667818463003758,0.765700430638077,0.5574042218569542,0.5128841931240515,0.9931463724988419,1.172789783043962,0.5886809413231919,0.43793226464880064,0.6552193688464598,1.2519738127866802,0.9468441830649983,1.032320349075066,1.1863647591976125,1.0139490717570538,0.9523094308053288,0.9690185038050831,1.423449304845672,0.9214165405936239,1.0752090303341983,1.5892449121992946,1.418316343350968,1.555685473576352,1.5469216360913531,1.5228319816566547,1.9843668060120336,1.643189197065512,1.6948750428538428,1.8948023769355107,1.896473324862388,1.695069505283426,1.8981824384430954,1.8849876648580004,2.175527761382222,1.563554410954568,2.2277694923952236,2.104602073336693,1.8434513744580858,1.9637453188760077,2.3296054221784246,2.1825281118794653,2.6013735416918724,2.409246035206566,2.131449017601547,2.656305326952806,2.464030386390073,2.6518333202501783,2.834825792000464,2.116969405250275,2.522428759430161,2.5189739978590335,2.5989278851619435,2.9687658889874395,2.8793424899996314,2.8855014647164783,2.669943279404441,3.1897024064717545,3.0734476331171923,2.6329736096669496,2.941167464021879,2.826575046921741,3.327801068476541
0.9692437420384596,0.9053463635623231,0.6367478497825534,0.8219982255519049,0.8892981056992095,0.4096060999181059,0.34786076005233824,0.6561882507012502,0.4977967323394452,0.6451717846848908,0.279797535523711,0.5534883696035475,0.09136491695337412,0.11535993007964152,0.8049053128739772,0.36889954928180124,0.23730438655360153,0.29651879076479126,0.4680058758737591,0.43623939569584813,0.32034470500090784,0.4256703284719716,0.177466798266515,0.26419009191109843,0.18136513550925137,0.0,0.47078274520743335,0.5754389877568222,0.8545537437653064,0.29283727758736156,0.720766678489106,0.3673352797101952,0.8576837552294485,0.6454452496372323,0.37705970943554945,0.44954268317136226,0.6084226168491238,1.1125649611497543,1.1245041222930787,0.5841624135860695,1.085252494757718,1.1070651594582444,1.1769565559809188,0.8819491917723763,0.933773492454943,1.036403019105304,1.0984030414134835,1.538940791138689,1.3095859674199275,1.7088494750746506,1.2950497670230163,1.3704307855280113,1.4511287934016188,1.6300434443615721,1.3814233691682816,1.7071925114551085,1.676540674886141,1.7566457625404368,1.5961219253654022,1.8207617664419367,1.9257956803242955,2.440774706338747,2.3350535664619336,2.286646382559823,2.5648582636855437,2.3037510050912253,2.4603503511538776,2.016881295014464,2.445736135044772,2.734770912521604,2.199902907452323,2.563663860217506,2.4630263405091064,2.8433328997647997,2.3334222772519446,2.5164232092103163,2.500784017534567,2.883872886648156,2.6208782427079917,2.558003561285336,3.090471323670034,2.7419317575880804,2.506655778509927,3.213208931907605,3.2962942433903635,2.6699483154517445,2.6746635721287397,3.1206203975854336,3.335614534966009,3.081795342296065,2.8591490915540447,3.454841411058272,2.855781463488565,3.024851672982418,3.2384756279090894,2.8424959475780014,3.247171555043195,3.2341165926768554,3.224223544841614,3.290612053400068
1.1095388756866988,0.8910458395565577,0.783493227950629,0.5985374504986893,0.5819332168799534,0.6589847428965179,0.7696035435155508,0.5525214349355281,0.3429306756052597,0.12937983784182094,0.33324861974066877,0.5607121990122508,0.43643570602018755,0.1962461066052441,0.20303214302163042,0.22047793282159844,0.19795131816191613,0.21984324065293848,0.20496569243985974,0.2841888764531859,0.29205825798009855,0.23490075355648443,0.236501901923571,0.34106024650398936,0.14853700338756326,0.15843165915296709,0.14951286465934643,0.12496317461353357,0.6360301991921915,0.3281889032142047,0.05730051065424746,0.0,0.06267031361282704,0.45546546436755264,0.2768313142597165,0.41728812249439784,0.5105745337331662,0.1814649083977109,0.6173455945093735,0.5279744429071656,0.5344498858311191,0.6944244459935973,0.5461119094772897,0.7091291017911168,0.6001115323095441,1.2993152368198366,0.4999380752973508,0.8272729829707899,0.908609212791486,1.0194478297212193,1.3969350469064281,1.0073309950523104,1.6113641400284848,1.202177813985248,1.244701750094606,1.4535684619422753,1.4383627902461953,1.5063217483649467,1.3631163417269185,1.1110927175649508,1.7590083374403385,1.2254019684886472,1.5397768844948985,1.7170447779279598,1.6651074755770452,1.8991763843276246,1.581291822590103,1.812277121535928,1.7553812304686005,2.249210698838098,1.9320731343528905,1.945816633591381,2.0936659694568327,1.9883803867807224,2.2864825121010774,2.1159957995542555,2.0066881165491175,1.9663741633196459,2.455849406589632,2.0264505619712914,2.258519918894372,2.745667568712854,2.3482178536904392,2.291588509500965,2.3948965346286215,2.7772847123023325,2.472658969550743,2.7549936128520045,2.7220306984968126,2.6693535004080644,2.871369755298744,2.6620540825834915,2.697988972215466,2.930123061828642,2.9255116054059336,2.989075758494927,3.038533371277474,2.381387499538498,3.07936028431493,2.9073228074398507
1.9679140430964797,2.218885893353237,1.9473548492824015,1.8120752891502292,1.9921485612079142,1.709755040403973,1.9992574038098905,1.2542088911055131,1.452224360668918,1.2490282066577159,1.0677149303350362,1.0028488506323896,0.6396759776335692,0.5932960853000768,0.5245863681880127,0.8117274505009302,0.2846320017697117,0.2712684455143304,0.8049011065870779,0.4489234974071099,0.24842190309564316,0.2391058918524731,0.44471645171578444,0.1293303825566987,0.12329713967704947,0.15745441343865352,0.18727512828192872,0.5965359198612674,0.15677441510427492,0.09924565893947879,0.3965983654873302,0.0,0.18415999714321352,0.5033166344564428,0.34729873222785024,0.5437237059598807,0.15574629116151328,0.43093163154191316,0.4312300674366849,0.7327620386930906,0.8932409974671227,0.3423301655572537,0.618607771390348,0.5342505336364365,0.5616673576212694,0.743564516283584,0.892601938407104,0.49112857584074554,0.6671797886005955,1.2546970647912055,1.0248017100716424,0.6850574818142157,1.4151074069757694,0.7084223549014368,0.8258409436783118,1.2528058357852903,0.8217040947947893,1.516417230340318,1.6529527723180646,1.4551224946591752,1.0919735215811457,1.4852165483537831,1.0883136529456756,1.4999553039747653,1.8312064285128802,1.743275574130351,1.7890546058447754,1.9772989980511557,2.156129037139941,2.044361055613484,1.8839201724241885,1.9134563457727367,2.419348056659018,1.9008359400890669,2.526117620194089,2.2873086853855256,2.437613649486943,2.513595518317066,2.031031399914518,2.4099206349198194,2.115726148990756,2.316022273460014,3.0036425468736887,2.5007257686161513,2.233534290204478,2.755156469621898,2.8535942740201428,2.448634699785176,2.7705873073963776,3.042460833325187,2.8529387049594863,2.9467692576882527,2.953980254784252,2.8201490939578537,2.9842609392687116,2.9908894128556085,3.0473510696346295,2.7346638313674347,3.4204414064290525,3.615211088476851
1.2043186450974535,1.0735659620243059,1.1658542439904451,1.2989070648727576,1.0361957416580747,0.8293913295008153,0.714441452954409,0.9259653198925495,0.7406458254835933,0.8830869362187901,0.6507065242358792,0.7320167698950755,0.6751625686437883,0.7563029738840541,0.8373169277131787,0.6104325351837403,0.6234713298570416,0.33632664620532715,0.45217425574294445,0.5005755965433973,0.5594708747211801,0.0,0.4394489488296447,0.4322927960776717,0.6015481502383668,0.4560782839488695,0.791499896129773,0.63238427164341,0.39900413538033064,0.5747626880494519,0.1949010252150476,0.5609082907788778,0.39435459763461544,0.4347989470183453,0.34654033163732834,0.5868854899908236,0.5670764138275661,0.8615829021611336,0.23590152610782944,0.40497618685967574,0.8745126782386627,0.5228485761643107,0.910936517756717,0.3378858115923684,0.7595961246669436,0.6774399799059676,0.33739302103624524,0.6244123529750851,0.9571999568622456,0.43887417071208645,0.7643980515494437,1.0449281152825982,0.7012372203923434,0.5373495519772291,0.9162765910018269,0.9531647632494185,0.9982598218259415,1.0304178936830652,0.5762043893927302,1.160002948940516,1.4693064498211132,1.4567043389607335,1.1893701941802757,1.5874736531129177,1.2389021712089736,1.7498099662221414,1.5790078226613282,1.8627828244256897,1.6754303442650738,1.7575879794785312,1.5937942262723528,1.7135337417624967,1.8019484606135396,1.7887479720426676,1.8591400722616864,1.817564406484557,1.9531970453240337,1.8000199444049354,2.507218312475942,2.1425784158788606,2.2622192071055167,2.0752855843389177,2.5455039221371827,2.3210840620514794,2.6397952513177145,2.62559766620463,2.3000099082989784,2.6589590062126334,2.564741837551505,2.616693214187446,2.4168246601862187,3.0333943245431527,2.9998197521115415,2.5868516883055683,2.808128956310483,2.925690438266688,3.228299185662138,2.873226372864128,2.952634222255835,2.8850429251009118
3.011408961646058,2.543061116084626,1.912948886533055,2.059832177931817,2.079658916047933,1.6970732291002015,1.6609367598916656,1.8046826793190682,1.2967640307639492,0.80895701844792,1.3557136769551619,0.9714450329188011,1.1510381723580814,0.9618125564508944,0.7496345157513229,0.6840591466709913,1.0472700625068647,0.6964434334960306,0.7133258202649664,0.5903008580773612,0.5120962183580264,0.1278634819351172,0.4236553825091427,0.4196889362520846,0.7743468986818502,0.20368559940205877,0.0,0.6869817697177787,0.16403913752771615,0.8336259645280997,0.1686203233640562,0.23879415030822138,0.40452667116342766,0.4546788605654495,0.4128723316089129,0.4422855011322593,0.10180156343577096,0.2165440472813227,0.49232763653753153,0.42158212036573417,0.28423113179520776,0.6122996995539207,0.6123690381396365,0.50858224180854,0.6855659471397892,0.37052711457129384,0.45812439060250654,0.8580132274753254,0.8560319508008654,0.8589863675047287,0.6356623246738398,0.9952111352514148,1.0307033336144116,1.0079523349489232,0.8243465213850509,0.9587996044827953,0.9504810985885879,1.1459477975395505,1.0753273717292036,0.9321979182031583,0.9198592225912012,1.2905919593547441,1.4707725212810416,1.6194716782756728,1.518215403237818,1.4491712843628832,1.7283873435135817,1.7104122659160055,1.4283222319044775,1.8199654835639905,1.7524372494131484,1.532220997620346,1.707498198085382,1.869134160464693,1.524248596193953,2.087975823920363,1.9425818072284038,2.05979258366607,2.1120130496398737,2.109618073456833,2.287163977316876,1.8560216038755435,2.286555147790377,2.60224474942385,2.3964809068987805,2.3680133115598245,2.623371537940951,2.6843350213624575,2.4024155480262444,2.7480277880790887,2.523276374305425,2.482984820572401,2.7414052378629954,2.5935484820176207,2.5602837367399793,2.4276304531399333,2.5782004872364155,2.9153133223534233,2.802653836480765,2.506509847499146
2.7521393574763238,2.370340974065158,2.081320936060436,2.3317852456927675,2.029262954521096,1.6471302973385082,1.7737979568806779,1.403232196517175,1.5220408008843496,0.9177538617363865,1.4107501618272167,0.9768339993748327,1.1762361246635429,0.9862555587187849,0.6247452371823812,0.4901888896901063,0.7221140779049389,0.6877515355219064,0.4911753329167805,0.3829533719633158,0.3189784231545545,0.28307178001325184,0.493983689146793,0.3466225163833734,0.6044774545271991,0.6124637162732167,0.30890549115510346,0.0,0.2367091841612723,0.22917891579024285,0.18453565746529854,0.5150377203802563,0.22119082355024489,0.4762313447469477,0.543076191575075,0.7027558237525504,0.6397880307178951,0.3914745768449066,0.5490381737657088,0.7459235452313955,0.8285023130810956,0.775940085091193,0.5316608436586954,0.7630273412529949,0.5334921842067359,0.8027917683810237,0.7156675072984857,1.066729979241046,1.0591307362810252,1.0690929676451049,0.7357191481853214,1.0663525815750123,1.1291089921149187,1.3280006361941545,1.3650050219698748,1.2681350844656762,1.5161262160744595,1.532122779345265,1.461629002005628,1.67939233398452,1.619162415899936,1.6157126106406334,1.7603894759165684,1.7492081869183682,2.340809447879387,1.9556958951783585,2.3710825771481012,1.9009312529973936,2.0076360772741033,1.842087358497034,2.2253002526817163,2.0403490353117295,2.327359128842872,2.438066333859222,2.1631115883808967,2.6715356105022607,2.309977101448002,2.4837992920905876,2.5311550180403586,2.3623222065149285,2.4858446011845423,2.9021695543647574,2.588326574270642,2.7804906584789784,3.313488187826472,2.598491680561345,3.0909892443412943,2.894100766635116,3.0566288788631653,3.2697285901230195,3.025645612257403,3.2553610808287203,2.92319168817491,3.2436811006964774,3.2012194122061643,3.051955509857507,3.246392172365276,3.3155393039273733,2.951313858327172,3.3063737955563823
2.2409553398987097,1.9749317021697141,1.5511627091296578,1.424358424846849,1.55674689030195,1.1281868148855878,1.0710628523807255,0.5592705380209448,1.1253190272965021,0.795077065345863,0.8818063288771505,0.7624339247371932,0.5148013459243899,0.8680614894200644,0.6882126965840101,0.023685967842029143,0.500573821310379,0.8437201526859095,0.17564904676761195,0.2954490061122055,0.3610589898933192,0.45188438447111245,0.17085788038822614,0.1409578951357222,0.04989164599908236,0.2203394631082407,0.48579326590684424,0.5758842088655278,0.028944548132345815,0.3522770543872564,0.0,0.7379391168536689,0.5001823529370384,0.400212510210638,0.2866172165705745,0.5658221192347224,0.8184143809634659,0.8548963572887427,0.5359574659170914,0.6952823579792042,1.0620987207795842,0.5664688174768155,0.8384018217451601,0.8356774861748928,0.9497075303500289,1.283880562960432,1.1915994607931903,0.9173959231318918,1.4829212591980738,1.1071879041038457,1.3564660352112163,1.3004090421462422,1.5211343233169092,1.456981438237527,1.9038602853462656,1.3444413281951366,1.8804455164348752,1.7782335867553662,2.105504321268027,2.048394414173318,1.9042204954162276,1.6340630638311264,1.7063105331886828,1.954626317186575,2.6749162156496755,2.299673129856659,2.063764748652277,2.425224790621103,2.228851075970402,2.6168786638976815,2.481104302221814,2.5642426239063756,2.745622109725014,2.7487232796409256,2.876202019638635,2.654894238209094,2.963743500183755,2.287953576507709,2.822152391213402,2.8703368562745073,2.938658835680682,2.82720087736954,2.9771622608805632,3.201730785653611,3.2695211134136866,3.0845716162944417,2.989951059763632,2.969089312386428,3.0924477517503224,3.1269716756685835,3.5279474402599593,3.3101343265283614,3.223051096460333,3.158527361246234,3.322101979356921,3.4949042794447553,3.4143825967618238,3.2815912064159587,3.1754459083600732,2.8807436242046993
1.6993962599196628,1.4701441090469114,1.9027266410006085,1.5635620749142465,1.4843012577223096,1.313483929251813,0.9442348194817605,0.9577462132121344,1.049606393569709,1.0334432707355177,0.8013391557420242,0.7232635638242275,0.6332201096415524,1.016378292838013,0.6906616749833461,0.6229178196809091,0.4515975696820913,0.32465596761603877,0.5042951467800858,0.5199663661375684,0.25950974469838073,0.3196298976815992,0.21287116523447835,0.30486484933951274,0.37682979011241,0.42290864818256857,0.444398615474908,0.27171141685929534,0.5520531999494764,0.4858309869746513,0.0,0.3640380119166764,0.25667749932233797,0.23831584093943547,0.22869563678237093,0.038288391643135355,0.7611563224935871,0.5368526257492885,0.6682272578989394,0.45978433991825973,0.04544499955164838,0.7443423745400377,0.45961035639756886,0.44203157661967296,0.7461818658034165,0.684079372924435,0.5394592619887355,0.7111851568899503,0.7820552056402885,0.8068894768201922,0.5813215131681542,0.7738768528321458,1.1387430641260483,0.8203040668293848,0.6919942323049337,0.963178386816093,0.9318939177413785,0.8405428857765198,0.948368306550865,1.112832222195344,1.1961580337210727,0.964108610154284,0.8633045482126089,1.4651886193535653,1.7212174633515396,1.1386846004666484,1.6325749465379449,1.203387152091942,1.393786719085563,1.1750250861420533,1.7236322793222563,1.817133839318755,2.021316542166119,1.6694133341882118,1.859675479226155,1.8472640610828481,1.6927133224867141,1.659227734811358,2.022881127776925,2.3306264645361985,2.075942170357223,2.2585271621060095,1.8310981058994908,2.250848036236203,2.0896153265652107,2.3511943777846476,2.0538796250639635,2.4493563769056834,2.6633625085552026,2.257347759929896,2.3508659052391927,2.468573007113303,2.2683025530407903,2.805164484879189,2.4870172008087046,2.7910294859105917,2.788699814857832,2.2685793827088467,2.6040814103443566,2.921031563577202
1.3201632341881684,1.1354566776892803,0.9234869225227502,0.4896624423417659,0.690311480295831,0.3087365512282343,0.5440453578670468,0.21440906596457765,0.12232120819603409,0.44544331766566536,0.6941632376486258,0.48800114320000176,0.30947919269079804,0.3403401583011352,0.268818799655115,0.5454699517832129,0.06147103303981538,0.3919278553236989,0.421388355263014,0.11576388409195815,0.02798233632078606,0.06596016263237026,0.09894656277718106,0.22469470154476134,0.0,0.3710952447241116,0.02387644734841743,0.16973924393410655,0.29116605467701007,0.5615866467680899,0.9721235010410112,0.3429816380662061,0.4545427015119472,0.20872457022315416,0.5737737929626334,0.48829330869014065,0.28502893278385244,0.33385188409005906,0.2807930742769571,0.6358330004577901,0.6221939763112907,0.6748254343547604,0.6616320481142655,0.6853679804636652,0.7420450599422033,0.5163174369741999,0.7126144897990461,0.9773259450251697,0.9369539405485625,1.153233955235958,0.6347369650035173,1.168416003961692,1.0610215082623622,1.3677694951559776,0.9165361389226163,1.245585337589759,1.3181565410616862,1.4955778153798391,1.0158191735084934,1.5207236996808575,1.5391694370044604,1.7894513776562295,1.2758000266062943,1.8624952886510968,1.74834066319184,1.5646914800161351,1.9594179874142572,1.9782679295392533,2.189845417402111,1.8910102102095134,1.8775756767393013,1.9561302906265219,2.0811482180176384,2.115198870371861,1.9023976906019158,2.3148974344021926,2.1131576328171047,2.093593668845898,2.1461987132091096,2.473851365598625,2.6107096006809485,2.5206458800955858,1.9591524440027257,1.9717471975660548,2.299962758393786,2.2488552665534254,2.210659707363245,2.7770336259550206,2.4879872470604916,2.9126598782581716,2.87570876804768,2.7765545970356023,2.622665835970512,2.562540115131174,2.9259404883115927,2.3306418077844064,2.9342778255034965,2.9351607186203488,2.479201543105839,3.1841391179505187
3.262798257954884,2.9747937215832714,2.4730246231039956,2.3703426913717713,2.198280133856997,1.6480966324234423,1.877269685648736,1.6707191405079893,1.7577912595960452,1.6096472544314686,1.531910072130703,1.1453983758736914,1.1259085211636677,0.6287385014908953,1.0621759141050973,0.9819984109409194,0.958781856426766,0.7408177662135635,0.5380331079301452,0.616261080704076,0.7067824761598782,0.5028088148288781,0.8636171268039075,0.8128695099239422,0.37471305081244033,0.33471722722450714,0.2569040785039949,0.37428689069120935,0.2523878845371179,0.27067360506550564,0.523417351047982,0.191086810659586,0.4026104587578665,0.0,0.17345181140972699,0.04717489633334182,0.37742964337929585,0.8729777734131705,0.7098142843693367,0.5461477630446225,0.4256251142454115,0.5356915897319929,0.4824201825097614,0.6790510705771968,0.8515681777415995,0.8450918954026925,0.4494038906850921,0.8569478945474156,0.5338507282038698,0.8023481673372288,0.8004867171461072,0.7696303409243885,0.8362130877694192,0.900838394569984,1.0780722834420509,0.7437045033327987,1.260940799202185,0.8645464613220053,1.3311079598586488,1.6225513250078425,1.4541213839646172,1.5412814993100081,1.628138111515561,1.6346549339228016,1.266667451284821,1.1833123909231738,1.8352989403981823,1.5595853273202973,1.780491802739613,1.9496777926704656,1.8525125658017565,1.8660989055605608,1.7890081222024659,1.7563153516602732,1.8636881828334406,2.0028951142022393,2.214391163907747,2.2678339157501473,1.9552069246774302,2.6727713684783367,2.2024432625716592,2.7544600964751424,2.2930189790138407,2.3415863465605717,2.25725391767123,2.4289818361626168,2.36768101684029,2.471267468837741,2.598117842306859,2.581259686412146,3.1472836634589854,2.7682368307620955,2.7592959748001284,2.684691006610347,3.0625240788870762,2.7716250003590517,3.0419499248993347,3.2245334212484735,3.231377900383581,2.92835428438179
1.6244082195928389,1.4416305263702416,1.5484642745759256,1.4355668422630359,1.3241211853477477,1.4223975024638076,1.048584260236991,1.005890716073388,0.7934203756920564,0.7174748017005754,0.5106734706778688,0.7037077954484765,0.9966955396047812,0.6319593480261769,0.4304619279721731,0.9336575547595043,0.5301537413361483,0.6347447550447676,0.7589606876000268,0.0,0.5891590164921432,0.565612934522596,0.2528150964536291,0.6745987226139043,0.8725019275693793,0.6102360110783778,0.8045691968476927,0.8296806576981375,0.6388828351994231,0.35845826915095635,0.7589777483243481,0.675487488630722,0.6745741221263657,0.8738596488818846,0.6724210204382501,0.8053754266390669,0.8201061584909777,0.8600075195120116,0.8986552733655042,1.07946921896413,1.2032391753175187,1.1800942031138444,0.9917625675635513,1.1554549242158245,1.4092782440980098,1.4872771697021552,1.2242149788896004,1.3187994271578187,1.7060840150298997,1.5166761020981703,1.5264494159961313,1.5085941636570102,1.4571299405886364,1.7898516650795049,1.6035412997926919,1.6031149175217578,2.179000057344277,1.687322185108803,2.0598387053606384,2.260433264065435,2.425848854654058,2.1549826253809012,2.1578187249493865,1.8657532600946354,2.4943408847710593,2.2727054264528928,2.3879140574382003,2.5288398073465004,2.5576082193183662,2.53214527056166,2.7448854490373655,2.682076363377533,2.8253300808317086,2.470439288893795,2.5725300551791825,2.812770711574089,2.988315476123388,2.805238921636926,2.7417710328402105,2.887922980538354,3.121116716972562,3.3294139790275104,3.264608355232319,3.375853371200993,3.224575806173334,2.818995935606509,3.284034803363749,3.1809394081913247,3.6615836931516554,3.4298398499721188,3.513073436133478,3.4443897508682575,3.4744704888027726,3.4568016301243105,3.345321389097684,3.3741374672188584,3.7190991530538007,3.3302909690142712,3.5683948589482632,3.5247688948901406
1.26509940600579,1.3265609374995009,1.375007016200172,1.244091682539544,1.2523026478380856,0.6480810804757464,1.2108310620243756,1.0770054906043267,0.6806426562729513,0.2328992398554064,0.6378964267805927,0.6627863231653848,0.7429551692038778,0.6930963273960984,0.932774463059884,0.4950959473370897,0.5457146780225184,0.468383796770663,0.5764649313463117,0.2967612593818636,0.3578623188629422,0.9375625705972723,0.35611141102999966,0.3723141021019334,0.6105016585324012,0.38573208832711003,0.5564804336641007,0.47979647623670374,0.3862638673592933,0.40491267687650634,0.7309586708644709,0.7129682352242028,0.051578302675755694,0.5688342776474844,0.9979793796355256,0.6488453467633981,0.677119507222006,0.8149546327319577,0.28388001513070193,0.30944960758376716,1.006689711737577,0.0,1.120567683605465,0.8680608432294967,1.0449076855716957,1.1755119403173317,0.8990649121688197,1.1855345189107371,1.2415587079291566,0.73509274274784,0.9187934753505598,1.2024221045901484,1.073464787870348,1.5161816481907202,1.2753519751227174,1.305309974335401,1.7655426148905118,1.3329202799670803,1.949520338213512,1.679421548067788,1.773842867216187,1.880570182768123,1.7700805780741362,1.7538221265109613,2.052418017791954,2.1365828247908123,1.9714254226974628,2.0486386393675318,2.2255142972678925,1.8445870390354457,2.296442095821604,2.109265259985678,1.8353921257056083,2.0440324577910864,2.210551171008319,2.3864227367984174,2.5404835560615435,2.6245561126981602,2.623558542460195,2.7484023820320935,2.587553664853857,2.4851297016491163,2.821088847828104,2.755539656872772,2.674716167634882,2.665127325578826,2.671918992590202,2.4682034132020334,2.904971004021972,3.2193903131206145,3.075422685636875,3.0231962567559076,3.0296134572684625,3.13306986595739,2.980452732191969,2.976179306370531,3.0739874458329286,3.2520908007592144,3.823666003533708,3.3605942122616863
2.4318828627654874,2.248571895114914,1.9300840285055223,1.6587834256916505,1.4127637947826592,1.4412132984497283,1.398008375821572,1.5007350140616857,1.1373911102154555,0.9324113895150603,1.019688200547046,1.1185843633348185,0.7525233861578897,0.39553924188578193,0.653669066523749,0.42335626825910033,0.24801759369297827,0.5327051592324636,0.8615790355656241,0.7205887749348374,0.061622264321385956,0.33859065866343485,0.15942704856395018,0.398343800622472,0.1511177998005646,0.4219629953866946,0.4344363524867436,0.4400733318451113,0.6444760994345398,0.31554344795885214,0.5961123837660534,0.3930995291088788,0.3135496816769159,0.32675527293307915,0.3716959540747169,0.49866566639175325,0.6418882667546537,0.4756956627105495,0.25496258621283197,0.0,0.2357620723713385,0.49111932846515316,0.4289386349322175,0.5510992600508988,0.4251234092386671,0.7005556465982661,0.07263856706596172,0.7640785516826885,0.606223871944847,0.9795460281077641,1.004372383420094,0.6459109450642604,0.9161671168899197,0.6903450400964495,0.7075248450645795,0.9644114845684957,0.9102344357426215,0.6228201220199594,0.9937727021441223,1.227061826687832,1.1981565790307371,1.4020832098299287,0.7467502704650073,1.4240556612457862,0.9317798936290487,1.1464987032483993,1.2232399076360085,1.303959893501906,1.791464982526966,1.2280061318652056,1.6297176036503185,1.41658760511935,1.7008010903560926,1.7879091882150693,1.5256413456911737,1.7550120326503293,1.8377195664254824,1.6041563997228288,1.828795179310907,1.8584700852969096,2.048064207166771,2.1228397355674016,2.099143978056915,2.3518979202976062,1.9283136954316102,2.0269973555415,2.1337978201003924,2.2405302217939926,2.320382771743107,2.5527186291477193,2.076561035015043,2.2773479991607424,2.7820613279529205,2.2660532681808583,2.281418200024243,2.4711855615253917,2.1218528909059575,2.5664425429246265,2.716030338582655,2.5918638285192905
1.7363590486615745,1.2248140167218562,1.1009284578098804,1.9323480582552737,0.5649569374971968,0.8891309331019333,1.3135081696790092,0.7875184889134363,0.9494181570333637,0.7425916539207407,0.8199207116021832,0.7238016462846097,0.5827013979567379,0.38767270214425054,0.28631770403965895,0.5006048462294963,0.5667387294728705,0.26047042555670785,0.5582671123337679,0.3424868970677011,0.5662895386356386,0.20119221715187052,0.2291987686320649,0.30809282548250216,0.28838947624175937,0.6679416070179123,0.4396100782426,0.3318549055931985,0.27202907616404914,0.0,0.5474552786327749,0.274141340528276,0.3520907501073296,0.6286325785684763,0.6503275967487401,0.288485238016742,0.37936794985523115,0.598349226505027,0.5623228964724838,0.25658187516170194,1.1506571811542248,1.0665521939442524,0.653841194482272,0.8706969734843941,1.1090756656614928,0.9481413360603561,0.8606299092729621,1.2565915920233781,1.137014625990263,1.3223991212260007,0.8904964964706519,0.8145538501733949,1.1831157841493471,1.108273829332692,0.8808585353382572,1.3769445875446191,1.0860092227611204,0.835155217025207,1.731451245252396,1.366104587616812,1.4816135578566243,1.6933211765167204,1.7490384546984306,1.8022120818111969,1.52067393971428,1.8323196892806752,1.9647677953064093,1.708523723694709,1.78806967971064,2.052716817738103,1.924381535627477,2.126719290164816,2.209349858225254,2.300342751318423,2.5397411780362216,2.7734263551144895,2.217461511738941,2.657308122693161,2.358135838726829,2.5815304281570253,2.3167042685832495,2.499734734960713,2.7226567885976767,2.672085747130085,3.023152714504521,2.8877803366099197,2.876979623628193,2.6045874302101684,2.7184291748899536,3.1857321353374086,2.7554399127281126,2.9864321060444237,2.61412120726232,2.771959310660934,2.901746440171779,2.9137399329635922,3.1973807342605287,2.685373098393521,3.1299902712884613,3.0591379857953047
0.5656404690968864,0.0,18.951119439443346,18.051412006299444,17.637525813368235,16.78634742891617,16.92494428352181,16.428642312199855,15.782561128655434,15.986564278014255,16.363048755554008,15.94840287732257,15.647670762919818,15.494179361855029,15.312723441804405,15.184507372917597,15.13114156461858,15.331992227303056,15.084409998466382,14.66127408154816,15.132050374226015,14.27429143583737,14.750343827478801,14.575175814976141,14.238609466989267,14.582385986184155,14.481660006126539,14.410180579043656,14.358573597079102,14.357935836659724,14.341622931579732,14.286298012787832,14.420527267858237,14.039027512192243,14.338661829271958,14.485139883518658,14.354346868079835,14.459659215468857,14.365023420504595,14.436167587509518,14.453083834493146,14.423094039907948,14.390851450692702,14.517886987479077,14.752783520099555,14.406379594616665,14.791008250660665,15.06201064558146,14.612758308074913,14.37901129541013,14.960316123894323,14.577193958376895,14.70868029645873,14.95404980108313,14.85233248170645,14.957023694766907,15.201218475741388,15.368714331507514,15.458697723547301,15.232305715325412,15.089840231177622,15.459916830679544,15.814591208311809,15.552248521863623,15.400922087381272,15.22186899152428,15.640011789734201,15.667014336344286,15.491976545612141,15.8592798717532,15.924329795873716,16.09869470232719,16.10016336329901,16.196623588688713,16.085141833503325,15.911783389698508,16.29960113566185,16.425818682545707,16.42628990769748,16.366483076099936,16.44672701789533,16.952916644652152,16.364136325483265,16.28137802135405,16.711971873996845,16.893388991473664,16.564937427776336,16.4970458193649,16.675625730158867,16.65357387417599,16.87592048056854,16.44377478909674,17.213945156306178,16.948402860489573,17.056682186646643,17.069547699937793,17.01397786702564,16.97708323280745,17.14580208949841,17.222011226007655
0.8987741502634599,1.03901919485034,0.6831985416530895,0.8420572343363357,0.8573596577322729,0.6201101891422063,0.43824643379776873,0.7656819409058606,0.05376089078471402,0.4659174495865699,0.5632974440089118,0.9226538387046013,0.22643957464347153,0.6593063072689471,0.15545264246761725,0.27154551790808945,0.2605642867813085,0.4798669451476094,0.06982627059196567,0.3995331971407392,0.25486117750479664,0.26996174917573157,0.0,0.3984511895643923,0.11412914747498171,0.4320540102969659,0.3315921393409571,0.6063332206501713,0.3511724303911752,0.2989536264292827,0.48355697900206884,0.4542454694934541,0.7746123660439217,0.28856780975928054,0.6300432089324453,0.34830476754260964,0.5224876028085017,0.5675921539794562,0.7715636030492607,0.7733003869214325,0.7555620884001595,0.5737802351570167,0.8935926596079433,0.8866742334628146,1.1503542319104607,1.2102019351086373,1.4483356318928209,1.5013953485775584,1.4151192090741773,1.4787393002292077,1.1535425060786118,1.371675312793636,1.468549895336185,1.4134656347719385,2.0927445060100336,1.836634376693974,1.7681868129858902,1.2781279835831878,1.889437160955321,2.116586705491244,2.085052795412423,2.027462614940216,1.6644208992632912,1.8765097889790763,2.326410741941128,1.9258922004517895,2.094210585697386,2.2332104040610385,2.445585824082137,2.129393122521204,2.22283848096143,2.5228129673189805,2.462840161144582,2.4485112065551693,2.6515791554860755,2.7725320451315287,2.4020033855796523,2.692775790939489,2.3626731308691458,2.899234570579816,2.7573498592856627,2.755665979476502,2.504472589874119,2.9491186076743663,3.0940754536694772,2.8271300950350646,2.819218490046973,3.0239797056150604,3.106077651341147,3.210906454869841,2.9467018873862667,3.296450489405556,3.2753100313059402,3.0450648231672606,3.389651662693259,3.595715565076068,3.4345975051224595,3.108673125520218,3.3842882978853037,2.9272372812357066
2.8260168949217768,2.4193309453955028,2.6263596814030503,2.1522291316935007,2.182033322310298,2.2263650240928303,1.6926132545716968,1.5912229795129438,1.3138844176159505,1.3623926408866023,1.3176574730868804,1.1425079333685062,0.9784029513693344,1.3553966284147378,1.0002630633599168,0.9481201241536557,0.8355614124811677,0.5670181855763392,0.5850360448717495,0.2038634791815479,0.34190419862146904,0.20233085743085155,0.44745634549439117,0.6122675013768735,0.15950468911513305,0.2644172207735984,0.281749622636001,0.0,0.31188617919498896,0.07116183517539554,0.39108780357971185,0.144476759696488,0.49885905325857216,0.3359489988146116,0.4503809883175762,0.025351444612518037,0.47687106909062926,0.6269597863819314,0.5941153541708886,0.3901600183896381,0.05659026633298048,0.6397282051079767,0.25392099298578863,0.45285491737551986,0.43483105499098507,0.3374268575278023,0.24293253381968682,0.6883930986534494,0.4456422155158517,0.3773535561761321,0.723282454753587,0.8249168154846558,0.2045477188510212,0.31594442933487876,0.970664748500468,0.8893811754100795,0.4423557226205368,0.4650136058513077,0.6176626779711825,1.1108026163612923,1.155014844087665,1.188257600075703,1.0658926959421198,1.0146899828989469,0.9562407283846035,0.9717922498961773,1.2443564510853982,1.2722937569852277,1.0889625713305424,1.5003293260526274,1.4122540042517588,1.6335982315659159,1.1859579702120744,1.8167497245736115,1.6831647982248104,1.6134806877322543,1.5171480197032654,2.09512666709521,1.4067830889291937,1.6609458730009763,2.15107884644169,2.087389644570086,1.9909727821278533,1.7659593920260637,1.799731960384948,2.0483396217827217,2.0948804296797405,2.2527838392810065,2.5271477524489647,2.4520832443553786,2.229079162273047,2.4126813733674464,2.415369404096989,2.2188336483970144,2.235297885799289,2.5621111572189204,2.3296551243588404,2.8159755259268078,2.6299713837986918,2.6123943783670835
0.8912278938123315,1.055699330820591,0.7530449313951166,0.990546414874796,0.6152251245504061,0.8192568516547851,0.5476066620353173,0.3905019926796385,0.5314456104693122,0.3527271258807474,0.44515165171061,0.32258038027844904,0.1567426287383853,0.20117147019790949,0.2341917076108686,0.30440842861672124,0.21626134100474914,0.01752169888160182,0.02553226539811604,0.20609141776539985,0.12772562142167487,0.17603544186508202,0.37734127975601695,0.0,0.05226545440106278,0.16924094456332028,0.45228782679008006,0.07355857723100101,0.23886104899751004,0.24493955905102638,0.10281231164769977,0.1813628299774237,0.22237242725909567,0.46995855744344794,0.23525497159380038,0.25261009596545136,0.43939343638898976,0.6273439278146391,0.1983281990550907,0.9059387848793605,0.5778006945575598,0.5915603848826585,0.661640170750232,0.5748832752322386,0.4584535651111068,0.8723062149916849,0.6402339585361787,0.8517365867852718,0.6759607267780972,0.9044540517816522,0.7573470480068245,1.0972676103657548,0.6021724236360981,1.0155700168439488,0.8994875376241325,1.2154855250892176,1.626579731884462,1.1994035055731516,1.3772040236293392,1.5744842145897486,1.3643499421389542,1.0861445375368923,1.0880475091165387,1.3973385821077962,1.2294871599243322,1.6926978415027243,2.055761451336629,1.929731419771553,1.958147761192528,1.5305317969146728,1.776265411268298,2.188823157666416,1.9612202658384064,2.2657873695420534,2.104788718578291,2.29998232104116,2.0903973040664603,2.1084558939706852,2.194531551822326,1.9844983035085058,2.199909000807313,2.2647307964903867,2.773827519222678,2.506457630311708,2.4080769297398774,2.2815629853866994,2.464228045431245,2.4960940956225492,2.430419940014165,2.671776327542556,2.6203046384885944,2.7333981761498123,2.69950388420051,2.6073818064084655,2.6299631465608933,3.026796461099675,2.8345048256102032,2.7081824161923365,2.9010073724866317,2.640642616089419
2.2053302877323286,2.0384760471335746,1.9453293379033987,1.6668626298696694,1.4617944740690039,1.029219223581192,0.9795950167302081,1.022499556864533,1.1669322773117905,0.7539204080993613,0.600785974798427,0.8977917079526652,1.01042052644193,0.7184521795807068,0.5696683633584261,0.4947043988948998,0.5081741035536016,0.3352844696217758,0.49764440293226286,0.751872179722799,0.5532851062607502,0.26130990231925466,0.7217749329761265,0.47142476835570335,0.38609059726585215,0.23286493090601468,0.2698680710781982,0.31704051661189325,0.22341546951417435,0.29096128516426845,0.5982332683903895,0.0,0.12319297246863847,0.5092149780604895,0.30879381669283923,0.6329567296026859,0.23050738771850732,0.23631708065730805,0.5477955050767349,0.25890482526637904,0.2511395172561759,0.6706001571584448,0.6113660125265454,0.7683986093943691,0.5457459487768652,0.2362017290670213,0.47059040683205566,0.4708871752409962,0.2741578685743189,0.5056124104965658,0.853706540803751,0.4703529264769788,0.5637950610999063,0.8810015822633339,0.9887960300164504,0.4545087454968968,0.3249466081626302,0.6518375179021305,0.6892269636650461,0.2878260340583605,0.7139110335394729,0.8743656889038203,0.8385078889992137,1.2084086231630202,1.0086259115577079,0.9814685611273024,0.9893854461706475,1.3184840204205788,1.0602281838136918,1.1974571752480685,1.561451040858369,1.6900377917393588,1.525175025060964,1.393319253197678,1.8573689561753088,1.8089994610071543,1.5084762182923122,1.5130508191267271,1.3105271269188847,1.9817662577969912,1.9063964221571954,1.8908388673218326,1.7104634872632083,1.6089437359322218,1.866219384432231,2.126447401499602,2.141161527082259,2.4849304024269774,2.123921149325234,2.1258572138810123,2.3235339037860303,2.548599455791914,2.5591428447076243,2.161327685027409,2.3703245306252185,2.463467014839198,2.405481411786454,2.821493301123768,2.4526500450922857,2.123435569111127
1.539325365536973,1.313170247271712,1.6071949849582268,0.9798438073315836,0.7245326362777345,1.4252507756459245,0.908250514920212,1.081534699174453,0.6436918524667021,0.39853622672204203,0.5448841088867926,0.5346866576890381,0.6632337582254877,0.6133629196481252,0.21807568382826936,0.8148926889978831,0.628146382544621,0.15209347377364146,0.39130305370618323,0.5301455858067925,0.37616955618163317,0.5897185029118912,0.08832078277148625,0.0,0.5603029444670451,0.1923114662856662,0.7215920852888456,0.35998947031524153,0.7646482274004871,0.5695948100098498,0.4464315387440969,0.7295277523382975,0.6534108879537754,0.542252185609005,0.7102302775599423,0.9345456863756318,0.5599449036584545,0.552910107935606,0.6373917775416125,0.7658679217257927,0.8987774547647334,0.7468356123333475,0.8475467730711319,0.9168200970012439,0.9287702596042671,0.9389597321853813,0.9322105160703735,1.4233449269405867,1.2177593978227481,1.4914017176777374,1.3816066503554403,1.1582811974410525,1.2083822213586686,1.694786527438211,1.6895615610703967,1.7477674946173352,1.5637936886355543,1.9045760588712852,1.578080355053805,1.9596273209418662,1.7574087339858178,2.007511741451184,2.0436316897252347,1.7664451032073458,2.0216123955325056,2.6649208159517794,2.1330990817004096,2.1633090688651375,2.6789590840530106,2.35049392982698,2.461655711095375,2.4085143444151242,2.3050785634343285,2.324237748000023,2.0969899933343576,2.447210778109236,2.4231992236542084,2.6798114674298645,2.4745392456825535,2.579718149600705,2.3850632544239865,2.6905518482767157,2.740996342691151,2.8346151609794603,2.9164311826076137,2.788064514749145,3.464651902812271,3.0729385403616796,3.177917758276518,3.0622533736695523,3.0340249160198667,3.045664266241971,2.8302212308728176,3.323907004960521,2.8249544322422118,3.260776945133294,2.892225276432363,3.1899452712365175,3.6063531544177536,3.3494025322952687
5.0571173094536235,4.530794487080382,4.308630006325274,3.674427114610669,3.4716235656400585,2.9007645051912228,2.6459846859569254,2.8767163485198033,2.014946978772638,1.965985445308874,2.0392151727314296,1.7852223461498262,1.4477931427853896,1.2532494680199164,1.6486727343051246,0.9197452706001581,1.2270783003186256,1.1744961860561887,0.966488464531329,0.8469631626731822,0.7905515494530899,0.7706759768551059,0.6170797088085873,0.22045010834982826,0.42597666124887823,0.11399665920910884,0.15139385050374976,0.20360200009358032,0.18806117137573075,0.30830843185020385,0.2694849852319052,0.03539276840196948,0.33165857702680235,0.30770263561029765,0.5425024410830197,0.2597819472506053,0.5202945221410715,0.20025944811110996,0.2698284487732465,0.0,0.21909268488432332,0.5442390860023103,0.21035839920857313,0.30664453985465023,0.3019580359582026,0.46200317610147934,0.4123568042727914,0.39393471027358196,0.12248682934297328,0.3531436814664044,0.3124111929721014,0.5236496735444174,0.5319270766842923,0.43927266624844385,0.8710555446856301,0.6834092029931575,0.5763163677807768,0.7194322355623157,0.72468315963099,0.8960225227548939,0.5960361436420669,0.9093157800606253,0.7669031223255249,0.536426172880935,0.9149304739449473,1.0523965804880362,0.8128890873959875,1.1106373513549919,1.0754416165723377,0.9943734984786587,1.018326857142947,1.0065815454136189,1.4726092074878991,1.0435223076092335,1.4000021900847717,1.6566068159309868,1.5175157370506813,1.6512177169098994,1.6421851747836964,1.7152759269282782,1.7025478026494465,1.9649150151814911,1.8213742170805673,1.4940850873867202,2.209055136451969,1.6467842177059655,2.076472823704677,2.066553708146529,2.1640757810687568,1.9734836335630312,2.322921186902075,2.297132172822092,2.005020387269978,2.212889385248932,2.7443926734648443,2.6735136755750766,2.3958778888852947,2.7828386655725943,2.5414390410407464,2.7606716109618006
5.643676244978831,5.355013158357266,4.629799251743606,4.249176129017073,3.330077188835439,3.364884582314666,3.0533876835793308,2.355290312102465,2.5275786181170687,2.5174792462339326,2.5467729661599847,2.0108359883854625,1.7561230322606605,1.8038936454721153,1.4653704970049297,1.3523685190030932,1.4874813263137696,1.641175344181434,1.2672125864517199,1.152443694940665,0.7718191734596633,1.1368265973567766,0.4635478022611146,0.8732246414913547,0.41949656860790974,0.7237828479616404,0.7498270585481421,0.6019761824108478,0.46562784853325034,0.40686756691140324,0.11191801158434522,0.8013326189116761,0.39006964489585627,0.6582416979617971,0.0,0.4619268961740932,0.46123648150643426,0.7390813538526704,0.21899665402423096,0.18644749584814946,0.2842225732768249,0.11368264620255353,0.36909543623466057,0.29221003554988734,0.6154677647662901,0.5099141412953117,0.47837172819191487,0.7276950635758617,0.804548909471114,0.75226721879549,0.6794846250440809,0.5761494192899601,0.4006656440442917,0.8932051485144026,0.805317559140267,0.8724515868051128,0.807955814357987,0.9368013670677797,0.8451347683359298,0.7669837999252689,1.2713249487052174,1.1338483315695953,1.0808816999618216,1.0922017713099592,1.044285880303887,1.530064832076416,1.3319062232569898,1.3339323250690178,1.6539144114233189,1.345523695957226,1.4722286662954538,1.431487230838151,1.7834546604569397,1.5431462172468393,1.9429278727901718,2.0291048533064604,1.6770611743525556,1.8793869243231462,2.029456043232571,2.2154584073449186,2.1424169512141873,2.4227588732738816,2.1047705400231678,2.1366818290699676,2.0897704062780313,2.3582575877815195,2.327287119352615,2.0403774112384028,2.53147470341386,2.5361170972186464,2.465090452788324,2.4646183593168836,2.4891943937818404,2.7655485923045227,2.7867360908487875,2.678611828775388,2.773172087069163,2.8163089664666963,2.760308532218872,3.1611379896989007
2.714884816039394,2.5195223045663884,2.284494889249734,2.169831025405296,1.8058909231025169,1.810625458698782,1.9171970651068708,1.8214762610902007,1.4449020385485571,1.3034735285947363,1.1100055300768208,0.7530025285862525,1.0488434231445094,0.8322918018733976,0.5200173605189384,0.4935046057309034,0.4508514759829172,0.42169098986384057,0.24867358707185616,0.4616910334350859,0.43327735000749,0.3586089936314796,0.49959516332850384,0.1004230618595372,0.41060471069144455,0.10753816315595621,0.24278564440240125,0.21234324586421316,0.08333438309856334,0.41587111334583504,0.03540190648267938,0.6272630017673233,0.31259359726939095,0.2250584479128488,0.32188313820535264,0.7466748559746872,0.02302794843661715,0.0,0.7262900587844605,0.41999592739513325,0.668671480125429,0.4520750252248096,0.49934123645723716,1.0411821242953057,0.9535027027505745,0.326299254486921,0.7583169299300696,0.6502926251582721,0.26953357921058974,0.35222664867790954,0.8070501004597475,0.8394457590413804,1.1503823382849028,1.2514565732557177,1.0772095016247292,1.2203056695783587,1.197819465758819,1.3508333301070508,1.4859753449928768,1.2765288966052104,1.1074217144556542,1.3373794781460635,1.6506951789381556,1.3143066977998075,1.6586116452158244,1.6536264964581182,1.7365649376106518,1.7543390363977558,1.8397379437039252,1.907031680762877,1.4620863666423816,2.1129691423139114,2.5157507265907615,2.3563483397643026,2.2496175662993387,2.177127983806608,2.6181914314613355,2.235222977590123,2.1372623795995302,2.4529687976708896,2.303460000846208,2.4532140935574507,2.4463433513819,2.5121395336031096,2.5967413970302147,2.8010491344803903,2.7718033146505547,2.877472078070447,2.7650661877476885,3.242367690474559,2.769475573483291,2.9451412543692186,2.8153810170057625,2.5585006172735234,3.337955494598333,2.9726612255626073,2.9189902417647744,2.850695077900408,2.8545524426113644,3.5410725819195257
1.3206987549972116,1.4403116747592328,0.9340299585318039,0.9585216040268865,1.1588889656055734,0.9913565382268992,0.6455306143349961,0.8850304426644335,0.7107338807454759,0.8097339894379125,0.8059641289178572,1.0022874384151415,1.001081034307294,0.4768891914395006,0.0,0.5481865212543475,0.7870036169631014,0.08690256168506671,0.001399136304378601,0.5567440989500696,0.20677494477975955,0.4711825365313942,0.5945575469702504,0.6403119232230701,0.8385565291544275,0.550123373389626,0.5498166740545756,0.9634489717895836,0.4843486963566992,0.6350527077866506,0.7883344104927819,0.8527364268985167,0.391596684157415,0.8428710858997022,0.7213710804532081,0.6959787157424628,0.840575786673849,1.125866677754308,1.0885654488683976,0.9749348737948758,1.3360903172032348,1.1074089232424864,1.3446520265614996,1.3415541108968938,1.6075809414786288,1.302778619446011,1.3110843706310593,1.311266730967585,1.6399259319100512,1.629195199882167,1.9881701628966457,1.6058525891843853,1.662038742495005,1.8551822550513375,1.6755470367415501,2.0277675344435213,2.1215084629639893,2.2325631385105016,1.9446723799999202,1.9492293708435273,2.042370273842346,2.469783461850371,2.4236807462325363,2.131827093582329,2.223772525665259,2.690775049788991,2.5593415599917915,2.5624248838477417,2.1703023995366397,2.820787171732279,2.7588664868682446,2.4703143002349943,2.714734804483024,2.5579137865847645,3.090536886203564,2.8696156368500443,3.0109178355606456,2.6914277359122156,2.5940853395234686,2.8191335269851105,3.14439949928928,3.299037729534012,2.339248985759978,3.2233083326319214,3.123444312321068,3.117178314157064,3.194596832068859,3.2709865038694534,3.036430811175256,3.1132212459044286,3.1687137753906516,3.4891715896410904,3.438407800079643,2.9517546786509765,3.241185208783529,3.5445803752915435,3.617866894285081,3.4923449845823473,3.145833440652437,3.5348623568914572
1.0518148118218207,1.1311332425747729,1.2704037443478615,1.14273415723828,1.0791876428091953,1.2894570455762402,0.6506600106977913,0.8734033656224263,0.47780709395999565,0.3747004436580479,0.4206083573497157,0.4255158027417316,0.699475559997186,0.5057701155361496,0.34583843451292573,0.19648772279515825,0.37762282241081735,0.34763430291741493,0.21481661756131487,0.43713364731387294,0.4188501256384676,0.3983939518672095,0.20328853464475216,0.0,0.007979882193653864,0.17357937778957755,0.13786430692662854,0.16396931175683704,0.47694355080497175,0.4558801343142509,0.014127391612181128,0.005814144434618029,0.3444413429798505,0.019952244882329495,0.008160478008315764,0.45466429559045807,0.28144963448362503,0.47640934971033744,0.23558222180840005,0.5784331827084355,0.10408806088856792,0.08935339060461267,0.2561434554980888,0.313294215052883,0.4792049901468616,0.13358320087163378,0.4871786703960872,0.576674268714271,0.7685222943265249,0.9062647769848464,0.4445542862296552,0.8870508517103968,0.9508244005784992,0.896428607356599,0.9745448737519258,0.7216817852091939,0.8104916048330946,1.0421078146658065,0.818114026834655,1.0406896307685223,1.2418178969295663,1.4813930297439057,1.1719948048757072,1.325106303042718,1.5579483402105634,1.5025723500303094,0.9939014971016675,1.7966371053344599,1.4997544844929465,1.9770415966734234,1.7825610347764602,1.813767478827705,1.5322261319890789,1.5997230451395836,1.6100082816914014,1.6294618616632803,1.9101849494250054,1.726861584087441,1.509040019567374,1.9622771440963067,2.0896631054149744,1.897722074966575,1.9154216121001717,2.321959606188866,1.9843594515520344,1.895780077640687,2.2930603432181904,2.3164141132691842,2.556049341919376,2.383264564391844,2.2785596757490563,2.296326311736248,2.720298536227162,2.8865001727405897,2.3658326971374066,2.9294902399285014,2.2788470393939715,2.7116377688781625,2.410296032525542,2.582529412189583
1.7882176122510156,1.6578868759217968,1.2968206669034998,0.9560505918110547,1.5435176032447764,1.0559790279477248,1.096800566282381,0.892968097780539,1.2453874829799183,0.9831495088534243,0.7928954536607016,0.35562297066508997,0.8749137389964279,0.6155309008492669,0.2932709502338948,0.1425878785456316,0.5795328126127295,0.5029069007850602,0.7131483750777754,0.20319411536885568,0.1735135377444017,0.43171655744895254,0.2035225875955753,0.45001613215116976,0.38387715157114854,0.0,0.20825113923926786,0.4313141233014939,0.4693096579724987,0.45923061597424386,0.1774874989432913,0.3501930805632778,0.3676497301337669,0.3401931954916204,0.3626765400227576,0.2861754415231452,0.32528626072469535,0.7339825454683222,0.6861472051348709,0.6962105887333312,0.834996106355316,0.7111992148183219,0.8148401104828178,0.5056005143419515,0.5783130495425226,1.302271777235772,1.1032319696630637,1.3484851124088717,0.9330418163306593,0.9290470013846086,1.3183769179170977,0.950101320811509,0.8201443595783164,1.0986963448987375,1.2827319096002103,1.2466717710819264,1.4228433959630102,1.0851505916613249,1.5325109806771628,1.6126499015470568,1.4496432212132557,1.3286243279112728,1.9166331339769958,2.0350712097184793,1.7048278821421121,1.8134804669384543,1.6245901510647407,2.036110858389536,2.0710512060630375,1.4402428534827543,2.0053023446680918,1.957838863111986,2.3116155370098515,2.31158844180643,2.439727393732978,2.2312268847654977,2.367266373414491,2.3389190912714657,2.302135366395097,2.5703208536254536,2.5313647367807484,2.3119175533618996,2.692466893641136,2.653873053651047,3.0097199103468597,2.6653325224787565,2.5649946402987283,2.3634376049768147,2.6714530233300167,2.5355959492819053,2.6424158898880066,2.487544628371353,3.1088386607224088,2.802044322078679,3.0587993899047667,3.138335193868187,2.6438332299701734,2.7697415487945634,2.756142120774122,3.2671279037259353
1.878373678846252,1.4480643344136475,2.0092640261523567,1.8519495609603247,1.2881603252513596,1.229782507322133,1.3922003157060328,0.8062943940744791,0.8780157140757829,1.0948319404423188,0.4291227330507912,0.3861178164989987,0.7302444738624985,0.24127758022833312,0.591950195018331,0.1789033870369625,0.14303697819050143,0.23185809915098154,0.32736946039370096,0.0,0.12080598931986763,0.25270622947805066,0.36163435032973723,0.46993718553402886,0.18170856580619876,0.2832224275234232,0.07198908699886353,0.3706771012832988,0.21761452127783798,0.23462825476691584,0.16957890646123097,0.21185908376278206,0.14461927887074566,0.2821316003961343,0.22795533166098103,0.6187632438653026,0.3775966705547944,0.26123112456671116,0.29840267323957725,0.6412757338805388,0.7069625596688756,0.20931563791659435,0.3676966637860257,0.4958994572675852,0.7802200677811015,0.6907461255097953,0.921647872730885,1.16251902259207,1.3746228855516467,1.2762394326285502,1.1330663272582484,1.1605736447960755,1.1089102115354592,0.9398565986864931,1.4095030701114322,1.3210261414719735,1.3332166400223144,1.4608114553834692,1.0672938516203345,1.4324406801709983,1.395830695173947,1.6268561747511097,1.3554019758226072,1.6988843976970465,2.0474305686706007,2.205841958634311,2.05875220065076,2.2347166350661585,2.0435414694296963,1.9823215233237583,2.17945979010266,2.2421581413016742,2.3405962526597843,2.283979675086,1.9761614492551551,2.275048448451786,2.590199316682048,2.540769846393813,2.6872188365287375,2.7845911251250097,2.3463272232705368,2.654100783385724,2.9316844569279557,3.0349515464679673,2.8425459467221703,2.9597614984388603,3.1104546347129105,2.7181752958591314,2.7315229002415204,3.1883448654011257,2.6445131674753295,3.0189757473826315,3.1994314813665685,3.2341644702612005,3.4491833141687263,3.2993767297860064,3.4632935234211732,3.557045913547176,3.4773115482184576,3.0413434030621023
1.3708602947552357,0.8031029727793264,1.1071321483731094,0.8635601723557773,0.7981136232462998,0.6698344238171021,0.5701053992454241,0.34978673975579966,0.6404193413776582,0.8304133833788487,0.6306123199725633,0.26066047309935847,0.2501907763515252,0.28677714395015386,0.31504686880994726,0.3846706476970052,0.3372934904047078,0.7213798187830651,0.2599266569476164,0.7414078992401194,0.2949194297567459,0.3848104532640839,0.5516117106970437,0.9247209674780947,0.0,0.004977760397393283,0.7412222142709233,0.6004514907579654,0.5501771782499585,0.5194021640026012,0.42246875771377823,0.5170081212223572,0.757935811949821,0.6218326342735132,0.78307647261272,0.9107678706473656,0.5074917814252746,0.45947101774211063,0.7861067515083899,0.7497107080555576,0.8483673880132407,1.1374187919673808,1.0910893637943495,1.0249093300483256,0.7914051085677478,0.7389446201416856,1.0529715510589703,1.0907068875658954,1.2000692993849587,1.1792568552599985,1.2125883998755782,1.535208898267765,1.6639013758331505,1.4988657214897518,1.540680427938236,1.3914577226420537,1.5398227280526022,1.3259978915363586,1.3154207348605276,1.8269103402637992,1.9375601313994384,1.997733671882182,1.9406514853692656,2.038370528058932,2.1508802651896364,2.097254380903049,1.8450528623980578,2.187795326424423,2.3867616986881757,2.3830428473185137,2.4615790605618493,2.524705773702813,2.4763164908304063,2.345837633951149,2.411716961263412,2.4637519077877066,2.3729944301232635,2.287788355257735,2.518001876007041,2.815682660092989,2.7386019614977677,2.7829538128985405,2.6753300016898187,2.5775744592848113,2.7700486695606195,2.8723299005745666,2.7521690381880184,3.0893627559162447,2.793426151644063,2.9900171717130597,3.2287017265060918,3.0672333770371374,2.935941698139075,3.346592558105943,3.327305206785141,3.0852062510191054,3.0932356437626893,3.156547837075802,3.2649395252569775,3.1172634107577935
1.4063032211073168,0.8708627301284579,0.7667442125611466,1.3228751309069313,1.3691808939967487,0.9690546178010901,0.9729389157991104,0.13160511994290225,0.4594141185616891,0.5979394422950985,0.9879512633729117,0.6474125558840811,0.5556352056113418,0.2602708993298464,0.4250754296898247,0.20785471999744942,0.3684066818266327,0.1717344045311151,0.3243916985554627,0.49455980961781876,0.22414767401800617,0.40280103958900604,0.15256810528368625,0.26540934845593966,0.40174830735973366,0.6434125076980806,0.5974898193209839,0.4141051946785037,0.5390692712059924,0.36292291022478373,0.6623532537351782,0.0,0.4232601899262871,0.5610730233061947,0.41645058926206957,0.6143657007209811,0.20298678557130145,0.45060939793760824,0.7774754361911285,0.40427584205633416,0.7196825977811336,0.6098396206172616,0.7431757453635601,0.9823346012776604,1.0944145941019752,1.380763596738941,1.061628737368153,1.161044314307663,1.259686437190929,1.1196283326277872,1.5254237972786058,1.4918856776419194,1.6323189382024612,0.9667765354734659,1.551495369861419,1.3781500782361196,1.8831671099851928,1.7706272895229187,1.6303562892247907,1.5210343658811585,1.8284853698776669,2.328382746516672,2.278984099650051,2.3696167525345206,2.0195513046017233,2.175193299915904,2.5980182625429773,2.0673837795452155,2.3823852844530897,2.5037840002580563,2.4619917841253525,2.2598338710003745,2.698457602645499,2.640235554589717,2.220448157745814,2.7095383879072177,3.090863339098549,2.975718468925189,2.691845004396116,2.7076947593532434,2.6950067962331783,2.8757761485272635,3.1103649259536663,2.547234491331558,2.988545976574054,3.2556578466418724,2.9756175157074924,3.0466556744162876,3.05943312929095,3.3806070251976035,3.5448978424181536,3.269060199219476,3.5460644793791847,2.9630540729632013,3.336625057421239,3.4461371156324514,3.4967241012322265,3.3078927607971256,3.781935158447114,3.39013318821951
2.9278691541761326,2.77396920680736,2.270155889354939,2.1392780344373,1.6080522589619086,1.3769878502728155,1.6326105303164429,1.8058538741704293,1.0713408799515083,1.183473598508428,1.33657000975262,0.9438439417255644,1.0685764220946847,0.8262927795523076,0.9920579812836312,0.9310711756365198,0.31916705479413565,0.22996686049184234,0.8301759032077456,0.506474816324598,0.36912790525812156,0.4186009811592797,0.39969349828949063,0.1677504662389495,0.5852043965422986,0.6528211176048142,0.24801060797985208,0.3101134291050123,0.2808091560481323,0.3559065139607771,0.4156596881191561,0.3765341503604187,0.6123553316461212,0.3414577666016356,0.2996798747830578,0.0,0.16697667899580004,0.3969963622395003,0.4401904853881309,0.34470573807355365,0.46724413561465283,0.5826958611705777,0.5319162131090511,0.24638414639130346,0.47709128153480584,0.48878508951137967,0.5134837093272537,0.44984399812429565,0.29488518181557133,0.37390930761977614,0.7941434032103452,0.8219035377857047,0.8903648349640214,0.841468849039055,0.7184081119999028,0.7018601378096161,0.43098349089252075,0.6927490509540046,0.8764413086823204,0.9224125583163829,1.005845331088432,0.9227219604272676,1.1650830412938067,1.1627573870451755,0.7460114669917424,1.1697047334427566,1.08040893908686,1.4738499277361043,1.220888807674955,0.9684202972756246,1.0183257456921115,1.3496860252529945,1.126962029922483,1.299626485373384,1.6379953053328897,1.303955225434807,1.375471145980658,1.4777566078914361,1.780268452491562,1.4630054373800885,2.0511288019982956,1.9850166896621637,1.874797774904014,2.165894635484042,2.2361180564497065,2.296616098769464,1.835846929840386,2.1344555994300762,2.284416550189473,2.277407666002409,2.132106546397333,2.3081644096541822,2.1508483617483787,2.5422794713051715,2.41290040426124,2.8706438303705237,2.301708257908869,2.8953416209621814,2.4363433203189455,2.52213756721245
2.1658966791291228,1.7040309962979325,1.2861909885330096,1.6853365359461563,1.4616827029665753,0.9808930119932011,1.1000754751267685,1.4351975335414586,0.8323466838348139,0.7938276753838256,0.8937211535151466,0.6819963674192646,0.37241825540885465,0.8875726888686017,0.8224617032124701,0.7347817901829661,0.502279818921922,0.6422314056669247,0.028859382908258624,0.36287287446965877,0.45862498034098564,0.529236084358498,0.4306885551911286,0.4351181756175766,0.38271048781127526,0.23582905590572878,0.0,0.31451856717339943,0.23442434377652432,0.5463284673640025,0.4960921888957728,0.16616224810244695,0.06928166141714165,0.34558735222806725,0.4892745567300114,0.3289544228742489,0.31723691874368853,0.46017302818235706,0.25053452580684166,0.432850886125312,0.3550781538261205,0.07986935083792623,0.3828646736588688,0.5752502797313213,0.802103904150476,0.5740719942403061,0.7168673439809794,0.2792533712966687,0.5630752554968765,0.6389044833669626,0.8324584596597564,0.9096375956995448,0.6568624776806029,0.8821549690591528,0.8921647416437875,0.8312488842345189,0.7483972999246955,0.34382013206873907,0.594772387945186,0.8362778233673396,1.4538349748852042,1.1884740957498625,1.2113009449285013,0.9505460936507575,1.317123255693648,0.9563832693004954,1.1848017793330374,1.3008720974492576,1.3020253854557033,1.073840900994412,1.9032978941241279,1.4830537874551144,1.5622543743763249,1.25384827561418,1.7774255996381445,1.3313248498324324,1.2757687822127082,1.9184478827108329,1.9139620928255958,1.4590608705514185,2.0891438568939744,1.7311953235749797,2.044396628775017,1.9365494355366977,1.837073550820005,2.1394495466812273,1.7669352052018255,2.072905956145622,2.0850013325897603,2.243961459036269,2.358911363984925,2.379284132587232,2.50297803723217,2.096677116845191,2.4611523417174634,2.65272841206008,2.1229666490449173,2.3266366898523234,2.601530826040287,2.5778632051073966
1.5584362141379877,0.9129690788288691,1.4088438727390518,1.3861697763212568,1.0990676254230927,0.971336846891333,0.772554176440206,0.27244233372486093,0.5366045415191287,0.5371829083880648,0.5975698164743299,0.9835424475094605,0.6962659807910594,0.3635418751676873,0.20067107495676773,0.3404154028270874,0.08028878541755446,0.4219567224413989,0.31985107691866155,0.20821614359546814,0.0,0.30020806914922105,0.01384985288004792,0.11153037106715225,0.4962064517521849,0.30915243031250483,0.16624053762496338,0.1449672254324863,0.2120872253846482,0.5572924874252241,0.3742547482842955,0.09615799974613992,0.47492849701161255,0.4661807134307274,0.3529897155773565,0.5197802588212674,0.6503585773498859,0.6415202327212146,0.39947746374647686,0.6759517316843162,0.701186424921989,0.4920220961643249,0.4521408000987055,0.7708558482853256,0.6566096421762335,1.2672240992744612,0.8420629512507496,1.0092435997746847,0.9516135477497762,1.2338214388690396,1.137487687681169,1.5806784300391108,1.7256051099106777,1.144869376359864,1.0138903705747921,1.3746750105399244,1.6046551524850194,1.3860687623635393,1.7344996934344117,1.909521084255367,2.170463135867802,1.376711781206204,1.628666663080093,2.0477503281916682,1.9040432803693363,1.8610007112110338,1.9365309193491775,1.6900790201223934,2.0834771183420138,2.4009597986640507,2.1357445000884923,2.4315232689874158,2.700367613549407,2.316921298669243,2.2759498955800765,3.0199670074867804,2.6369254796199115,2.840745145567375,2.5613272909030513,2.4146634728670975,2.724357174982579,3.047522367839669,2.88550567741051,2.7360643971100806,2.9248153258018057,2.92248752438746,3.298653426774763,2.9221011306738056,2.553154749212222,2.8224212148024534,3.0565046347516542,2.903877785777496,3.0731470176340707,2.9373823542927866,3.330722047285498,2.8414692140609894,3.36574793156748,3.230629151201999,3.3363626917391898,3.243500874964891
1.190778110768166,0.9444469669574325,0.9190828131741,0.8608751900346423,0.6162898842137512,0.6124664605064343,0.2950158734901489,0.3867384489043335,0.5230554961166245,0.33889059306976854,0.341837393765017,0.2754089868052141,0.3252510280320653,0.3375577934730867,0.7373083358560635,0.06636069366048503,0.49401803884421014,0.0,0.35914138805622464,0.23472125848797099,0.18059316625491206,0.2204058944103373,0.1874767111272284,0.527158080290187,0.36946299627011037,0.08431252135373768,0.4294643916708427,0.4030140451770716,0.5063070824036071,0.5079799210124882,0.15155243614507086,0.38674443893240174,0.48202675925821126,0.4728265346583935,0.8592889036780793,0.5801048284904038,0.3623136540595375,0.5461837440063633,0.4805041031546935,0.9575919755546423,0.6400083096211002,0.8567320088162305,1.0764005749684014,0.9652471858092007,1.018604451128585,0.969064748932638,1.1742951410962963,1.1985262436649489,1.2550188711185815,1.4128663869916487,1.2098160415255244,1.317569037789367,1.6925316075858206,1.128094313254989,1.2748285433884217,2.0007358668918336,1.879370889497988,1.9467306280253602,1.9599951253656762,1.6722727508918744,1.9761099904111674,1.964571172263998,2.010475617626291,2.369945058987952,2.095305562698588,2.2660468936427023,1.9633023997458636,1.9672291798128754,2.4354542875009706,2.0799898557485754,2.3074493936566185,3.00678450687791,2.8897553559944242,2.714549632761429,2.7079350750174704,2.4251108765148466,2.856102572732919,2.6028115028261816,2.698247021626667,2.9337094664781134,2.9551293996213417,2.7822207723747,2.7529354667266865,2.832142972354962,2.8046478048692123,2.98192838843946,2.8830596071649914,3.177595577193724,3.1563238325351435,3.1099234787753502,3.0632236201972347,3.1356195600071715,3.4630736822575194,3.312260512515202,3.4485072689891396,2.8855092325269673,3.1412288687271044,3.2500158364028096,3.403145846968865,3.4417412751612595
4.250633236873167,4.170294763626291,4.103565314836533,3.5186036516819392,3.297942419777094,3.0169192815310133,2.531041251791912,2.4023373369934617,2.027336937940923,1.9319517624613738,2.0782245747060983,1.663321930962379,1.574318433938842,1.7841556058560393,1.0845662767665765,1.5314193182912668,1.6189430157674423,1.04673850283665,0.9866041386688931,1.1187760629405634,1.3064793126659069,0.9032481004631201,1.1978598602191877,0.6699030599473286,0.4694069907826339,0.41027433436804905,0.8726606573628093,0.5378163263146103,0.2027221899688314,0.7695689100957299,0.042796206550992366,0.8849581880016792,0.6800636568093719,0.9293741157345607,0.6102701277951752,0.45929693454491627,0.4620938999845965,0.32942440587937405,0.0,0.9831585800974132,0.6917281775663398,0.31376102887520396,0.560961044419841,0.00665625203909137,0.49993639995028083,0.22337618621046396,0.4199251672292288,0.441085485623244,0.5420318748536825,0.9123666423069512,0.39642168442841275,0.6127977020932782,0.6473422878614148,0.5885978564306775,0.7720044861421922,0.7996161468671286,0.8113770627716779,0.7608557923043051,0.6089617910846776,1.0978996256021425,0.9834973483345113,1.3089921448082595,0.6625451939777349,0.7159441217368059,1.282345340749485,1.4178645153995717,1.4214872890444017,1.3716521555169123,1.133969105731083,1.1643151709546924,1.4081550521472543,1.26970914705071,1.4566096465134901,1.114204404873556,1.6598942365008575,1.5603150406265058,1.8371934694069125,1.6476536805323931,1.9471206374683945,1.5908387900734517,2.026651022331105,1.920455784634008,1.8292136438915527,1.5283990517326913,2.279866986502409,2.1162868358596008,2.220773794734633,2.068555585454213,2.4365939855527152,2.1603366516165927,2.4049805339202486,2.450853916120451,2.2648946687991085,2.4695851750059035,2.347510643212189,2.403171532124052,2.5096515741805128,2.885903091155832,2.3754456518476594,2.6494516910195003
3.107142639773956,2.82451642347654,2.3085691363516556,2.688970036157894,2.073975656825038,1.976513262245069,1.6742276778945815,1.5780974952223072,1.7208575988909036,1.852848005008358,1.3464401248300337,1.2585686098568623,1.247209283425974,0.9113394690290324,1.2026757110600563,0.8515061157346597,1.0167123428964473,0.8925217718678731,1.0125746126559392,1.1026595800526202,0.6444853668263768,0.617894908203688,0.7576569681906324,0.0,0.6782481159835463,0.7174702913531963,0.5528167636411006,0.2500144572659053,0.48921157218030054,0.6885237971218849,0.2893507448268213,0.3612803168833807,0.5748101350414068,0.7405727438937522,0.3843892334625352,0.7210446215783097,0.5787615354829452,0.4402579848621251,0.22241140705613027,0.5387391507917556,0.4548795905736416,0.27596518225056244,0.7955778321573348,0.7599757137248453,1.0334633420242145,0.47651404037457823,0.8611534118050255,0.6737340906021192,0.6803081484684395,0.7552598663086396,1.4147925780955717,0.580198108940909,0.9964354722575255,0.8143075465840361,0.549948667522834,1.0103120936370509,1.025198919370414,0.6737516294367705,1.1265901679082937,1.0920635032029171,1.0639665209269165,1.249947137857319,1.0711401203017292,1.1677671265430423,1.0983280026154034,1.227728838977768,1.779736786409261,1.6324011641616494,1.4916014157927364,1.7574896674571416,1.886955766040181,1.6047019342350026,1.947778770582886,1.4798915864594715,1.6550554149864123,1.9274047983053375,1.8827586586904967,1.6673834699441343,1.9594410350962619,2.51500438478317,1.9691817862097771,1.9479723690483173,2.0450178784566653,2.3266373486637377,2.251493742367602,2.118402811521067,2.004393552452786,2.1328085942145343,2.728118172964834,2.3950254347105986,2.985021515183787,2.5926361776151357,2.670783150958526,2.9321069034149634,2.812519667349976,2.541028554437476,2.449840024118103,3.25460887001009,2.6314843199670594,3.0349174864235824
2.3390334527574375,1.7412988903270765,1.5679128645080116,1.8416712056483782,1.9176070873646829,1.2339265204832284,1.237454376182546,1.3534835684798576,1.1466235493560273,0.8777511672959974,0.8710504756668502,0.8232569377280399,1.2222173921752706,0.34444391243873973,0.9622219265473682,0.6922162698789958,0.8493601562954645,0.4483301612507873,0.42734843407919776,0.46122315961899396,0.33191695915509456,0.4509589909664875,0.620520408696704,0.5203434510242761,0.14164936430760022,0.21273524068181615,0.7670268229959625,0.25964228350264307,0.20015737436761682,0.0,0.510360280971593,0.16235406976486821,0.23130346148747627,0.4161443036526844,0.6408576943553825,0.2539309838736905,0.302513009188095,0.4760110181033834,0.49717482832094007,0.583098690574678,0.3017663170622171,0.5559414607629432,0.4286857511361948,0.5806160877953506,0.31937228206288637,0.06530467491074532,0.6864264260949327,0.5967820229322083,0.5657507305962124,0.23183672307439096,0.8076578508503118,0.6373574370475978,0.6344219528755826,0.8141915794223848,0.7283706852093239,0.7787199989563174,0.7176269544939107,0.9353952714724869,0.7644496740514874,0.5622601235488851,0.7687106258900229,0.813612555186781,0.9663126101147537,0.5549936434971148,0.9375954590653226,1.382026029137709,1.0827396636998685,1.4951986820640641,1.4567726280113806,0.9200559054259934,1.1306842205767058,1.2537177882161217,1.3253484917898941,1.3441736638818291,1.573103768477976,1.22908141479129,1.487687922405275,1.5287473364772328,1.4811134344871988,1.8635161547863142,1.7031762643553794,1.9692634858127338,1.5230217861254793,1.3554719939513635,1.8212930652849835,2.1198941983706394,2.148645432944562,1.9187528473843152,2.197076097395996,1.7721993041058148,2.164207315125884,2.5135341416576527,2.2281008667099194,2.4319262044675263,2.3373138726281137,2.6188148254627173,2.470142109895022,2.432632474943315,2.5479311990358546,2.239239457172017
5.389129447294863,4.270885170585164,3.816973333270166,3.1316242891366954,2.922017867131057,2.601125470424549,2.55916139354812,2.162388286853469,1.9879815765269093,1.679936981533487,1.6387069799146587,1.4804305024546647,1.3316881995939251,1.234449350029223,1.107116468668183,1.1247332645515407,0.7092612756032022,1.0852123854007214,1.0144932112216587,0.7855083086768921,0.6945755088194652,0.8193814757143212,0.7733378186461817,0.6356522116568186,0.518158198232971,0.09088848721278886,0.31996032309512223,0.4072265367553829,0.3451774152487861,0.0,0.43263241786337403,0.16525734328281239,0.6025617867760573,0.13033218328836327,0.018712460347792614,0.11767621199626177,0.2817995214861,0.3365267738019586,0.39322935818331217,0.493637966136232,0.644694700796947,0.3083432110228763,0.20022124808174446,0.345182922657024,0.3725078075269277,0.5810665543728657,0.39811115044195233,0.7287478366394478,0.5791121752677864,0.9767495161166373,1.007763479725286,0.7958101795028636,1.2283518259908686,0.9048334625400933,1.09084442775697,0.7689952876835289,1.1768137806707113,1.1828243557239073,1.339211577400354,1.233288834495653,1.4844498254037433,1.8399190337928868,1.5532296999883197,1.5332269790612205,1.619357445925182,1.547482497657965,1.7645395741275713,1.857004205341397,2.0763791119001045,1.5894146244873877,1.684123252614258,2.183819267366138,2.2106382659293047,2.5998945325982845,2.1698404054733196,1.9996999882184756,2.6036215249541534,2.3923694509199827,2.471037485781732,2.9211768457485228,2.519937684483338,2.3562429618544574,2.4579189120247307,2.153330059774232,2.8216838312304127,3.108949472015791,2.5379000293920804,2.9657847547867746,2.890502394618313,2.7642761737824983,3.0634199196273215,2.7841956251423134,3.3950305593449315,2.938962969685715,3.132855897496963,3.3493759430688463,3.403738543338317,3.362593586788705,3.0858277051278513,3.2701967840658135
4.095572708621203,3.3864191500634018,3.331150585063275,3.357146448223661,2.891672587353307,2.4135847944641124,1.9629424269459808,2.4388094612663824,1.8761545758776403,1.9972383274292174,1.7153149630533786,1.861461284032755,1.589901409212878,1.1041863029245143,1.4671630094038903,1.4419078420424185,1.4622194765482437,1.0621830734445012,1.2092923951180268,0.7777315384479913,0.8726941184794264,1.069692234588123,0.7468341204032782,0.3377301211626058,0.6972445317054241,0.44406036315191066,0.905694081145425,0.594258491206201,0.7017055505290877,0.7379146654108002,0.5625597437199499,0.9242866629090685,0.5471402331832298,0.4014733168191498,0.46904994729036176,0.7146788266810287,0.4772921361278488,0.3777068962809551,0.0,1.0141703482645976,0.7251446955367413,0.6387088629793212,0.6797020732513968,0.43855046876472414,0.46310403302688385,0.4272951184813696,0.45475935942512713,0.8461037922556649,1.0892039202761392,1.0074878913625422,0.8543251341752942,0.47593828037813957,0.7864402557365029,0.9990852211665899,1.1477590502733168,0.6775577073853665,0.7663670237563789,1.1646649036768455,1.1869249552388386,1.2829436395151106,1.1721397253048842,1.1128931659972832,1.2016352207378915,1.127392894327322,1.145087813075497,1.7515088128145369,1.3298185980351285,1.5423545241120848,1.4386894853819943,1.355703803263225,1.622509110712869,1.4563680797568406,1.5926598715106746,1.5154409460501146,1.6357458853669389,1.7597118273284078,1.835064367565037,1.994046425531275,2.22258470307923,1.9792637272783278,1.9331246620718563,2.0138291040266854,1.978781028743951,2.5299942528894928,2.52154819079332,2.432426171676566,2.3689583446796174,2.5773209344080055,2.4222176158665807,2.452325733137604,2.555654425184999,2.8954514399909588,2.5199627987012985,2.279022453046286,2.920142434023239,2.193440693270448,2.8728648294752315,3.1273792920626367,2.7360887970057224,3.1070470833654884
4.845266908856612,4.55903016055256,4.236345953371924,4.0550782492267,3.3678502150807503,3.2453316591331998,2.968831607140398,2.5611673124773127,2.0616276614089752,2.277234164609119,2.0256236379476444,1.3565987363827539,1.8191839084035522,1.529159933054924,1.4658033085907682,1.0616837645585324,1.258080289419393,1.2718656022444037,1.1008653566283506,0.951132359604518,1.296540883309861,0.889779700146919,1.052181977741645,0.8130927738018165,0.6657806688629844,1.1635237467259643,0.40575686832974256,0.36338003582653045,0.1385137475051792,0.5388992182776402,0.42357588959776216,0.5445247765892791,0.37854300606755054,0.0,0.19763474519474045,0.36122825424726734,0.2527920321286832,0.577374191732213,0.27955180643798805,0.44688021037022807,0.1808696322952219,0.9066176500802907,0.48708466816548857,0.3100708653077948,0.33992735743789204,0.31119646241656085,0.2559747430438666,0.45042977605717915,0.9037223292235055,0.43656080286801036,0.6075625945165051,0.7461404974908596,0.8310068952750012,0.6345653752889593,0.37394921351225285,0.698745423204981,0.7401754325979386,0.6357290645103575,0.8460545944874287,0.6958324369522657,0.9544390588995206,1.2052697716185605,1.3444775324231575,0.8654896339755762,1.6775337108964177,1.4873485874570491,1.3277187112122775,1.3071740695765204,1.0161664173227667,1.4257053840720744,1.1928389249411175,1.4101380433128359,1.4250854160366409,1.3647254837753025,1.106748436325935,1.3008768379940499,1.5002926985234808,1.8347037834549447,1.9492540620640213,1.9009621050572143,2.0880298180682377,2.0018776705700354,1.9032852872261738,2.288430514164137,2.025491231983702,2.4209870702548173,2.356916720775846,2.098188587429144,2.1393371315901764,2.195545269173895,2.5965161959145036,2.079602840337097,2.0732928734359817,2.2730004165187623,2.7908278921512917,2.39852139465966,2.529954890217123,2.5254493116075167,2.397400625897884,2.7942255183573685
3.5553447127328646,3.1934148878837405,3.0797411842531446,2.8982849183742125,2.5554883423581316,2.587327313027604,2.276592852808225,1.654901010308956,1.623788336440862,1.429011116440984,1.4319421520497606,1.2690920408029704,1.2061903999396133,1.461933191023265,1.293929773303768,1.277749561461171,1.0085710273250967,1.10816923498672,0.7094055680949811,0.7686772011658984,0.9525998321333553,0.9412374254590592,0.8338643470125149,0.38019511043223986,0.47622973295777626,0.480849792085392,0.5871401200513198,0.6616077328468233,0.5454667497588446,0.30693507693548305,0.38630984299619264,0.0,0.24743625112478007,0.7504807229221164,0.6071342857976951,0.8285413969334225,0.26489676717484834,1.0089908076247411,0.45377985333242066,1.1571117961175297,0.8357780261519796,0.8533979551741684,0.6189615233616461,0.5912158405150407,0.7936352072286095,0.9350822850361418,0.7843428725541397,0.41095338692950456,1.260769999275487,1.4384369476193584,1.2608508948732222,1.2803212110515627,0.9456696296024933,1.5425582515543752,1.363813878880059,1.763844519452018,1.765626592500471,1.4703846760539818,1.4995570293033307,2.087459541090464,1.5114239647807857,1.5004542502081044,1.806826657826015,1.6973368638702304,2.1795654073849953,2.0789865079938252,2.025386847673337,2.1500249016468196,2.137804478187265,2.704639363943169,2.1935651514190706,1.8106229289791873,2.541552754778298,2.725052646030374,2.7311724981961234,2.6038384884650867,2.9321125444577483,2.7484351771970204,2.561661723670145,2.82843147702037,3.102743246816349,3.0623060927387833,2.949565770789839,3.0742094017200614,2.6602814732129687,2.845566934638807,3.175373605581143,3.4012860702188803,3.1969159201123496,3.326684759051524,3.1317092911437996,3.399151854615223,3.362717536856035,3.1798141625918355,3.397526274298162,3.268824679379982,3.653095706911497,3.879444694570612,3.1893171215859546,3.4558562794047774
1.699957634896661,1.4471784073083942,1.7173265948406993,1.2418843767233003,1.010603529099848,0.963931655866709,1.0219556642859438,1.2337792043269005,0.42776880025698105,0.6801417477067666,1.0043887006451797,0.8021214701158694,0.4300230029354193,0.20208140230082705,0.3052333292522835,0.5724460980879584,0.2770643544430271,0.41884028721021593,0.3649938740598131,0.495804277641831,0.3338500785484637,0.32158028991833554,0.5604249084675583,0.14053457144673231,0.3092389423040949,0.21977416957598095,0.34097385355194376,0.028248213784818788,0.28626149622452424,0.11905718962351486,0.27270485568834957,0.29061070811443024,0.0,0.5852638398409411,0.2880598790883475,0.3289302309133699,0.9640564825667415,0.5320348529113001,0.789593484507515,0.4697118032870016,0.6809974552512621,0.6157588472819722,0.7596347463256414,0.4767166263177547,0.6811282825673075,0.7440292443231726,0.7126157448196082,0.816289298145481,0.5352459761357604,0.7123447283572197,1.0510312735819944,1.0329704163018238,1.1369167712456463,1.2787919127116059,1.231844329428755,1.2646130935502065,1.4969099682755953,1.566643568126036,1.7095271754485335,1.749040779581188,0.9611347644574764,1.875093528379045,1.8100729242248637,1.926311963703787,1.5062593801397437,1.8174253041739412,1.8712803404694114,2.0870661622363134,1.958873809295154,1.9563054448431014,2.3609580519378266,1.7292486328848806,2.4510704457194805,2.1352331441744745,2.3951228043058173,2.078877188136399,2.2706860217270126,2.460687179841015,2.4502647422901127,2.758970674369621,2.4752508381367058,2.5143189457200457,2.716096638797943,2.4146725806013123,2.3434089754367946,2.6289854362855625,2.8680161258441625,3.0546400506907894,2.6768545790532645,2.9057044447321427,2.9320493966568897,2.8433711139266205,2.932149759193905,2.9445722002079933,3.0165949214389833,2.9321541194658067,2.896301528356217,3.1412527546559943,3.106063039928344,2.8286298446356604
0.9680405085006782,0.9227118093872093,0.7773806163182648,0.9481451334237114,0.835725715885328,0.5131354074488019,0.6344141072361573,0.4156518772790001,0.34460954784128006,0.6188209034579337,0.7255810028101166,0.28134763337383006,0.9053322974069999,0.3150365304038214,0.04860144367006036,0.41020522819687244,0.06709292766660724,0.23027647956945785,0.40186190320547865,0.25928959907226634,0.1922979247286687,0.0,0.4016369938569646,0.10161239929761123,0.09663772313106911,0.22574850036871474,0.22937858640496422,0.5364602795236273,0.05953092143569805,0.35156988680535584,0.40417004764062625,0.714682167376747,0.5562278813572696,0.2285260323295013,0.35652785622710326,0.4459335592202791,0.6027150093937479,0.4160730010552367,0.40194405300698755,0.4311542320904209,0.8990940549427364,0.8571025353188162,0.9604175168431013,0.8735478579666989,0.54418326491502,1.0812547459257722,1.1238147835861128,1.212351765837699,1.1704123175929624,0.7942887667313379,1.071744427373119,1.142692700309869,0.9438969351984632,1.8034127070516455,1.569020487285151,1.4602121406845043,1.2716916543509598,1.4075438744047837,1.7140065224939711,1.7027883159173776,1.2560864256748587,1.8230624795252943,1.866361072495696,1.8729408614897842,2.2631488171215572,2.1694102968217166,1.734617037090615,2.142215542308737,2.2134005069115013,2.0251320412661293,2.112039863113953,2.11279483193999,2.0639122654144764,1.923346344951085,2.307831108617343,2.4513558440304273,2.28652185201884,2.5123407424403688,2.388832315575069,2.4514725662266166,2.4140971709765005,2.736379273659484,2.4733178894614127,2.9569276977374948,2.824641006256858,2.8720675353439162,2.874389045092734,2.7286930234661995,2.6248390086634785,3.173068508621057,2.94529242717865,3.1012206139105274,2.727527781929581,3.0028304713235414,3.1630041375677607,2.3602249302267637,3.0485879680825505,3.1390938940287505,3.1813869655608293,3.154925956187906
1.1497678590985068,0.7276139245926423,0.9879948125087488,0.742055715621877,0.8936575073151829,0.8199945293242656,0.7097755371990342,0.5876875000465382,0.6086568078945831,0.5178169699782043,0.49131250335359233,0.36390604016957795,0.526207733544716,0.7518019976718548,0.4185352074113986,0.5108174317787135,0.45809623733529214,0.4322486114618087,0.2682348689750409,0.2721825909064748,0.6778200183694825,0.1684432621946268,0.41510747776374934,0.4841190258600694,0.25680979867491516,0.253634290272462,0.3178098881407543,0.014480802433155304,0.0,0.42611752343021436,0.2983644145506492,0.47574731781888424,0.3156316316101915,0.7046876001237639,0.5589475506426727,0.7848315396722523,1.1983858883376222,1.0117718232320243,0.4047104246531532,0.3870656802275363,0.3952169550625726,0.36965079771002607,0.7186103017399397,0.6083552355515387,0.6179211127175979,0.9190641551237722,0.8264976164220155,1.160398078069063,1.0177990265942096,1.2198620036398307,1.3633090351708042,1.3868285757087708,0.7404523209022997,1.0193651018201333,1.2316852934176694,0.6532575054326291,1.270124974018838,1.44632122596793,1.631989290403924,1.1680869072371323,1.146320615079647,1.5165494360802025,1.4105116916813607,1.9782907415879762,1.730209763118408,1.84701805710883,1.4126753094733981,1.53787240226365,2.0121662346296176,1.4839868614467715,1.7953779871255264,1.8052298673657319,2.2095428290953727,2.2511296031986774,1.9312191920429669,2.6302479761996125,2.1803865379208247,2.318983082464321,2.352349705484581,2.2796097875682833,2.355069289548524,2.148388972286309,2.3624998652285,2.4732909496165014,2.3212222516437357,2.4981919356875153,2.4928805386819946,2.5525809333027354,2.6380109553876885,2.5328323384166396,2.593669384594918,2.505205449737616,2.608496732973453,2.6850348106615876,2.4690646837359758,2.9148256189154154,3.135843069535717,2.842905345668008,2.9422020767131656,3.2327696957102354
4.830422753298054,4.389570935765763,3.953690473429825,3.313169472752895,3.2861262872808386,2.8652500111562045,2.2356683956848276,2.2781609087160444,1.8353825179827208,2.315606526447768,2.043701179077777,1.6063988885723646,1.69074237932408,1.6570866418197312,0.9744821835536204,1.1240533899043967,1.0524777477929117,1.1747448741913011,0.3171159149783307,1.1022315560695688,0.4372176261631697,0.47476083193494745,0.47179344539568113,0.668763882920846,0.3325753286147304,0.18141531699901492,0.37723422665225925,0.0,0.03811049047850368,0.2781870785547724,0.15211777720842257,0.54300848297596,0.34841376048428785,0.3537074240854867,0.39300386402728904,0.21277387038005813,0.05595801886136087,0.16943545376436653,0.5214167637600973,0.2524757077338897,0.4370843122554522,0.2864398140197686,0.4258871049044082,0.26300927243224237,0.7742715370122575,0.5359905463525472,0.2842419201504871,0.3916169799508449,0.6570411445314672,0.7961125439534111,0.6652363955420846,0.6042584818781371,0.47406862437739505,0.6544298767520846,0.3093311215085972,0.7182880315803786,0.9362174867726054,0.9430971111176962,0.8828806908577107,1.2289773765290537,0.5964783186188694,0.882017250475716,1.4691159280196189,0.8870820006952673,0.834164580965977,1.2119477636920841,1.2726232772500197,1.3112685705345068,1.4587172681536096,1.6204507799848464,1.2533390595302265,1.555005787113375,1.634239865968297,2.045360159307238,1.5114001768175047,1.7416367720760562,1.6215586361504002,2.206296167430475,2.0821190446123,1.8871905280019305,2.0221465818168483,1.9274868550992164,2.3867486627510868,2.1217703905703793,2.4814797964530584,2.3093903332296204,2.415309549000673,2.06280830499575,2.226115661511928,2.628685866733184,2.5073100605532677,2.853143513755553,2.3995679589887526,2.9540850592743286,2.749150753575071,2.7764137800888005,2.6809203003964495,2.669076972367952,3.047450985946641,2.9180719412036584
1.8825118573790434,1.4549280144864998,1.688618043305647,1.343306068883198,1.5007946203364142,1.0772151723134389,1.1302356271943363,1.6528655349074768,1.2915161449011734,0.917106503405714,0.45910182570291447,1.0060592684157363,0.9200815932259392,0.48153174069024374,0.47257850071335383,0.5481835962200403,0.6081096002279178,0.22738347368074763,0.3597160867282927,0.24400319146435834,0.21614105515526383,0.35915860708140634,0.4051497261802126,0.41060207558519934,0.31504888345458504,0.0,0.34999805382546434,0.17678376157642361,0.3898950721964827,0.6353565026676034,0.1649998561406658,0.46351106060830993,0.3252483215241213,0.2178361371545634,0.18146780439211874,0.31379890261264975,0.682913448371643,0.770900183468493,0.40373649639781206,0.0658316638889751,0.7020332228706323,0.6917101057249919,0.8323877420890149,0.4192249282565079,0.4646084447527308,0.6599871417500207,0.5327176854600246,0.6482254863926737,0.5623596887858646,0.39585822748390953,0.9715432334607232,0.6592851239683277,0.7871320246377351,1.0243057550996504,0.8598662927510361,0.7689830653887366,1.1459603823129942,0.7571458687469548,0.9929920044565002,1.5224387237632424,1.3396358420828456,1.3414191836936524,1.3482852760937671,1.3985300495609359,1.7711378776183206,1.5902646183425588,1.7951520919584585,1.2452675151867947,1.6065923199356043,1.7311828734415915,2.0218240660768334,1.534362475561366,1.9473731473915254,1.8926211480667963,1.847378340947765,2.1502677942490074,1.906771007017527,2.032567404208944,2.273025246680353,1.9976599959526862,1.8536820895300803,2.175259835658288,2.088502047335984,2.5107516688838594,2.4369950511588563,2.353908116801996,2.551339645150186,2.7498090671655184,2.516953031519133,2.717594436334455,2.78045622615544,3.0445183074394215,2.6547862569496736,3.0231415850819765,2.5832602240228155,3.2302926057949364,3.1956833432661718,2.7726857172456363,2.737069036850876,2.786371777057706
3.5982353475705544,2.8882030154172824,2.647753243650312,2.0490680618863735,2.276808919301727,1.7751372478961454,2.0354182498212534,1.4816910211053234,1.5210619241462915,1.0734778515604795,1.0017353941884029,1.3345046625923835,1.2000958678329443,1.2461824213206878,0.7724398060628594,0.8620457962009169,0.6663842817288632,1.0491610171666874,0.7837031317849164,0.6371689532843394,0.7641832402254174,0.6208311321001734,0.6876521360597891,0.5570359367129623,0.0,0.5116673260941269,0.3233261461774113,0.33645779798412434,0.3811413464968343,0.43664017760755236,0.41012623716281027,0.3827140633292938,0.2955883552887322,0.4883734908105968,0.29255639385238474,0.6203739942533275,0.5347266523878957,0.4634275808573882,0.24014584665305172,0.3768978797950968,0.42836843950518855,0.5355331723207808,0.43072610510243514,1.0336464534967664,0.46626281752195453,0.6478456097378107,0.6601245633380834,0.4437774316048291,0.2899210475804015,0.3673667452783107,0.5734456338297313,0.3692297154333062,0.5515130627007458,0.8591672962417558,0.6945505320185248,0.5438919271329272,0.827305048501028,0.5711140638189036,0.597190737629278,0.981499126822575,0.9148348918519051,1.028023869267253,0.8144387706879943,1.0056335142791966,0.8809847138293492,1.2970391376977481,1.0250318710629323,0.8939978941935713,0.9514418274447181,1.3578528391609925,1.4126227027770408,1.1765046446108691,1.5145920918166702,1.1604019198635438,1.6922393978061976,1.533916832771709,1.7677699663925655,1.8848706311517098,1.6800513447124228,2.461421410236028,1.5020451856292887,1.350293233007326,1.7849844378649173,1.9882706071425638,1.9718749540100777,1.9009585305104792,1.9218051731676802,1.7739511584754606,2.3588959155805806,1.9585209181558039,2.4794173048757475,2.0431474048348743,2.1219479444404623,2.032159121087245,2.515911726723223,2.312975734573378,2.4512658996628574,2.3542449170705826,2.2147769306105616,2.1750503475366223
3.380805076922469,2.7390401819095995,2.7461074148602638,2.810112201632153,2.2892187070657375,2.0993255691087818,1.9390423596617747,2.0237128960600685,1.6858075251043232,1.8474751789240482,1.2301921710163466,1.415466369884383,1.1228641776802952,1.3947428494628706,1.1475852908808477,1.0963575766995977,1.0466439238825647,1.1823336392959156,0.8312453414302254,0.7317281757993737,0.8008036212738503,0.7973997500434109,0.0,0.31453853653817276,0.3452284556223635,0.17916860817507363,0.3973149380508172,0.550504137702525,0.23598385165113456,0.47978965266447915,0.2312460691900533,0.37542299698849746,0.48288869731474904,0.8144340355897572,0.45340229453005776,0.42751367200408197,0.34571350710653626,0.5762252443132532,0.22807456665075598,0.809913536912017,0.5782194743136859,0.6002280300231035,0.6078733122033722,0.5238814705545121,0.47585645820923084,0.9650202253069331,0.864083827085155,0.6774702349564325,0.5215024721757597,0.5847655330987234,0.7361257682393347,0.8548698913943653,0.6503213721062266,0.9066840563716347,1.0126951988563686,1.1356085581160489,0.7191480494489593,1.2477891252116038,1.0859022875308018,1.1863029092901236,1.4465734204481286,1.3467085450541276,1.4722864809468756,1.2372828241742102,1.40698203799802,1.12804973719353,1.8695669238483834,1.3420513139414538,1.520745597968002,1.4908271703638345,1.5537589760641008,1.7741953069861278,1.8459859875798248,1.9788178746264293,1.76901530723479,2.1214615569704627,2.177377598983833,2.4117885610903276,2.199911892317303,1.7814581600604544,2.4323839729400323,2.509337240007044,2.434323777104625,2.52643963045165,2.4660707585424735,2.4109590558640708,2.492580433592325,2.686875015330214,2.4367889704091237,2.3234136782109065,2.7368695698633676,2.792932172455169,2.7752390535105302,2.9110300488789154,2.5061717778633312,2.927918212305192,2.712919377360409,2.425411178713775,2.743767938783117,2.774892702097981
4.011126229939755,3.5580594798868788,3.416840528304025,3.0507160731005953,2.5242084498589605,2.3525089048071166,2.3011551358474165,1.9219390457917847,1.949703226190378,1.695549967545075,1.5760048157185764,1.5852755995864687,0.9704054786684875,1.2130659426756,1.3104749032269272,0.9222641511936533,0.9756885596802718,1.3057200039019037,0.8100439119287497,0.5344173282852509,0.5803091888320946,0.6186850339093706,0.908059059939994,0.5881762795520444,0.5761480366624276,0.6022597898905637,0.16838652481167315,0.4614657481596005,0.15626865990734373,0.0,0.6753114732947552,0.501263267700617,0.6781470027091405,0.0443292689801531,0.5589057160242508,0.25338047976669564,0.48499940977366407,0.8118382998692919,0.5921946899872381,0.5409441244256712,0.5422341836965714,0.3596561785875654,0.1521871603051963,0.6029771625384068,0.2198654156511335,0.1629241646365287,0.43446321951114086,0.9242891950606289,0.4931659121197498,0.29366233877153647,0.6289576735336873,0.8747460632345554,0.39580127313072033,0.3048183806060756,0.44407896934084334,0.576509175084789,0.5350800901062822,0.6325476273310375,0.7934573289746343,0.999288120310009,0.8762424394352379,1.340282156373549,0.9304642453318586,1.1346184409193931,0.815172195628195,1.0154470075779667,0.606695700423888,1.120694979700744,1.3855163298527984,1.2723986884673621,1.2793302010173093,1.021584718314065,1.341944505672565,1.3285184472332325,1.2977017396342774,1.7464044420061597,1.6612774844314906,1.3809884508135024,1.3015611091765749,1.6391761385156673,1.7355862312799992,1.9001451543228196,1.7135779768203676,1.6563809445952664,1.9813653764011327,1.9698746623885324,1.8208831404953827,2.28096612603305,1.9121449252854674,2.1591904931570394,2.2437556536888117,2.1769367152494006,2.460908309606733,2.2779993524758346,2.286695734737915,2.423064302364523,2.1250438667113727,2.4968334819095688,2.505415426601914,2.685078730126836
2.599233798202711,1.7685475431452833,1.8472637951388045,1.3089001825860738,1.8128224719516606,1.5622578632768036,1.6770700338016873,1.3917025288313898,1.2362631669422441,1.0023381072746727,1.1103720609195484,0.9310685713073905,0.9852539874558115,1.0526970499778123,0.5334624283649543,0.4260052707263018,0.6666548995023209,0.326076218604328,0.5812429109153037,0.6839646474815257,0.48118874053670524,0.3217551276520645,0.39927853317096407,0.5048454073007544,0.2596435225939242,0.7955462746477657,0.3918982507120621,0.0,0.30046637227589557,0.6823448833284385,0.6629945737624752,0.6335945332208226,0.6052398566132684,0.4927457473441095,0.5514356026957312,0.8535202723578799,0.3834584846015048,0.859165459940483,0.6398094433622408,0.9449647373456749,0.5313581661196523,0.9779757398172144,0.9576052379508226,0.5476849994109152,0.5003160351658593,0.5143561281672717,0.9911113244450664,0.8760937071912096,0.9993480907460466,1.3419404454364603,1.0216537812803157,0.7165242379037942,1.083952959722808,1.0049134505888322,1.2665752040442193,1.0807499734458652,1.0493547699418695,1.1896475601316236,1.2741680424888049,1.2867585378282236,1.189009287335507,1.3950380399296822,1.7837910676898332,1.4248636737548246,1.7674879837599686,1.4096516659296459,1.9260264634325566,2.2368154314734756,1.8999272226751902,1.4533745538438811,1.5961126323936305,1.7203118690121286,2.1142232127918597,1.6583105154473614,2.3401618499024064,1.9379843531696945,1.701014645574249,2.1501517797089047,2.218636342047848,2.7349234393001325,2.2428712436216447,2.470341288044855,2.4768912029553825,2.8165542046044827,2.3570945278555335,2.840960126305525,2.5972854174458284,2.994447129857111,2.88874954119256,2.6976577950255773,2.3129176840994976,3.0116542294780544,2.423032388130899,3.0901540905841074,3.024438265066294,2.9919809156807737,2.824761920973714,2.931731761524574,2.839842641564772,2.9757787630963755
3.7850158322526752,3.2558094368201544,3.162981982149226,2.7384135651998953,2.737225792147534,2.482817905654814,2.3161552473224933,1.8237261971103695,2.259447034075251,1.9759647291360363,1.4582577112351895,1.7582289920366598,1.2758078937969302,1.3622033709653945,1.0343716998435788,1.2549127751595481,0.9980748834590703,1.2554771355859469,1.1429174412548821,0.7614107148808031,0.6813906783582677,1.0588181725802919,0.7657022501603414,0.8825500253751031,0.5798321279236252,0.3238237423770194,0.49512515591734996,0.6789176887104151,0.4005728405602742,0.5065584680736333,0.8069879269110789,0.7233034106357188,0.6476782516593786,0.742157558097368,0.6125767502976949,0.4745959046897035,0.6911458507101838,0.4535618336871572,0.3603625052531516,0.6740766492423127,0.0,0.6280546174188171,0.4662984967445727,0.6298234295372129,0.7388346984470591,0.8320955108015671,0.7637188150165741,0.603844272895568,0.9455000402513551,0.8975605080350046,0.5534202146379688,0.7730865445394137,1.051552184835959,0.8713188588491949,0.8189552155975228,0.9013402682986857,0.7399820839339508,1.3184153211542302,1.1671488904351612,1.4124602677340068,1.4044766177070684,1.5487702025326158,1.3522274277871684,1.4327379643350042,1.118515433675645,1.7360908792065999,1.5500328802189252,1.9733117795027404,1.8210523095067366,1.5606151051658976,1.5062058146495048,1.804898926714234,1.8401449169320596,1.8054810064704245,1.9635242378640587,2.3577609146692495,1.8780315233443332,1.7849147975073176,2.3284548959590303,2.0336251247075037,2.616420510492638,2.2526921614150925,2.2546282975924825,2.431763126707615,2.605022833698076,2.846489452722107,2.354849796928251,2.836414662370892,2.5667107793505153,2.727254465271301,2.837915417598218,2.8125821474960198,2.6296015362838574,2.672884792494841,2.401797234189086,2.5887973887263733,2.9598423832792804,2.7529130889897466,2.8230728590253875,2.764493994095993
1.6044796921733102,1.2089780044236367,1.3190442463501277,1.2975141547078426,1.0897014594177765,0.8927385422840253,1.4942256851880664,0.8686858012200513,0.648969024000916,0.9488203790720728,0.7976883203672678,0.6267693225362052,0.6626116723544992,0.5293096497792842,0.7075149515385952,0.6246224702254572,1.243181525781754,0.5115364164830751,0.6871385167200064,0.46913252114550197,0.0,0.6012800652166206,0.3144696150361046,0.39655546125652563,0.7089588804205782,0.19839438903882822,0.23229216303475653,0.5566858579355785,0.6957638802792392,0.30512907462592587,0.7905865561663674,0.3305711493472945,0.9881525511987359,0.7141096669519023,0.5922415799809553,0.7628643173085443,0.9762142963223646,1.1074697395462003,0.8741350055112829,0.784918572834421,0.23443742168380588,0.9522726420584462,1.062210536490051,0.9278859348753379,1.1712986461050825,1.216233738964977,0.855848498292664,1.0488364836837203,1.2596157329576645,1.2029717941123081,1.7728211834796461,1.2122168412355308,1.5329476918003202,1.3413980354747554,1.5241246136245046,1.593509805541359,1.3852565636609242,1.4227208098987525,1.3751587213320935,1.9844491665176456,1.8926260440089564,1.9837747138233262,2.0442872232869824,2.0446060803285704,1.6246721272632083,1.7304506372817823,2.4899841769915128,1.9867261199659403,2.0715562090763786,2.8893200712884735,2.331120900835982,2.7312868009272524,2.575011534518275,2.103480711982675,2.567225314185402,2.451254651384332,2.616698444921399,2.802600538522812,2.878453046592689,3.506328879732994,3.0120669746521553,2.751935602192903,3.0596760418322653,3.170672156911202,3.107543065242673,2.5907705694758434,3.0975412926945047,3.4995173173822707,3.4000075796870703,3.092487721035596,2.9279641863513,3.3286274284459623,3.2053873248229756,2.846455365235604,3.316063537715422,3.604266451882353,2.9038979363555804,3.290791025201056,3.1981731664378508,3.4816076941289538
2.2230984314275783,1.6933786017776615,1.7587890012952254,1.6343888212660698,1.070613741369268,0.9948147927866593,1.4230538193097448,0.9211744061185811,0.9585715683110738,0.8773407603043761,0.6370167197143939,0.8712497993396422,0.512404773249278,0.4822599301865047,0.20368917563144606,0.5236277526464796,0.39411178010524317,0.4976692302725425,0.003000214757841846,0.6018903936709119,0.26766281391903135,0.13232505609846257,0.4127623133192557,0.19147177016493622,0.00157278926099913,0.05872646387832958,0.0,0.41342556556585386,0.3531313037609962,0.4719024043837745,0.23405311249884697,0.4731327110084642,0.5752174340584304,0.4405447784242309,0.4980478893156093,0.5673762353581413,0.4269932251769042,0.8750315248204128,0.7041447925301796,0.4778194608099753,0.7796527922744261,0.7664973897782872,0.7237930904174732,0.8460183271276858,0.8433923243863539,0.9497414293141162,0.7317676152580663,0.7464127710714781,1.38025552056461,1.2677233788099436,0.8413080953259833,1.0601912398641051,0.9608685208929035,1.1642920905065637,1.5045014491783864,1.2401353856304809,1.5219631907498687,1.2704904829916988,1.7418397705639848,1.607707578074164,1.7301056799221275,1.6321210968365083,1.6943139498045614,2.1669249915608653,2.3096937158860733,1.9198808318603646,2.208112478344958,2.018096768033441,1.8582705271709585,2.0169781371610362,2.168868821034504,2.426954349890103,2.6388697200486693,2.1152101743336615,2.5086247957781698,2.3908940624247244,2.1779093600482895,2.7119044739140303,2.343456551650041,2.3167497141429596,2.8455097052179976,2.444707121295865,2.538775949547114,2.6266593414402486,2.546952223876728,2.813208221832669,2.72219822525393,2.7823681465339103,3.084693452202268,2.755865908305223,2.952863954984233,3.1543403096163853,3.3343342586910953,3.031912022409619,2.9022714103772937,3.1860075751492314,3.07944015170459,3.3403464896803907,3.4238911576693507,3.09382173222515
0.0,0.07005584190346442,0.020598140138982528,21.552655986566734,20.325571213493895,19.15568644063702,18.43624390589251,18.267968267937945,18.24890704845353,17.983536184377343,17.330379887940907,17.211678076172973,16.977334320652474,17.23225157616085,16.574448039052545,16.139005823313422,16.34159397571585,16.272559235432634,16.179904950972396,15.980853653413465,16.07851129981473,16.003143775135037,16.283452010852713,15.569156922168057,15.98568423419465,15.647334704000961,15.942810367537831,15.825527527928514,15.958569974664261,15.599785197981417,15.490628529819784,15.549711065849351,15.518364528672485,15.431190372257655,15.489435704012626,15.501670558417008,15.533029278223186,15.639850464903098,15.458391307651715,15.388146420073229,15.110846678906599,15.848217186064524,15.718385518221615,15.347006634143415,15.833620868485841,15.42843058528833,15.152987965447913,15.575018575930226,15.930688488226307,15.583789877751443,15.629876632350435,15.718310322962084,16.20102483026759,15.826783139602975,15.770580386441392,15.833796762523358,15.925422340262672,15.889817576683905,16.038759324912903,16.063339655955502,16.350452954443966,16.17204028084193,16.18766976101812,16.275056890923608,16.48328649289848,16.06492845828923,16.56434361920348,16.628863810580537,16.53450069344398,16.616317488007084,17.17730248852307,16.4732378199979,16.846169866635652,16.255029188299492,16.68247247303704,16.9353243330846,16.887460605967583,16.944097321439905,17.060798909987383,17.136895315518853,17.397762481490616,17.1508458436759,17.15129644655824,17.322738169774873,17.29167658708152,17.722729578485,17.16797169928953,17.431326595022465,17.466315431590253,17.71441955920631,17.76797721482062,17.536493156476762,17.854095430360783,17.588603833509385,17.659700106520127,17.750651903528592,18.042687334551456,17.837057163755876,17.971860737521038,18.31428979581527
2.266380337231107,1.7432256184754369,1.2035613144041317,1.2528697423696205,1.4602047146433872,1.53096653430344,0.9951431882977761,0.9962604064709097,0.9905008744711044,1.012460088349691,1.3067163442568042,0.6619986803062154,0.9278975247639778,0.5935581336770852,0.632572136146667,0.742889736964992,0.1634802234465642,0.892811752445775,0.3472392319976372,0.21528658418710656,0.3773179528693813,0.3893150029436008,0.4411893291649722,0.5557419187527284,0.2741939428239277,0.2605086659793585,0.0,0.5683180540300938,0.03951883916663412,0.13204932669900415,0.28552630512887944,0.2823892089161095,0.3956528765771221,0.5291321598222769,0.6109162144643445,0.3290725355641726,0.5477613860345567,0.5135957593988003,0.4891528498669544,0.4822443413891886,0.22926548364577215,0.34124388470414146,0.2851029301932133,0.2281994745773197,0.6816224088868612,0.6849432832558318,0.9580992164031041,0.6927019439539066,1.132843559432148,0.8089999259377478,1.0701295268566842,0.8263254407553955,0.8511511663047635,1.0770338794476704,0.7430788930362517,1.4370765831741483,0.9656133338255781,1.2609265466233293,0.8631460443314491,1.0988770369137146,1.407522084664036,1.4849604189207444,1.335700081840466,1.6520843348567293,1.687755500975813,0.8699469094338728,1.4538272577643898,1.8401164557609402,1.572842714918723,1.794467626769256,1.8357341011889705,2.003975698804675,1.9219859817303284,1.6555402012765388,1.6063891759837663,2.437513948029915,1.980858361589375,2.224568748102884,2.3648920149734796,2.3234909500898997,2.5503512021251478,2.094639677144892,2.048750115048536,2.662802274631458,2.4770151865526255,2.673919100858855,2.219010050675509,2.4851236285752147,2.7101674559266815,3.0198831528823913,2.7571955000953263,3.026110000252059,3.0110982980425813,2.8860056300552355,2.757547727497995,3.0136269253831554,2.9402707125379255,2.929122673441581,2.6372586477631916,2.894213266143778
1.5971650496141834,1.5266327434981015,1.254250417163302,1.2096865565462434,1.2430628925552583,1.0408672941330899,0.9379910413718324,0.9082771212962939,0.6344882339279625,0.49425390898693955,0.9229107343899123,0.7066752169628074,0.29941393445781017,0.5322641525516669,0.5795809239657466,0.0,0.1607292832972611,0.13666429004469727,0.32096382253873124,0.3449421086010158,0.0403193608001029,0.10102222767790536,0.5021466113945579,0.28172130404869655,0.05331609837241125,0.13219057009715662,0.22477759832228372,0.2837609147058746,0.2458831548167577,0.2715753178911928,0.31319228278849387,0.7041397303819039,0.5461131837561055,0.40307103600787286,0.26147809678093914,0.5714252398605879,0.3871217504901505,0.26343938902952857,0.6695115739499826,0.04910404281916314,0.3612704444653918,0.22951150760531824,0.3618625258737129,0.4917519022017327,0.17505725657001037,0.4975170484848501,0.6824979239093487,0.39984984289882064,0.24659285039130374,0.8824880534562869,0.9024554644399423,0.8666590725098811,1.0637338451103364,0.9619329039644011,0.9717752132720126,0.9793394562273967,0.7579652099490737,1.0534623362106732,1.0469217741536507,1.1604500119942127,1.2634190300533277,1.056304275227637,1.1561269917772599,1.4356377801101416,1.22384665263999,1.3854908040120897,1.2583769842908943,1.7963233009643336,1.2045210282981742,1.5995308285309662,1.867709655670211,1.455107050404564,1.3816326540440311,2.0131700893671383,1.9666216001942178,1.70999278326728,1.9175866800672505,1.8535463948073296,2.24819373290374,2.2595652999667646,2.3566631297520164,1.7611492205323973,1.9463080415205916,2.271482842716523,2.3836500081025314,2.185508073132681,2.354487872747759,2.5607269624743747,2.3541280630175994,2.6409988121807064,2.5047181002145393,2.2448722667026857,2.236388350656144,2.942764266043225,2.7412963365369425,2.4832067347315387,2.59291523261553,2.7455050036386606,2.857239467555546,2.4965691614206467
1.392673238222212,1.0064459570361208,1.2613456853381209,0.9092177126262921,0.8189231317526033,0.6228271487564321,0.5429546243298198,0.6007181749895167,0.6256678091315742,0.4737868039975286,0.7304601369557897,0.3103580034519755,0.41423166195389527,0.4792042908409595,0.20719213635736367,0.3294093858939533,0.3416648299539702,0.16293398159493755,0.2935763258379982,0.1973975367921632,0.08087290555609883,0.31008004156373303,0.2842410894392753,0.11068390621949753,0.0,0.14470511896367633,0.3862324503422716,0.31849424798078907,0.5123773147627784,0.5415529463997348,0.18364499471429063,0.42147141520791287,0.1527730823204898,0.7177399892799166,0.48772783782512796,0.3418310159976965,0.3935585228510323,0.18389996631526273,0.23724470082164295,0.4978937460316537,0.36082563587853933,0.6726618413517595,0.8495942150708018,0.5589003131907884,0.46933204402237827,0.7942340252333491,1.0601664540868256,0.9885205904944421,1.1822392535759594,1.0296309484791841,0.8229027579508568,0.5580253300174807,1.2622305052302885,1.4238980901317646,0.8496912943556225,1.0812135034872306,1.5799202177207743,1.1102275920810563,1.245646346151334,1.3163999994415363,1.3100079107584275,1.923493289659989,1.4503131322201632,1.9973411614845382,1.4954413926866277,1.9666870926550466,2.0034613576065734,1.3498811616113358,2.0328025252195783,1.7833961451712295,2.015303229632867,1.6615764892402858,1.8647414095980643,2.1246560788735156,2.222011958214404,2.2690515073231072,1.9186263546694882,1.839676051233969,2.280403871998667,2.1235465314068325,2.157805193705185,2.4445465020444974,2.4008413962963235,2.187448648087761,2.49617515727134,2.165533094132355,2.438268153631798,2.7640941013213496,2.702131602048338,2.458373652079226,2.7592524570637575,2.5615627900985327,2.7801021271805926,2.8488617285320377,3.0741126138792207,2.6113158578436266,3.1474376953153733,2.5085074157621303,2.6752240423062137,3.243261624399354
1.5843975135460813,1.1265676830648985,1.4185116234624147,1.257981330921906,1.2769822166383875,1.0730484103618743,0.6241405754317597,0.7967708521381649,0.5761615660719901,0.8683593626189428,0.46460951708893816,0.8200464614717689,0.8885922904778383,0.5782855518095396,0.6061086072916098,0.5220673708278021,0.8156348474727224,0.6010521140306242,0.3468804214262118,0.9389719535193066,0.5741173252368927,0.6125690623973981,0.5545084552765012,0.0,0.6166439153410774,0.7154912898035324,0.3955009454598315,0.3310111095015298,0.656027901605496,0.36962365869595004,0.6260318622892544,0.5963639947356878,0.5970798544644911,0.924618654978838,0.7280045397486017,0.8642384755985795,1.0819057704614377,0.7193061239313057,1.0956424354107615,0.8003348112242232,1.1815757963086728,1.1807775692708038,0.806703503642213,0.9274186617692681,1.0835050915383881,1.1157130187105384,1.0275646390892188,1.438392224605483,0.9083056127580491,1.0199374283911773,1.3170213575518694,1.612523497754962,1.491156099426469,1.342258297518324,1.8928883482474514,1.7779368171395245,1.5319807945643618,1.8681849645686057,1.9286564504989716,1.344575849416728,2.0199256303024224,1.7513384121043458,1.8207748402115804,1.8376907887886862,1.874251724655025,1.9275364809029778,1.9082749932882948,2.419686206359449,1.8141666184875334,2.2200665098115255,2.6573545949446586,2.2311237620079627,2.1299991347867344,2.434149057438427,2.4721639431320934,2.4985251099566366,2.79126583537486,3.0346561163339008,2.7289247745048844,2.9593085824896814,2.5360871671381506,2.4244043315080273,2.680579212981206,2.8042995335407586,3.1629699130980473,2.764594684997869,2.919285808822261,2.9774740825507333,2.8405800680652735,3.0734073709795755,2.782961168133175,3.3292480190660765,3.258683014259498,3.0339867952588637,3.268689974232897,3.2111578194347086,3.175873696765274,3.2040727752810145,3.1435080087011134,3.5899950304234007
2.762898733446292,2.911836504209518,2.3694786358786644,2.241472184003971,1.7331391821373359,1.5455552763379252,1.6610339226144717,1.6689070419916767,0.9556344183624841,1.2280724958384184,0.9745234530461087,1.1721504773428126,0.8986946096663555,0.8305027073727107,0.7431301618292796,1.1304774055978033,0.847659757153302,0.7020024655582926,0.8254398791815607,0.5784038537764147,0.31479159565182613,0.8431637697967602,0.5491372323623729,0.27782115670127183,0.5520048782449027,0.387785668780408,0.0,0.2625656171822648,0.5724607713749545,0.12885193160846597,0.24080463760776105,0.3876953741286062,0.7778652620376931,0.6489344651027515,0.3168394249075437,0.6249721013480904,0.232525528710827,0.6799746515692355,0.8319490290822333,0.23490334888463238,0.9073725501370049,0.34475423512586545,0.35348016420528694,0.5736050626306177,0.7675772871887734,0.6737049216450526,0.37745569760991593,0.5896153243293369,0.2691105297935188,0.7930860284490588,0.40780537556692487,0.7975314895242533,0.6471761667589799,0.9855337402418503,0.9017444350824597,0.8314899650933043,0.9231614670828332,0.9497522012864348,0.6737338796934758,0.9009759891626388,1.2217987765807337,1.3286070194151218,1.0249734365813286,0.8490254611709727,1.0440983968562456,0.8972672201043572,1.0149673051877404,1.132336868985778,0.980977551744818,1.2718769289914622,1.4502795859587927,1.4382543742363456,1.4919534415495175,1.3401018231850053,1.7999212557722117,1.6208571781418541,1.8411501098662661,1.601610053859515,2.096643507970292,1.8291242741427158,1.972899330840253,1.6307231697349476,2.0095517872195643,2.0417295740922974,1.6958286290575888,2.2663691273677458,2.0309465949004135,2.161893628912221,2.1146961076000714,2.398651847292257,2.50535549181712,2.5233844812506483,2.3611318005117248,2.651551489963417,2.329799331562864,2.327547683187703,2.3883585744129547,3.2072670436387405,2.483621744168076,2.798619245811551
4.190321396672658,3.760983486660198,3.0524612287622617,3.1315121994640194,2.4047295526296555,2.2065118072490773,2.0994213626467193,2.1892701062817572,1.9807965090568267,1.5992514712303212,1.483657187592291,1.2710028763480494,1.608491622293144,1.398576866573249,0.9283760154466627,0.9367429061511725,1.289716525448858,0.970748400463652,0.957483021663899,0.44655733525313224,0.516542235725229,0.6703979759220964,0.4264958852767702,0.52789344065304,0.664532797637758,0.42947534902006446,0.3528023861714473,0.6861361023276835,0.3215816448740014,0.35032274906828675,0.4783732547431221,0.8167269451752848,0.3504886723453211,0.4682164060044496,0.15941345257346384,0.1387903937793844,0.17777474849236086,0.49414694232646283,0.34870655805567097,0.0,0.30181866603481566,0.5536245632385643,0.3681027581125864,0.3451358722047875,0.5396776612672465,0.3223693175529565,0.3454963619065925,0.604104129747066,0.16235553888437337,0.44122344227235466,0.6413628425901958,0.7338841019718174,0.5043902880382003,0.62292963168494,0.6593810254083508,0.917457974271132,0.8093726936435743,1.345048932564536,0.9151571028093493,0.7824508194598359,0.6750132251287138,0.4624055712229769,1.1026473870527003,1.0583890790481263,0.6495176916614778,1.1367860808403805,1.494813027580749,1.1047043374411416,1.4420751775283058,1.7386311661833105,1.1441410941295143,1.2281579231671564,1.598354204670672,1.2761934186153603,1.5027888316483757,1.3886113482001026,1.6374534561959528,1.4809381858266306,1.6528735147679168,1.7989752890249964,1.9850791063874365,2.1710413949185465,1.557067416889451,2.0538460958135634,1.992936813155323,2.3304341002957383,2.2930795267186515,2.1747445999705945,2.5334924148226783,2.4863071735579183,2.2228128424783034,2.471490013446422,2.5515199423393007,2.356853882124856,2.6857969385504212,2.145203725898174,2.24118999377583,2.911901325092426,2.2695060333867563,3.0366072080905724
0.8348803970808589,1.0375300359793656,0.776964949943217,0.8635210234759487,0.9656331967192671,0.7033545760776416,1.1761771997607795,0.7663497002569404,0.3420321392905912,0.2893233072579591,0.733292958748267,0.7440662825575686,0.33905760301935217,0.3240112770944634,0.11531171954710828,0.6445320873540243,0.6256985503943238,0.19087722692927045,0.3058745892564918,0.5709073708604357,0.6705169763393926,0.09454712908189578,0.4289525962039331,0.0,0.6424549703493021,0.2735063006423655,0.5077702315290011,0.8522236688603471,0.7153070948150582,0.3810183475598379,0.5264980366755836,0.5115974911894909,0.6552553980323292,0.616245597331508,0.5261598876355791,0.8827685422323022,0.45479676258570834,0.846645104522759,0.7117480109798766,0.7886239672171946,1.0119451990387276,0.773163028335226,0.7713742605385168,1.049521292514692,0.8620017405479654,0.9370374737541471,0.9255593366542385,1.20534666784733,1.2150716225453646,0.6832869655407645,1.3396427649827398,1.3621716259927137,1.4390594664795895,1.3641605799943086,1.3796725895495197,1.574386463386075,1.3138854540121834,1.4778350644075378,1.9011932314268716,2.026218542949282,1.644270891145224,2.1700101239136114,1.862707524287286,2.4137600160094426,2.04602436833647,2.3111798716628744,1.9267896954493064,2.387613935310961,2.0688397919209063,2.5462309462209713,2.4906605074252877,2.278566249456153,2.3159326087693533,2.6278876616373577,2.412144119737791,1.8636067244468197,2.6827218250712885,2.68299327729372,2.7648644305781485,2.965122520339337,2.5956598643192184,2.8740182362274975,3.154007280128555,3.050670059780577,2.7231520121765396,2.6333607559675105,2.792293726327406,3.0123264976638833,2.941787562018403,2.6304803999856947,3.0008925500854797,3.0139375583775543,2.8373020821049106,3.3585451057410065,3.2620232516652248,3.068025780080747,3.487409631074483,3.104285158576202,3.4984097640019467,3.5560311759102685
2.5139346034467973,2.4067948507082733,1.8590752711758718,1.8429842207190514,1.6692540495650956,1.7005861302077445,1.265154559593423,1.519922598363264,1.3570015265044244,1.9586559449391174,1.0015159833429035,0.7962994624592366,0.9813276110270657,0.6652488511398005,0.9735561752383415,0.7672609587815504,0.5491304592417752,0.31909181703403355,0.5786947105452374,0.8164759089588021,0.42525651428008615,0.2334385618257695,0.8074871813119735,0.4017043423801514,0.7758471932068698,0.5077738174439013,0.05560331266575069,0.6048960585707093,0.3823086034659866,0.6138599721849793,0.3286203458334178,0.4569321312225991,0.5259893115666152,0.3273259931467045,0.41791492279669384,0.0,0.4146581841882355,0.3846478415220087,0.5924162523492953,0.4662351701725065,0.44623932547515643,0.9057594111293259,0.9172692758827203,0.8076337100703448,0.8225803803522069,0.8914431536292469,0.8204068634489623,0.3805546541056355,1.26518471593395,0.785277786601215,0.908690901695433,0.9867594805301678,1.003112844273545,1.0120512673124882,1.0155215471349592,1.118458476720452,1.5726864548226995,1.2575673214006269,1.33787564933529,1.232784888441973,1.4216712725977914,1.5204781437628014,1.4839795909482003,1.3863403168458373,1.6991328227635698,1.9320923897669076,1.729420529113586,2.024783987885259,1.9821318227584612,1.8893064476144836,2.0061537024379863,2.3132377458480065,2.0434307725531973,2.4545214728227673,2.0886592377677555,1.9987667030480925,2.280405831408684,2.2560644547855055,2.654793855044373,2.35693980718219,2.4546002464378933,2.506981099131151,2.5241524361810264,2.2574523841787464,2.7325452806711006,3.000326963349936,2.8481232185487553,3.171545395211032,2.746054346011805,2.7609926047908715,2.8244077163429875,2.9946076426716335,3.2314815271025257,2.646515460687205,3.146697561071422,3.226894138624834,3.0827004390616626,3.0084550238399625,2.9639294910404583,2.8896141925397156
6.9363692657677145,6.153797754724772,4.98489696596309,4.406037782745747,3.754517620455987,3.450697670945617,3.1032470223577047,2.977763624767702,2.3693772522929972,2.6851954815824346,2.0037669978105566,2.2255922147476266,2.125318624429271,1.8538655451659025,1.6219536471326297,1.181384011754897,1.3770042155556137,1.231360024305257,0.9222763356484904,1.342120265512495,1.1926887912218262,0.7864295069830511,0.9577564417055981,0.9502779522587819,1.1283501198626293,0.8518756776725365,0.6171710015261169,0.24866778868646122,0.6668190290775069,0.5195182540909276,0.5729717160253323,0.2059815108742029,0.5180556132423852,0.42733060723261396,0.26160300564216854,0.0,0.2779322923555423,0.4342467400937178,0.5407157003661123,0.44759376894081804,0.558713267452756,0.5942774961315074,0.2254361495578241,0.7062911751113479,0.7217359644999526,0.6965931520863027,0.7723817493794467,0.6676594505229598,0.5719854260494941,0.6036391189718504,0.7857417148649972,0.7705734943001445,0.7602249027682166,0.20191002511129064,0.5912431148955442,0.8973609675144161,0.6556369003929401,0.7371357643518124,0.7824191891073582,1.1025924636638038,1.033403813846581,1.1785078840184369,1.0521361847103563,0.9573952499025378,1.1528830203373364,1.4168421182122586,1.385158102348786,1.0436690848027208,1.4720147711202536,1.5623814446280875,1.326216370331906,1.392076670298767,1.5705907445569594,1.6568479397691043,1.5278029477686594,1.7323508272250052,1.9690103910325352,2.030172432057391,1.8753510122188217,1.4408943306890798,1.5400902508957834,2.0687192507982193,2.2858971714356837,2.103729508981285,2.3974649662211984,2.30656246248231,2.1726196382353535,2.2354223272331293,2.6305185572403094,2.440165426334511,2.1966593440794604,2.5042744301563378,2.828480961079732,2.5723729991878717,2.7285913414557594,2.5339695861516507,2.8017911262284247,3.0096889347672136,2.86021392241482,3.3173575668582576
3.008896079200417,2.8495144209204124,2.4235569187830865,2.4890129932557983,1.933655638199296,2.153216481457184,1.5918355876390198,1.6259487663362773,1.5273063342433897,1.51028567755756,1.194757136827878,1.229886589868622,0.9860598318322307,0.7313314561384114,0.7833592149731832,0.7347875021200405,0.5935374363192594,0.4056528255593346,0.6507953554146138,0.5940398074297288,0.690532381282031,0.4367929684231342,0.44565618270507024,0.30833512307777866,0.6820340678975061,0.0835567906077408,0.061612627279778565,0.3869255987352087,0.5081455204782923,0.36723392925462406,0.43815596212389174,0.5987704021506914,0.27864824619293493,0.36256123648329996,0.2476002055493982,0.4285855434756307,0.4607386836305718,0.7489065026521065,0.0,0.433607603685239,0.3471421640338086,0.19946651655097014,0.11146798038933525,0.3171060823253633,0.055365659547097934,0.4860127429775005,0.5647461894880212,0.44474149293971266,0.44627974481037747,0.8516680102819958,0.7896961773388806,0.6530718160325311,0.5171229200416239,0.40756180024219013,0.7134460790586896,0.8374936615254533,0.7559157883606602,0.8941346280161397,1.0232538143899603,0.8826867756684162,0.6992904754144629,0.5222359870838034,0.8617819544525993,1.272142825970624,0.9384816281171524,1.1222151956043422,1.5146411211043755,1.5382328630003208,1.097757019954635,1.4541875705516887,1.5143956407612968,1.4828784383763018,1.402972381542428,1.4058245617360896,1.5953869822371534,1.4053696828399573,1.5508829187237936,1.9890403559896424,1.919024226889647,1.7823709214434018,1.7882697549841264,1.637944311779851,1.626937148144858,2.069262821993627,2.144678476654148,2.123439552000045,2.495718331731844,2.1614288278646274,2.3101921326536115,2.5564804791384983,2.3470244851189914,2.4390684003470735,2.5271653690634928,2.201768269611243,2.4719343090088426,2.6427488888768043,2.4460011142985234,2.7923133222400818,2.5286902436704004,2.2075329963058525
1.986028843959211,1.6590124603798841,1.5061520602285157,1.2142752916982644,0.782192608519944,0.7348791054950787,0.9670110665305938,0.42939559089724,1.0819688562508087,0.6321253625562235,0.4325260683048864,0.7292648855664297,0.18851923213616573,0.3299789592242224,0.5636483284208804,0.6704569264124753,0.870678276983055,0.32715686934737853,0.6067942119892553,0.6086631029585199,0.22886329983936982,0.20826782970158675,0.05026013176149391,0.35384479778258715,0.7491450626432581,0.48632356588254133,0.5222374096408586,0.45783068694285234,0.22215902490022188,0.05564816765281044,0.4124563732955657,0.0,0.3539823600038936,0.44673243842339083,0.5129994326482539,0.2556783284009594,0.13257622456619522,0.26449662329942925,0.46947969599163564,0.6354473494853288,0.5862795652425206,0.23561719758472854,0.5011777860525974,0.7287930903088817,0.780606855643116,0.9237670008958876,0.8495613305278731,0.545431100805736,0.83904871378469,1.0189950079847918,0.7511893831496455,0.9172677288775439,0.8988165055371304,1.5407187918458387,1.30009421002827,1.1907181676698215,0.9895853243763764,1.4536316340358582,1.248461259489428,1.3850365823944504,1.5146685644644204,1.1412265643885622,1.926566311033456,1.60200283172302,1.6878741980582923,1.6763734682431437,1.7274072296346965,1.4731466367246817,1.8137869099227526,2.093465193057982,2.0431347404462574,1.9096175815556258,1.992714587864624,2.105882068654667,1.8650957578626777,2.3848431400064687,2.119930219864825,2.4127213534560017,2.1706391902418467,2.383438861312966,1.981640986843404,2.124620506676477,2.5291792907113404,2.3076012421106267,2.8263929935893835,2.755095242687707,2.3953683018391168,2.567075283916223,2.9253148295131837,2.6282596440683488,2.554575350910854,2.7729144175378995,2.7696048468694485,2.6149118228749764,2.7562479192457925,2.4191695439871648,2.546775920769372,2.8437149478881274,2.9225118116662188,2.858056475999767
0.0,19.583630312098315,18.384293029082343,17.60919979768282,17.34795479895644,16.851953251799298,16.828166622341303,16.522095064696718,15.98048247811771,16.151355747559535,16.068489988265352,15.458188688266562,15.394165386024264,15.457701399608194,15.57524492337209,14.964859784982998,14.863485134588487,14.830037621679455,14.986523672471844,14.572512118405369,14.800245753565381,14.496543859044555,14.36376826946554,14.452458112050559,14.53099446136173,14.160155995582365,14.230079248054322,14.191325534808113,14.412668185268847,14.308261694744818,13.869506865192486,14.150045813229182,13.978317664240526,13.842078457772512,14.027642373531013,14.329619890040215,14.115848050905447,14.485777221001403,14.293266394847931,13.817780294536455,14.384659212276755,14.129817793521054,14.419179141135773,14.293967589923847,14.322554111716169,14.4567493291929,14.354557435694456,14.249584397188178,14.447525497483825,14.742882095057915,14.543042879642854,14.687226764736732,14.76514210662633,14.553924121543805,14.60954956600664,14.815721233113988,14.843292730806102,14.673484329885138,14.677614416903731,15.266825735913061,14.888912772601952,15.095233648234634,14.68096304265788,15.262575890914905,15.253426074088935,15.335382965876766,15.589539350278464,15.231628349948982,15.338331838336176,15.802603615093409,15.466052729111716,15.419132015201505,15.727576535753574,15.985880710387809,15.907806110512846,15.90201220926552,15.906684911608695,15.64581911144303,16.10782642061806,16.015403832796746,16.26566812107455,16.553306709113343,16.06387622356347,16.223013606765385,16.05556802320729,16.454268313287404,16.332696694499838,16.422239329450008,16.633516343036572,16.464483910093215,16.525936169232075,16.728572441251814,16.849520497017497,16.97673358023179,16.612204646310285,16.850670629260165,16.43839359570569,16.87438569710658,16.587716533782373,17.135723541110426
7.184082832808745,5.75877846173799,5.485841459979781,4.611778145048344,4.178207454276492,3.8534354362863503,2.921449208293467,3.2558701265357897,2.5162171285263195,2.2870008731888607,2.3369841970302527,2.145942988389349,2.300778717589157,1.7041991677998745,1.6858487606800665,1.4125120430589888,1.061054007902447,1.1919047758104178,0.9120420124932167,1.0245930777185368,0.6007782225443226,0.9963751056141721,0.9134287659516751,0.9095264923281707,0.4853955105138201,0.5543667755551205,0.5285366922917696,0.8685938480566229,1.163131162253329,0.46463194376381445,0.5676669068255755,0.5421858459753857,0.8355601887622548,0.3689243475452688,0.27025801293532403,0.13351422131273694,0.6043880714030632,0.5992849702238203,0.11934605501968854,0.17203770792649742,0.4077186139593536,0.3904349618892802,0.2267792170259728,0.599672408079094,0.17159134556430722,0.3353598523683896,0.360682345383033,0.0,0.7102373066200354,0.5552585062841757,0.6114715959573811,0.7551319422698057,0.8499362038832174,0.6385767329439105,0.7776473919436491,0.5528363154370606,0.937994811595054,1.1292088524838668,0.7937910721905457,1.0979661473789442,0.8545753592829062,1.2982325284996552,1.3661872853911792,0.9736944400871685,1.0015139861882076,1.1298024877916273,1.2377747174972011,1.4333336282632505,1.330907761124152,1.7145800970255891,1.2995960162660456,1.6781679647730048,1.7376374427315184,1.7426355855576734,1.5570369953548102,1.4428572078220245,2.0072653706281827,2.014305535623558,1.7643510949679335,1.981976373321368,2.2456009170157127,2.028521197147585,2.159797601049174,1.8605532820359816,2.4531683804590827,2.110141373855445,2.2045876901417234,2.641229923471764,2.1394758921100276,2.3975543042431475,2.1944578711864455,2.5625895635745177,2.404959457825681,2.1355777532162143,2.544707719355351,2.3640170988894127,2.7721962311437434,2.9428413832916682,3.054963096831301,2.88912384668377
1.7032070392906231,1.235567483762905,1.1846745247057129,0.7602267706127872,1.226724931315779,0.9242584646227403,0.4918229630598656,0.27072650182752334,0.5740358840348705,0.2709904184762486,0.501854883470978,0.2732531589603422,0.47394507122351115,0.3818563012120979,0.3495357681478417,0.038771726261874306,0.21989159371423028,0.07163958830879835,0.10596674245343429,0.3115742695750967,0.3041007047276594,0.04186970270417589,0.6239069178318069,0.38741803363529215,0.31671118744722904,0.23584202006981947,0.504284342814417,0.26271508061396887,0.09411434878132496,0.0,0.39172816015576295,0.40941740914882807,0.335058484377619,0.3846638502277582,0.6834665758060599,0.27822301819611717,0.5455474737101138,0.9469127431764832,0.993613002132534,0.5672434992053201,0.5960725355440921,0.223324358896841,0.6533658810151888,0.8209218310336581,0.7229004934455769,0.7415770971664521,1.0857783247000512,1.205192947357597,0.701713077347847,1.1478738437528513,0.9846051847494337,1.0585845422054394,1.378079885283304,1.5495301312194059,1.2385270313382666,1.5722564723549652,1.43103368408371,1.8912745166751321,1.5853129900308822,1.5936640114735923,1.7830706809109458,1.6602771984115083,1.731147318247789,1.950155419554008,2.046524011393572,2.2199418169955223,2.109054757670636,2.1568801702817257,2.0727378528945746,2.427498383219671,2.0054876775308674,2.409723653996174,2.275856449490618,2.6032256839781596,2.35665920280859,2.647028936466352,2.7633884198615704,2.581165781267572,3.112200298393123,2.725456976911147,2.641221704335617,2.6411022970310185,2.994802248411421,2.4361885444320883,2.7425202497102887,3.008027744903295,2.9827215538340717,3.012772319698538,2.7492562175662556,2.931858024746994,2.9104106080530165,3.039464029820671,3.121805234056996,3.140033622424845,2.774827217124809,3.1826614251825234,3.2973132768434645,3.298218756826998,3.2700355342649416,3.1992639078851255
1.4057240706348484,1.1806127992008406,1.3940147789998463,1.2414048331189793,1.1840048546975979,0.8852616995048272,1.1340157014157892,1.0759074535564537,0.7895211474375543,0.6888553579453038,0.804745206650745,0.8938385230824153,0.24844002669682652,0.5968570706489409,0.6074184689948119,0.5686484845356397,0.7422645224016495,0.15478726002195842,0.3792455872271123,0.26514071432078623,0.0,0.8981091426213901,0.5086554089252129,0.35872364344351837,0.47650180904603623,0.806838294732378,0.45723828240788755,0.49769643421084453,0.3142324360587079,0.4644090889010979,0.2107346632958702,0.5379709338413594,0.40676635062864896,0.7047648499560584,0.31804780107137987,0.7092761451084311,0.6775376811274647,1.1532952085296166,0.6512208808517101,0.6538939366703769,1.1115764175887897,1.1392439521089344,0.8103781866415947,0.8442317647253379,1.1439264844056876,1.0117431188306973,0.8668436626465734,1.107760241269597,1.3805868478234729,1.2354949797902712,1.617792869236954,1.4255557857452477,1.4981017712010605,1.6880128820131581,1.3258961765306179,1.5191584465332149,1.5749093112004573,1.7680908865626925,2.0358281187373812,1.800466133584628,1.8291744711559819,1.7329534082677398,2.1752915377649202,1.927618795956139,2.1010384885162523,2.0463574552961425,2.280999929759961,2.624401973132265,2.257169152482838,2.147728934992564,2.2503448892196545,2.486812377746311,2.489880672106935,2.251042951706726,2.6159813386601876,2.5030367308000585,2.523644266452166,2.5738546952311694,2.792052659754095,3.2269539918663384,2.8060241669613397,3.2867816922902477,3.1198908333169193,2.6767629522078273,3.2460272480595833,2.9154163543714837,3.1384131791885608,3.1173762648284296,3.196345418238309,2.928626264471273,2.9911343669272554,2.9770621866892277,3.186567228788004,3.1569083863655756,3.379044771373497,3.2300479704546206,3.135879562427842,2.96177072282142,3.593852406518689,3.328447150792833
3.8707577758555747,3.5137235959302817,3.207045965209213,2.5514988479593708,2.395944744964291,2.495026931054502,2.242903418706609,1.9780173222811843,1.617494947641653,2.1992883121063596,1.6126767675606057,1.333116919163377,1.2860577970795042,1.1657154271798156,1.139675868072521,0.988414548205931,0.7158215877934886,0.8054976931457922,1.034926255702235,0.7663780444058741,0.9854135667957618,0.29793911637746895,0.6708884301492652,0.22721683075924837,0.7307601345273227,0.5635170833015941,0.32000960422350566,0.339218846446224,0.5990400779368237,0.3305209343757891,0.36546045706015384,0.4110429563360256,0.19741122798122213,0.3507996123135406,0.03379330770442124,0.31644547144641955,0.05904165824759744,0.5297163572280343,0.0,0.7398591579781133,0.6963306623484673,0.2965466722192751,0.5529830812668486,0.538275255829511,0.5899292577466291,0.37754930408473086,0.4097667383794974,0.6170116834177559,0.6171324791583377,0.4143693751500841,0.3575692522246854,0.6912331514269869,0.6972572307864215,0.8255318986507394,0.8619012742420793,0.6853304198574914,0.5769646397950599,0.8549657954843131,0.7857048994037488,1.1913062362781286,1.0771992511601258,1.1430124296135116,1.4180294914239617,1.118716305849194,1.4401519447125697,1.3393033699598913,1.523233746710705,1.4217878248715259,1.7054618511170148,1.443374911139383,1.4717153073356943,1.7019390876292029,1.834822196746389,1.6471230264915295,1.911018026613247,1.8530718987697554,1.9481862609808385,2.199198144086127,2.0213608135378696,1.9877506672619472,2.0480026890341296,2.3786566359547816,2.2558223986694497,2.0175449501127662,2.1770741812785577,2.2268539399784135,2.159547804985328,2.5079743521845135,2.7002845754229785,2.2736040740822236,2.697733032512959,2.746373728896513,2.5354447528567388,2.7002958223522935,2.7612170534187594,2.747769641848704,2.927545691214222,2.888709743645796,2.647700609097077,2.7669446965962177
4.947559329225809,4.435860679073885,3.927952737179373,3.460086887770318,2.932875350137225,2.725125397114459,2.264880554142353,2.097800319343639,2.4058962845341885,1.9078831808480619,1.2146795020879342,1.4808443589895433,1.4892127861797153,1.1054700608461197,1.1509482532247688,0.9866908729364443,1.3537656451779654,0.7867386908271765,1.0148642224225242,0.8600697720195303,0.8081688186644804,0.6594978733792392,0.2760971671532051,0.7693046010386482,0.6053352183722556,0.2013761614427132,0.6112932993314644,0.524851700986579,0.4283054823801997,0.37246896099821747,0.207902132739882,0.5817620440658313,0.7015427741577156,0.12741293812072385,0.27787740788573956,0.0,0.4286750482903514,0.39816367767873295,0.26406987572156027,0.3915511538098837,0.23870829838775975,0.3616236643393709,0.10462336175769771,0.07284609841657996,0.9208808749991313,0.27955953292945956,0.22005317995736284,0.4055525773134008,0.5410519562511347,0.4539706420395415,0.10618350766758056,0.2504615982400491,0.25325711807579054,0.5166895618784597,0.7147272437529804,0.7329080506550145,0.6086548701947816,0.8050440160825989,0.9122977764573523,0.8512222676447152,0.8713217523563461,1.2058086029845523,0.5567421579994534,1.292248305841392,0.9441694742586897,1.5031154248892058,1.3079016507152534,1.3266342787675782,1.497327246584204,1.0672516358313224,1.6866460751068004,1.5405625868569537,1.4397232936168454,1.709427167412418,1.4796007850717228,1.5083296083550781,1.853363893762312,1.9896567129820806,2.009305540813619,1.5593223885250964,1.8573557313118574,1.8950903280310971,2.0929740221868354,2.0382439314155345,1.9820682358055226,1.9264579425987431,2.3430922219608785,2.1032391924849723,2.136992842504265,2.173995958249682,2.0906369042519426,2.147108508751968,2.319075440158622,2.6366042546270396,2.6536728496222697,2.4208020174304234,2.4515928446618265,2.6300530370330595,2.83822633958904,2.800285172643262
1.9445508606442665,2.082286291669803,1.754158260884159,1.7951352387831587,1.425016398301473,1.3347827807992392,1.2642564076132192,1.1910355285875074,0.9960513974605565,1.2072365831034197,0.9749286190769499,0.8555239444926794,0.8420226199057126,0.7811190426309143,0.5749589023180306,0.5842791794261011,0.9241830126452371,0.46336515709355375,0.5186495106456768,0.23011242541358,0.4814214644529855,0.368305470857079,0.44710249401076574,0.17286002958677216,0.471796019017674,0.4425465803859172,0.0,0.30845625075558836,0.6731980923468175,1.023101668080189,0.4084699131655718,0.3646615608235848,0.5486298348539744,0.36184941703533013,0.20367143140259003,0.2451107881430783,0.6087290931768852,0.39663715518472387,0.8231018928795226,0.5298193352339329,0.07470212150540867,0.4911608686705762,0.550141291164703,0.9347763899031669,0.43252246671862515,0.6852721105146831,0.8597869888733953,1.071317696056303,0.5815092244644049,0.9110296263238293,0.6971082015116057,0.979582003722026,1.286350604784575,1.1722216160994972,0.8188272270169659,0.8750125387036736,1.0750120044808718,1.3754024157791136,1.0535138948477751,1.5588610341932227,1.5703786296249476,1.6137814863296658,1.2460048529607217,1.6002583632378364,1.7244907337602502,1.8106754935523544,1.8116487722527737,1.6991766334676583,1.7919145243388837,1.7173582252099902,1.87344523170351,1.678611815882915,2.259546933055754,1.8552206307629078,1.7761881343422186,1.8440148741709272,2.3592480390920443,2.003992642344693,2.2112202671989323,2.471324143601299,2.157262301864474,2.3077385733515143,2.334185947825974,2.4214742845112696,2.5601246124778925,2.282251789472747,2.3763818332461497,2.773814897335802,2.697602849755766,2.5905280449037136,2.6289194835443706,3.1676360287035603,2.9292888748001875,2.495161421200759,2.816174709797549,3.017896645033277,2.9066793076103696,2.825812587764803,2.853680430230968,2.846498863724017
1.635614088732865,1.493899623887998,1.370500863701956,1.3592795743613202,1.2638752988144581,0.6810568544533098,1.1420655620376188,0.8008712831353861,0.7898620727038939,0.5025501927212979,0.634161179932935,0.7023104204319885,0.5618608027778969,0.38484565114701397,0.33331322880771097,0.3257731068472651,0.1781023133360229,0.385742058456529,0.16961078620786907,0.2334410127981421,0.17289287652047491,0.3124983463253308,0.2922780731164849,0.2282923362717426,0.03146084647493197,0.15443518632440245,0.12621686214615835,0.2749128683811932,0.1782038112039359,0.27021171279523415,0.5918781391542218,0.0,0.4342429249985642,0.5524387070741312,0.45060572657390807,0.4182705428981528,0.24301870754961996,0.601478060226917,0.5321853558357397,0.7740379980075822,0.4233744520623013,0.40473703777114167,0.4896261430968494,0.9926544176061434,0.5457237070268768,1.149765904994819,0.7018777884770451,0.710862213289218,1.2527219260062488,0.589846292119578,1.427803092025833,1.0415863843096531,1.2845314251294866,1.055118306045415,1.281691751569614,1.4494263140463133,1.1958767975984657,1.4556926005906945,1.561085362786919,1.590216351026644,1.8984260019179118,1.7204736159120877,1.6988206757534314,1.8629221477244116,1.6532155170336296,2.030329618150912,2.1675789716928193,1.760312278134002,2.3885268960962875,2.334841160599087,2.18604159929016,2.210036067700255,2.262298788915661,2.2804316195838013,2.133916784004299,2.2921395414823245,2.488539441813149,2.7281525846360637,2.4616868958510594,2.411642202502936,2.3528060387821306,2.8657881583952047,2.9944297279343353,2.7616001053197117,2.8674416143938046,2.9911492082039004,2.9475329234319787,3.6168152446717343,2.9274150704863438,2.92823724833487,2.7292047372931023,2.9718544720633346,3.293843360719908,3.004590711376064,3.2854433843523054,3.10600628638257,3.276897011699255,3.438936904490639,3.2144297498563468,3.50866464813571
1.6882397962752087,1.5635662944958106,2.273834538874546,1.5922910041410407,1.6991145452671415,1.2232637275757856,1.370755165423125,1.1239853781479763,1.1978822305622376,1.070811582243019,0.9179929976615409,0.5082219868083175,0.4597074336839242,0.9576417484320832,0.48558447786762926,0.7336884753969937,0.4578582447307742,0.4671127263905728,0.6292564253602908,1.0805697117506359,0.7091327111666619,0.23317806710759825,0.30766050997694094,0.6532702768129806,0.7200630520754885,0.0,0.426680123246193,0.21476650036573908,0.4350178020354427,0.37756814779977255,0.1491816794921288,0.167637330600515,0.3691387276188056,0.42631487281574465,0.35082477022113423,0.6827588842856471,0.6803949093325059,0.8248222720055747,0.7310626792575707,0.4700370430105867,0.6039222601186545,0.4641606134993381,0.6991805723327733,0.5152432772015558,0.752780018468842,0.8641941574157261,0.9829938982239597,0.5870462935879228,1.108927311774087,1.0063899235911453,1.1059257023881326,0.9427458765389929,1.0421302302435347,0.895205364831881,0.78756401952446,1.196537900427689,1.112672573719836,1.2751398230391384,1.2157256671354002,1.6010160316636277,1.3310171797223376,1.2849718329333921,1.6581531529391214,1.8161882024587808,2.00000395331422,1.0576429973983874,1.676447267260139,1.7472386419703483,1.8833534928874656,2.047541909469686,1.92984244262386,2.0148178178208163,1.9827549140417453,2.1927158588328375,2.208881235629505,2.7178353260363366,2.208232110265776,2.6553601952320633,2.3865042042948765,2.7118346284617516,2.1761312524614596,2.6516386359783475,2.523893987812375,2.4508189827693663,2.5471766874530353,2.5947213208570084,2.258116772073283,2.75475569813009,2.5054181280200396,2.9358623185949035,2.967252509332212,2.510724765623067,2.8950385920500388,2.7431361250493147,2.9805050200688754,2.8604537714735656,2.9384469683777326,2.675492708438558,3.23637915355825,3.0641239009002206
2.0216776605112052,1.4279745133616295,1.6325875258883578,1.1581149495912797,1.1061161849643746,1.3392398192580508,0.9113829459160101,0.46352024319438634,0.8810874091706893,0.5427367331985149,0.862682538965764,0.3102751592877855,0.4533388091219859,0.12289911808508691,0.6330823441583604,0.507965353402172,0.0,0.37677774535736575,0.6938462386104511,0.2781173748159098,0.22394700125697575,0.16073450145594492,0.39943215217297734,0.31591786708697,0.08904505516480654,0.43586188905484846,0.08309863704900167,0.46511849987085085,0.554498596349875,0.4488238772180484,0.3617071200913333,0.292672343923158,0.3254156363841165,0.5600563843146826,0.06766647881639187,0.3029979419362743,0.3830186754463689,0.2829984131302137,0.8578197276802442,0.33843053836128867,0.5497533993951116,0.3048033443538394,0.6977474896330733,0.5771778843465647,0.6189185377337338,0.642191442766908,0.4801070731654846,0.8929002459185789,0.653822027168161,0.6437437961470991,0.954115972708756,0.9385286328000859,0.91151268127091,0.8993894141399146,0.7183897438421631,1.1533806332951144,0.956140388919863,1.0821240319888794,1.0394842250641005,1.150412503371772,1.5755514888160462,1.5036163658581145,1.7329006944273146,1.3444489434916456,1.375757670900068,1.3819149251267575,1.3855248734115904,1.693324238851016,1.8483159164131493,1.955908989577967,1.8621297812388242,1.8999804247869037,2.389123738734117,1.979579510019029,2.225817687263394,1.8511352154290286,2.1559082582909745,2.0791911715455598,2.495116329229571,1.9254856170806676,2.3657543255274653,2.072261320284152,2.1814867425841946,2.5410737330717694,2.469227804279811,2.531099626620385,2.592286888225413,2.4974055024778004,2.9411684281015376,2.4736066461116906,2.4371051697512662,2.518163266212035,3.072194756241611,2.6889402690037087,2.546071236340964,2.4626900449157496,2.521373939572406,2.6562992499462155,2.6659355165815803,2.917866857685283
1.1286241626233249,1.2413320270254573,0.8637283547024914,0.858099888807466,0.8025205791276839,0.588952006683499,0.627479208568726,0.7466889137008614,0.4624132712747553,0.7701028725767962,0.8173465382629921,0.6732929965065217,0.46108347513207804,0.5415276556961324,0.4220384530089305,0.47986739583721416,0.5154583851297865,0.45288580453524574,0.5130621750866524,0.6580864943481792,0.11263280029111655,0.5556207036380911,0.32369070764194774,0.5746897657934724,0.22995790417177275,0.597922642978105,0.0,0.34567256479483177,0.44233315999019496,0.5240416243231252,0.6348184395120349,0.7127625702805709,0.8048961051344072,0.42857018634767385,0.5405580975558486,0.5540915453105413,0.6835743566646073,0.7960751192513484,1.2419684247793938,0.8349809517063456,0.8287180240126588,0.7814036238267015,0.8966638757531022,1.169471725517628,0.8194949373943565,1.1620691041797677,1.1653664685161829,1.1658312730143763,1.1353421423452197,0.9392170636515011,1.207968708596308,1.382249300715003,1.1294767867338642,1.2422698664975265,1.586241237150876,1.3867490397834743,1.499280180588439,1.6301628683449323,1.4933927250388415,1.2343299674149364,1.8283841549466544,2.0749890972524305,2.1990107776211225,2.28856059419979,2.32064503606642,2.022508698049986,2.036890475300993,2.09869304338131,2.168707102262516,2.145864420233771,2.1209456697348585,2.2201320986388957,2.5385707716174046,2.265528277405508,2.650727399212709,2.725804865301619,2.3725556393135534,2.7314921854437415,2.643706341496305,2.428872677866245,3.1854409467403713,2.540992513452423,2.9118551427870862,2.8866506792296747,2.764471800000827,3.0010069984628096,2.9342296670666492,2.9608459619191727,3.0233770736511865,3.1797809605154583,3.056176954738067,3.1555751892756803,2.938654820405823,2.826604167925339,3.0934778731360026,3.453756477774892,3.1837730370577013,3.6512983124820764,3.48204556583088,3.110242726591526
5.558678463536632,4.383101162037038,3.946748037081635,3.5398676211586615,3.1004709855035504,2.805148821027119,2.4243292697990206,2.496614904762305,2.457867714496871,1.9562037205622875,1.7577825568515095,1.8216958623284203,1.7980643386154878,1.6388140147836712,1.1850449257538838,1.2179448813501903,1.3058770281722012,1.2065764953670026,0.7394594599950466,0.8441053711162798,0.8680192001126752,0.500056431455441,0.5835444192794572,0.538157764957198,0.3373937978850261,0.8043236340946738,0.26141152563758396,0.6371114937886553,0.6758087809338367,0.6589022418181827,0.5008413002269236,0.3156879081675239,0.36734692013781256,0.1994924070409585,0.0,0.34600415525350847,0.16826172908917236,0.28410831939680037,0.2269763544011827,0.28648261496178407,0.2602876034686865,0.20080387663355204,0.5197050359114765,0.7212714836091045,0.4869779735695463,0.6928341025905453,0.8101215997519517,0.8335274620402835,0.8184020835321473,0.7555751488874218,0.841417061677566,0.9365221455970882,0.9410147756720999,0.9206332356209987,1.011100538203145,1.1438788866782215,0.7543975936832048,0.8780409882353215,1.3430431979067148,1.0619120169168088,0.6781340057702661,1.2462492423112295,1.2788790499610823,1.6306984578424153,1.4968171230330327,1.2281368289591494,1.653209797322754,1.8962076552741518,1.5563434715609272,1.727711401988552,1.7284814097806862,2.2273917319737073,1.6471713019152059,2.0130995144881076,1.9004786980669426,2.2455424200165996,2.1488984648126603,2.2711447800855336,2.5326264785073,2.2424364366456704,1.965898468586305,2.975328129676063,2.3791290246648664,2.485296760920505,2.4612222857253307,2.650098095365637,2.6008155280912266,2.5513863021638183,2.384118035600478,2.726138965326564,2.685178068682065,3.0484167960103417,2.863228964928803,3.048712115897475,2.8051971859703233,2.8225092616411853,2.9307808114159126,3.0306815855494005,2.819874732315336,3.1859462204664712
3.3158563152212803,2.7347828996704155,3.1199498725940185,2.4253048674447477,2.0507008645885847,2.1702412418331747,1.602320363584246,1.9046448372179672,1.7214861178831313,1.680066289161811,1.0864111022878404,1.2722420227853117,1.2396052708565666,0.8218745146909932,0.8426879137445642,0.8277660348035205,1.181756855478076,0.6590220077718687,0.7867856381520522,0.6539564767517518,0.6170999166118332,0.12906021996487027,0.2478803397677769,0.18321747880086825,0.21093537677335128,0.687526498751506,0.4052562684743428,0.4214939833712812,0.1924255266797914,0.1625052101809743,0.1722755124048394,0.29627831993136944,0.0,0.282386976111928,0.721123075828686,0.39955622720005657,0.4178412893853398,0.5348133914942252,0.23572828705913196,0.26654061010283137,0.14858368862867266,0.376050372796648,0.41439270942599116,0.4646432515980834,0.4518778131175534,0.6322685903570218,0.6973576103898065,0.7598966593275893,0.5285544478540718,0.7419644011118738,0.6221221038649549,0.3854452156857686,0.6979024014342041,1.1681178154658518,0.8694038193715183,1.2234105907568082,1.1735198041584294,0.7931967888245417,0.9616551660100487,1.2684504904508067,1.1883370012623438,1.1435209938396884,1.5725158236544754,1.4014698505707095,1.454617868729569,1.6029140034575562,1.7227371283879567,1.457296626383691,1.8300379362919,1.5098184128369265,1.898762848729314,2.129154376402571,2.2156798444297294,1.9534894162433414,1.712314198769258,2.072557666553138,2.3932457409981893,2.2172290960521757,2.5172811712944654,2.2425312885270667,2.489621566233204,2.570557390609004,2.646055373240781,2.464539049165463,2.723286547831,2.814251463991644,2.53873820381477,2.6386323107300953,2.4675002123238716,3.013096462927118,2.7541717842525646,2.7899081851250163,2.936316052786827,3.0954910776685853,2.7780488542508603,2.5557845314380927,3.1725639343997987,3.0808983230224367,3.1444329257186308,3.2648833896568927
5.118559785184919,4.643580022843304,4.318286309811631,3.753631447209761,3.2843866881523542,2.92614478356076,2.5476555246745516,2.4456962531610014,1.8779840856425594,1.9216145442901897,1.7390827117814176,1.4303565199754207,1.5105967190416543,1.4365034293276864,1.3460742423413006,1.0773418548863418,0.9557186982089494,0.9814782317327264,0.8685809153347037,0.5190687697910565,0.9611889748672038,0.6002081972915665,0.5740428513202129,0.5258095883022751,0.5585286582249029,0.5530597444311312,0.4988508058974457,0.0,0.24196039117588342,0.17777519424257449,0.44909796614279607,0.3099722618234537,0.37224904903468925,0.2895253898336012,0.38360113446342403,0.08155962462174493,0.47214118151505957,0.2607616763887606,0.3559759475297284,0.47743538235019756,0.36698554759039226,0.1149163018942545,0.7374783786897172,0.6465648836858353,0.5862158497396646,0.08626223980085079,0.7405811360240726,0.5678412315086767,0.2932607353084702,0.21365375635287087,0.5840723035542421,0.6609585556050437,0.7781568826973295,0.8345384828298119,0.9668538209689572,0.6472332664253209,0.6196278749412247,0.5433966612869074,0.8468042107582754,0.8881595506982798,1.0052103579440779,1.2069781517422289,0.9787464319998076,1.1086719390954372,1.145216458562297,1.5207702940187477,1.1101152326040573,1.101264423041421,1.4235154533438283,1.7683096502925224,1.4169937235594272,1.5033430888377524,1.162287177776804,1.7419657721596504,1.9499095857674185,1.404302471214871,2.00907051905987,2.1754506516120973,1.8656962672911845,1.937769658921077,2.055024398336183,1.6909602804224786,1.9488274617035781,2.007355469852534,1.991714329642475,2.143151874891016,2.471696690112326,2.40944095516541,2.2937551052598035,2.5215781604918934,2.3519009570935,2.517040404337708,2.1921575696667457,2.6938606542918837,2.280806115679754,2.44196826041126,2.3232234229572786,2.348165334551849,2.552668521825195,2.653347235588944
2.5657090833234264,2.231560088305031,2.3633227284369624,2.039524411859098,1.4895094407222391,1.309991118495983,1.3788891125217635,1.3229067826975118,1.3256643981748901,1.282505507718012,1.4489945021495831,0.7840863984331676,0.9190639955180391,0.6506359034628169,0.9331018137865286,0.5675704555597516,0.5745819530026495,0.6762046458657842,0.7200810311778483,1.0111214515912952,0.5440112917952966,0.49471532039884103,0.5684026865025817,0.2910266494929097,0.764900989844417,0.18113021407481256,0.2706049520428522,0.059019748729916444,0.5856717218618606,0.10613333119681023,0.6132580422218243,0.15510792139971663,0.0,0.2823602064608597,0.6712882706181702,1.0245548801254074,0.49315614593535706,0.7312819168499924,0.4757876152390743,0.7883371835790207,0.8986428881294266,0.8917098643863657,0.7948967291525584,0.727242679011745,0.6966414574340867,0.7343278042682826,0.8770815530576694,0.749149457958012,0.7457656886950907,0.7165646936676797,0.9152823598919593,0.524911891844777,1.453750984562392,1.3098491845884759,1.16660835863118,1.602618449799598,1.2654861318904143,1.4241396997407811,1.4086596335951747,2.1341323435538673,1.2375937336669,1.727629158920415,2.142495032055457,1.7643707135612061,2.20531975330376,1.5623941453368637,1.6596233760773131,2.220918308447331,1.9430566223761172,2.129215752138407,2.0606882695477484,2.081056506716182,2.2451780647550272,2.244765187534817,2.56191079699207,2.4827411795254974,2.7746470760139985,2.633878097619224,2.8877426235783545,2.077736363051928,2.7033123981140896,2.6572471339845194,2.5074798315007385,2.9307110854068696,2.959516522837557,2.9699994159960674,3.1783252024341486,3.1123148687001,3.085032705810619,3.0703180905277243,2.710288950639711,3.3882393305952903,3.4800335136568457,2.745751555491868,3.134302528910247,3.208434709158425,3.243138281245482,3.081467917574507,3.1163013408004367,3.4386002676405596
2.3110283635826754,1.305247970026297,1.4112519667725767,1.2505364643956174,1.4635242452525468,1.0773091352351774,1.1834044694392176,1.2635222326400157,1.061548548735317,1.1715636733347754,0.8191198453873838,0.6124863992377261,0.611791963247823,0.7298729243650186,0.512854472894622,0.4904301235314783,0.11228077596349806,0.23060704242881336,0.33144002138394413,0.35382409446407515,0.5973185984254705,0.9453121872094652,0.7379569704067865,0.19239920015378686,0.6609586689910767,0.5982023814226416,0.17833167819110685,0.3808198948184227,0.0,0.31463108283022123,0.10470962209996415,0.18018752031272633,0.12922230133472468,0.5077856872093385,0.4913643158574743,0.4990762521996359,0.5483985746294753,1.0616281386686914,0.5576916866628068,0.42812434781857256,0.5769585634892458,0.3782925115373388,0.3687274323760601,0.2380897286859156,0.32605229755059995,0.7370652163859877,1.071471620843468,0.2878597657066333,0.39695210609355414,0.6585438325603743,0.806707598509071,0.7878119454547985,0.5171737410900228,0.8188631642299296,0.7293882977035935,0.9172272550616505,0.9209739010997282,0.8062994214247681,1.3550136284593641,1.0393026034318247,1.434824421907452,1.5065769193729182,0.7762460301667335,1.039893770624568,1.2784947542676015,1.0109479097173875,1.270441657293576,1.27045611954013,1.3050878650511368,1.4434235847653571,1.654745363881542,1.744296272051578,1.6829368544863428,1.849343144001299,1.9571173135094817,1.7751615018510378,1.7053431038738118,2.1077841949861345,2.0140918183552046,2.0394371750507148,2.3259212024945057,2.0365189141128184,1.8179379636520707,2.241407525938314,1.9531617744880272,2.210372857863252,2.3661591747008828,2.2869998313211717,2.13450861734567,2.062342511640196,2.386829306345007,2.439372718280552,2.7291711276011625,2.6412380197809426,2.473312261269026,2.597724296185479,2.3547784191941155,2.524592099866233,2.6591988741703183,2.7350964064787426
4.075036880947552,4.117740771200326,3.2273865407490145,3.2129880949121077,2.90462937795464,2.6014989094101058,2.6272030118889713,2.2436962063131336,2.326464496194051,1.713435567232489,2.008109265488164,1.470210290847147,1.5109340922809213,1.7613484760256721,1.150389004772416,1.3679241708779752,1.2120310399519116,0.7235306012290561,0.854143854510907,1.0771931526059255,0.8915009357864978,0.6089949631670653,0.35661112776092985,0.6917075409611471,0.3757294585179842,0.6270555569678287,0.5194442939840691,0.3692117370048553,0.7392327827936711,0.17766954879353847,0.49061855006638133,0.668772385156279,0.5609171451508335,0.32443129985752606,0.3424203747020158,0.27057994272886354,0.30534004493997813,0.30780835725916056,0.3185939380974272,0.0,0.009346288850609952,0.48825781505745525,0.6809611821970538,0.34093755127932823,0.6769985295448695,0.9075841150535489,0.773151585854631,1.0873532873891403,0.34833245399716617,0.3988358853232299,0.8720102261100084,0.9284964908356628,0.40506169960081273,0.8887626454553246,0.8838475662557261,1.3115782394441542,0.9605128178465208,0.5574785521983632,0.7803915756144111,1.2401793828239551,0.9616705261210097,1.2067407091988596,1.559944133781455,0.9048093065909697,1.2299409797032883,1.250619929803916,0.9399737928110383,1.4553049551920676,1.3067291558103395,1.8275654464215432,1.5036525284351594,1.759952365598279,1.6623376187238197,1.5826476780599368,1.8593902013042918,1.9702695389747422,1.5943909961374434,1.645144082404217,1.965056858126923,1.981860342191899,1.8886977164407224,2.1222108448976993,2.391700265197576,1.9625391648137995,1.9500448220575084,2.5070725708648727,2.194099323033731,2.4167883841328344,2.5090258802409604,2.2517822512769836,2.7091932321041927,2.795551793247549,2.5259028755146407,2.6249295315169743,2.622297865533346,2.8376666311307144,3.1894867285477613,3.1148547596350245,2.931822600791067,2.8817154035577612
3.487622734424157,3.339061294769298,2.85397257203266,2.428864854016373,2.4439839390984037,2.0772157814809837,2.277191454810641,1.632458086621785,1.651704268890997,1.3248300357045988,1.273223970410239,0.9831440344697029,0.8880181604811952,1.137404876541659,1.2611302617679367,0.9538721647129815,0.8688485874477632,0.44451862458112146,0.2438414094879029,0.12118729382703464,0.28477123591645537,0.3477843705837902,0.47417648976841775,0.1556814324591631,0.4501790946581785,0.0593072961336798,0.26841922803441065,0.06908533868108968,0.398586324162169,0.4686064399895713,0.17322718437781326,0.06816744399176855,0.4030844534041549,0.07847624179889046,0.11787752946485242,0.07557732712072962,0.5098469669045205,0.09627041237499512,0.0,0.1233607607479108,0.03318021502723667,0.019280702113634973,0.5119717244216613,0.014241818960874397,0.39980003073047676,0.44362032217932423,0.41669637379565216,0.553552486289588,0.22586509020753098,0.18844110982238327,0.33839475946926356,0.2178903943334447,0.9279518095206338,0.22604735382678065,0.23495587958266384,0.5447426736181153,0.4913386723473536,0.8061165916756945,0.7904360809996209,0.9288196569378986,0.5187777125152611,0.5920671016990688,0.6391497393780323,0.7562377903108128,0.8495132198659547,1.1184542365999572,0.5493758326485505,1.1447839870822385,1.0720484782338264,1.4344406478212548,0.7849033253760496,1.1681884954265964,1.3744407966277539,1.5005015667881771,1.3466097773038719,1.4109284177490622,1.7284461194028413,1.5414748291692977,1.8268662690500541,1.9483744989166336,1.7985548731874719,1.630555149966888,1.3985685795312328,1.7878809733778045,1.8747063100810735,2.066264402207622,2.1028891058578996,2.0179018742819537,2.0059086483372326,2.072689033630372,2.362117630701526,2.3774519145382182,2.420802486663936,2.440591486740855,2.4758655701060146,2.159197161927299,2.523404641672359,2.4232479590334197,2.533840598388542,2.8085821246078346
2.302907518236223,2.1239007166202715,2.0222282876179545,1.588366251960215,1.6289101038169687,1.5660792752600763,1.3346166319035202,1.2976053852446405,1.3255769474877646,1.0950978777304812,0.8876896002705887,0.7854042404797266,0.8210942376827717,0.8209940135365361,0.5525019237280357,0.7056300017107571,0.3927585547290313,0.8956386020671729,0.7685173672544643,0.4886254908136518,0.4018012337216543,0.4475366489271515,0.4622666023679134,0.3827628168788966,0.27733665085815495,0.5504107271830829,0.5723765438649373,0.022117810417471517,0.39888349886202157,0.30626292679556144,0.7249604950178465,0.0,0.8644783938121847,0.9153074745924759,0.4890386224740837,0.5351412664388082,0.8441078877626182,0.5184647637052979,0.7244527269999264,0.9928490034359481,0.8793921084707961,0.9231661645183475,0.6108624824506581,0.9773695706456333,1.2614191749288448,1.0780005218627409,0.9726541506962398,1.2541312414986496,0.9053351899493975,1.0098059809875224,1.326665605982834,1.296122466967633,1.223213656292815,1.4226473084758187,1.3855516459321855,1.1828688032088603,1.2474615604147257,1.8076496793345065,1.5058116972273687,1.4126506262126757,1.6417845763400312,1.7391029275407064,1.6241722609140758,1.7162104398958888,1.7192477243119075,1.8476645642845764,1.9287731192053688,2.3517748142021606,2.005822157065447,1.9518938070931053,2.0713174455269385,1.9363979707168735,2.1972928065121646,2.2367372407655512,2.3521776774960816,2.438944350953209,2.317308976131093,2.586108411756074,2.1458541910681515,3.0029932790508074,2.7945483085709046,2.5761604688752637,2.4074789625584305,2.5280792742521587,3.038056144851952,2.849856954436289,2.928524374342116,2.6753342169133116,2.7546462790731194,2.8492433712089937,2.809931651769711,3.030743625136518,3.254105374051436,2.8879283580893453,2.954323643001681,3.048466809056718,3.1518808518650143,3.3392597794241734,3.2770035402637117,3.2345127302215086
0.9901253345829701,1.5348633585905453,0.4973236872972677,0.8390261310478433,0.7129351510090576,0.6599862456667065,0.3619138523010026,0.950078073784681,0.3217969605347495,0.609188644151244,0.5200751847384684,0.6684662565351527,0.8018054281954878,0.5411184228155062,0.4814169644190027,0.0,0.7835454962819881,0.41343835499710835,0.45590405092293373,0.6415568596869008,0.5538405407877445,0.19078141136002635,0.5160333282009386,0.2925245984663736,0.3125921064675392,0.7061327999739291,0.6965169492796939,0.5232449845710718,0.08133531326077836,0.5248274735447858,0.7308209710624372,0.43317807397147057,0.5959306289014279,1.2910034845926965,0.2854910333059575,0.5425974177861033,0.8645863930462845,0.6557489867220667,0.9811078145408736,0.9357232909499906,0.7787367471706332,1.0982592971465692,1.0955343482050885,1.272558837192534,1.3191875845092937,1.3045260959494733,1.247785121239918,1.0404932868517989,1.1610824052222952,1.2437730207728386,1.2232303646720588,1.6659402571118207,1.546526916034768,1.994548650125612,1.7141681635631798,1.7242213189469098,1.4937412701962742,1.680306738063738,1.545155878718628,1.4019065730799802,2.3610440975683282,1.9039552993004065,2.0698513681129818,1.7155903703854491,2.0672637940660152,2.2348150124799453,2.0766174541806173,2.5741359736555793,2.5512524428110623,2.2791097239210565,2.286133225691678,2.028591116105055,2.507049365978869,2.473152948547529,2.7026626159716045,2.3414153755605334,2.568490939313886,2.6463831467481285,2.6424377236064593,2.7939579542219697,2.765290721178399,2.852364055685765,2.8037045995542975,2.8737824688168097,2.913775798441929,2.8813219764668503,3.0258703226924766,2.897186890712625,2.963430890918282,2.950399984937519,3.0818680322191057,3.347121823291591,2.930250310076044,3.1657367137107997,2.9879413655200864,3.2895261887483507,2.840338059952426,3.358576314007504,3.2785530186246348,3.0872956449772424
2.32979617416275,2.473499497565305,2.138613282657797,2.1144920676608177,1.5171828917842571,1.6582161452687494,1.4680787714127472,0.9815740294461559,1.3885646434454575,0.9676070245223354,1.2640650965892206,1.1755684553826669,0.5887812670938022,0.6822219421511271,0.841746338955847,1.0052784123639196,0.5416677727082053,0.6562692418570961,0.4658932108285754,0.8673911706321551,0.8403289742494984,0.4142824747983411,0.391786843763791,0.740913101243736,0.30919329497934633,0.0,0.38870008683168145,0.39717786304843905,0.12728070794756619,0.34681229928109936,0.5927151869646945,0.4054828973884774,0.2569415734832603,0.43723805629776535,0.24450943975628192,0.48785068579492474,0.4509920554322857,0.8494290939779585,0.06466518443186331,0.46698623435472264,0.4304948429169766,0.17985819093024702,0.36443096422752674,0.7281220135836879,0.602979125673432,0.7922179919514889,0.30078079639767097,0.8037705527667001,0.520421692439065,0.3787071772357198,0.6213235814406488,0.7896860533860384,0.6821435508918601,1.1583443466630943,0.86965813792958,0.8342234876722401,0.5693377852274395,0.7456176181584961,1.061334205794445,0.7041971055986735,1.0744757106903453,0.7607565015910964,1.1668418594421919,1.0579779529541753,1.0903497771548523,1.24624458901509,1.1739410163682038,1.1926283778914115,1.208049544878957,1.146670555039865,1.211489634936143,1.7980557656369758,1.5104366753569298,1.671582531571989,1.6339695582259122,1.7206356221208896,1.3251396589477622,1.792963086283926,1.7948107965943194,1.5633122983177792,1.9080946000988988,1.7684849623678591,1.5581959317145255,2.071725838365335,2.2199857776260643,2.2247636316419612,2.005059997324018,2.5247139613777527,2.4972061698647945,2.4868860418709406,2.4838018393479366,2.460696807165034,2.694961421666621,2.680902065797218,2.9105726893311648,2.7292843605271724,2.7267901797245226,2.8780518044182415,2.575259767620949,2.7098863875875807
2.0268082949156394,1.9506942124331381,1.6506789952438652,1.1634232666751156,1.6325738515264696,1.2711392791669116,1.3935068608426011,1.5362358129555567,0.6826175125243239,0.7141246077065677,0.913036504114018,0.4063267605664489,0.4607758928166099,0.4784495242549358,0.38258600239690566,0.8760838533822852,0.7754569028954048,0.24011296142636596,0.6206272977376042,0.3865399097146369,0.6483707884963525,0.5828174038754597,0.21649407235460671,0.6042576415552112,0.5423384723333537,0.40548180144094736,0.05181230400685166,0.17382306226079614,0.0,0.3372047118686208,0.5695463227442872,0.10482005533912009,0.49453132560367763,0.4047626738236225,0.6210989586873836,0.2555273245341745,0.5338268130802106,0.6112155210036132,0.43291388731515745,0.1980039380444758,0.717155344686514,0.5087435496500117,0.9337599170175501,0.7648110866758842,0.6901767967545833,0.781974040884009,0.9029901547263783,0.9760781018513267,1.05242697531334,1.4061952350592701,1.0672482172298494,1.1510175473936073,0.6876620930284734,1.1866877255240116,1.409326227214251,1.1676898748437505,1.5052465716655021,1.1743545868775822,1.4960133066630021,1.7934205455539534,1.797811927438417,2.100656843085016,2.220409323321924,1.676054194813517,1.6788381540073516,1.7713194352344885,2.233421899918689,2.147792878264724,1.802966691852216,1.7511271216933046,2.3258069925262035,1.9201326104695227,2.2637220418686326,2.7432216039698254,2.2817686818034915,2.6316582564260926,2.483598273920691,2.9992348789939136,2.5015977719259084,2.8656587812720815,2.600188084777173,2.5786331671017315,2.9707959446443617,3.20285539992015,2.8092631251022944,3.188603161835445,3.193434481307719,2.6769844086040138,2.9843610837182872,3.000002226770807,2.953285747352229,2.8914810584841106,3.5660316049546417,3.371208669254681,3.5809070993119683,3.2943254250173837,3.168352752773721,3.058047509425265,3.2935769690767245,3.0487619118002236
2.492339511877514,1.9362681757482534,2.022776861658919,1.4421289358352034,1.7946798463380151,1.4394126942128036,1.423993383689318,1.555114304146505,1.1941816489969064,1.0639600404283147,1.2347417424323837,0.8568438385590103,0.72382844549265,0.7670020632877055,0.6183600959088942,0.40184392610722774,0.701041147050379,0.4599684749922641,0.3399523486981053,0.27616803872809825,0.5956086069930837,0.3194965450110505,0.4005917344444079,0.12490885183427913,0.3565304618000056,0.14944382735860096,0.23965885979393775,0.28696825043082974,0.15675041765462083,0.7789909225303653,0.20437391687499407,0.2294440962345945,0.13249538804959826,0.26530169229697975,0.5689654452505746,0.4847320835755653,0.23245029022443653,0.041146718451926745,0.20415623465157218,0.4475499460985546,0.0,0.49544622357513113,0.44946339787823497,0.39201430172282237,0.49222126809572053,0.46018614775600497,0.1306814397891145,0.836175126565033,0.19152694109788904,0.550764520537415,0.38121781055748905,0.6254158719857745,0.6175918545903443,0.9366706018612376,0.5735765601313272,0.6806403544698814,0.8056697089819416,0.41557786179748923,0.9184419309501877,1.1167012743439013,0.9004552094231322,0.8282281846787054,1.0929010744835441,1.2838294471958367,1.5719187330617999,1.3801579191776518,1.1044128612156072,1.2725910336182764,1.341648544413495,1.2791199021680253,1.3900996529397958,1.2325863019237815,1.7798523669297026,1.4246730151720595,1.5989879714246484,1.89793971845552,1.852189339065239,2.0422710592500124,1.9486471676331991,1.8170823653875523,2.2089603937156816,2.3348510549962924,1.7969448153558343,2.14893217888312,1.859338467905376,2.3401995811664236,1.9804293035395322,2.3298858260037854,2.12216608920604,2.152992680634217,2.237455708243955,2.131361342670264,2.5668259481453433,2.45731984369041,2.5482641495895493,2.713525376760977,2.688153872768371,2.731910697540176,2.5307215619678587,2.644823448167134
1.7838779170711838,1.9120043953666546,1.6038343395612316,1.5434839573669858,1.4299754274195138,0.6612646469079735,0.8977969748323833,1.4405498267283203,0.8668905906180413,0.5923537450468732,1.043593253239818,0.7461536220508957,0.7563499708419741,0.8113953686749582,0.3879833508072803,0.5409445392045651,0.19430052403748554,0.5704328153112463,0.21087765225561483,0.26131627127537627,0.414616568753603,0.4974150927526786,0.1993084813776438,0.7791834915801932,0.4559467549677123,0.08321710146569572,0.5369717855744476,0.0,0.07984930838958348,0.3989106654506589,0.17731908666300988,0.44987562592743124,0.24687810353981554,0.4168075634256798,0.4087298007516402,0.5876327840299531,0.15122565175518154,0.22526863829825494,0.5191048587457683,0.43327861070044627,0.4443728142506753,0.6104996836726873,0.2603275975453503,0.556838950585167,0.5139291294199655,1.1781868691825732,0.803193579098803,0.5085134078753732,0.4649273707559498,0.42837357298147616,0.38551453873673047,0.49009464852031215,0.8155168865618609,1.0527866932936725,0.8295479889170636,0.8983491975319318,0.9737925011338913,1.1943153873200263,0.9540719152066472,1.0906781731732789,1.5918436313651423,0.9355604026571012,1.244954815339506,1.155990193810604,1.15549083131428,1.3267756316950265,1.3491933014144397,1.0554255949260654,1.5908736433587105,1.4973739437612927,1.5629127768818893,1.6052291916912473,1.6433123096790077,1.5545210342632494,1.5581216377001539,1.5033307745516247,1.9208183608079796,1.5297483843174149,2.046722049865661,1.9035894900695052,1.807424693062062,2.0122323924166015,2.0223198870567334,1.7682138364194326,2.001823568028911,2.023742239140553,2.672397198345802,2.344899388781176,2.3206365359705696,2.3991969740547194,2.428223117897895,2.6207346672693106,2.3980778732142944,2.908550720566131,2.4898463761721388,2.6991812473138754,2.494321807090561,2.8391852563722324,2.700075184279287,2.821221520556133
2.2700957028182476,1.7721245214662353,1.8030356549043827,1.6710682270637616,1.6379885037620756,1.118755021639382,0.892247986713679,1.44145256434558,1.0183557821113158,0.8813944770634254,0.8953868183936962,1.1107633051044399,0.5390683147132851,0.7414038139745056,0.8902210440197571,0.6857380981603729,0.37968393061292005,0.42775609395962455,0.516955241422961,0.5916066157922231,0.157714227183952,0.1150498784422993,0.6440099473525454,0.18804413025473465,0.5111877536481675,0.29452544424819393,0.18967758881536056,0.1657048894885893,0.617580968924706,0.5288988786156068,0.2065921017371135,0.6435349559349586,0.532033243922589,0.6394147060514417,0.0,0.4592981780184484,0.4780372698555926,0.43559271388769005,0.4199919042817033,0.40275692042042266,0.20058441638619762,0.77203547792557,0.8684664563389948,0.5834091559681394,0.17010490647661136,0.5266085914765508,0.7666059598728783,0.42900434662231923,0.477146324229647,0.8543467470615287,1.022006792962678,0.6676843011994418,0.5525526741043514,0.6633206678179633,0.9492286697864056,1.0425873226643727,0.7810165216740472,1.1657197332179745,1.0295270692437075,1.2567813455239278,1.3177520928249535,1.3853190182510389,1.4415241517403228,1.6483484768727124,1.6593676922255796,1.4904755702948567,1.4147299532172504,1.6128810689466988,1.6164424104485136,1.3078005643383133,1.3985338046196922,1.938979993832751,1.623734342458615,1.9349562173528394,1.6694236000056364,2.037292033290056,2.088040655411737,1.8532732513769279,2.171916189423426,2.062687180354933,1.9571954725841092,2.1653571433407794,2.4352241450674708,2.044101954535188,2.209518834594613,2.466387286709713,2.5355582237911047,2.4351962406058245,2.73176580790747,2.8145234187024304,2.6807688122293083,2.3578025453660434,2.6805223697827625,2.7534441932048264,2.885346391324214,2.6475202809861482,2.7487913291300092,2.6989922416092202,3.13844296428792,3.268890314714584
2.223722574166878,1.8138789787025758,1.4480439954304352,1.0741505723986577,1.1911309483397226,1.2756934204584631,1.0499591996132764,0.99763503048678,0.7166310013606871,1.0345407573189007,0.6684869573354959,0.752871369938493,0.7029480932612291,0.5983191762061288,0.508221563491297,0.5402535489706111,0.5084219412217124,0.2739844152802551,0.542376809833776,0.5280105631765846,0.32920671822033576,0.3518924420607217,0.3917042007871743,0.28887149301654524,0.043402029873217174,0.40027001920464755,0.29680152465984655,0.4872925158153567,0.25901717108741096,0.2781644702961188,0.0,0.45601221345635423,0.28778687415571724,0.41758657726740367,0.31661259539012043,0.4843409229949174,0.367402563313453,0.6999758684633051,0.30111194865757973,0.3418374030991487,0.518018699572119,0.30189449576142735,0.2916468947507145,0.22861566086921492,0.2109894473159457,0.5298937980772056,0.6408827160048194,0.48776418611530303,0.8639867348047297,0.49382572564909744,0.8090847191460107,0.867124993078594,1.0342556841846466,0.8804466622055607,1.0400681282402857,0.7507156871215539,1.0077232790317225,1.3932354733109271,1.2743558310315422,1.3594602209276943,1.4164524472184041,1.5038011652976238,1.1274074055653642,1.2528958085660094,1.2485867178107313,1.5792993668754036,1.6222987608964488,1.5200321476158258,1.9799371762476028,1.560460300420921,1.8347142539732353,1.4479995138495028,1.906453874722498,2.065622170097786,1.8671178156547157,1.7218852109760192,1.715733252895987,1.8546587911294345,2.0030455016913606,2.219890907340499,2.147654697981654,2.2225372753721544,2.7501969258308883,2.3012043908351068,2.6461346433891997,2.194367042024364,2.352505472256855,2.149707231352753,2.1601017877394533,2.394669253846331,2.4173042476754674,2.4369354420082807,2.4160991685365545,2.7723111414106256,2.715219020702836,2.758404828380428,2.9010058270135346,2.539185573098198,2.707200319710367,2.8963219410336976
1.696312759100291,1.374141167148423,1.2579189954267758,1.4256307394784145,1.2958764463860657,0.8408151402454163,0.5314022237014164,0.8295796760448173,0.6983841321296573,0.6963341340581213,1.068931721426269,1.0464871770083999,0.5864753393665705,0.4109440538429858,0.5166904308460687,0.4837122678869825,0.6941908054612771,0.04182000785315765,0.7357666721271254,0.21629970150273614,0.41167248338815554,0.47958512918900986,0.3066557214562291,0.16007692297562137,0.5938444308407487,0.2483301063205463,0.7753644261001735,0.3056748611420588,0.2208172371287258,0.40547429698602677,0.44776459823785686,0.0,0.5061070065609048,0.4844184847173416,0.531748502043822,0.01707171477704783,0.5463734393335837,0.8734859107863944,0.44440937073486,0.12320501241543802,0.7490605002225337,0.3673900418815599,0.608542272140884,0.5028646889493871,0.3746967020223586,0.49108834940481394,0.4100054151349042,0.4510962983974842,0.8039639918557473,0.6777224829708448,0.9476868304663189,0.49436416719562715,1.0253591133876157,1.1385203614884585,1.0457561442517473,0.7970008473768981,0.9847264516222207,1.058642518934759,1.2710638908130125,1.110928553298601,1.2939109179716866,1.3898416623374619,0.9816202203752731,1.481007306317105,1.1186904012696726,1.8563840451591815,1.7618137488337045,1.7367257367153375,1.7948172929464263,1.6330384319333398,1.5359265838517473,1.4816184504419638,2.0914363045669546,1.906933222271876,2.009121510639636,1.844914881101646,2.0998511793998915,2.3955197038766674,2.189209963598719,2.4582098009083087,2.4952900195321046,2.5765154535520587,2.25580399338455,2.4482725966316146,2.378345889576641,2.3384388962559157,2.585358784654977,2.407305009400469,2.4489301929807628,2.9981752994606286,2.7657001847471037,2.40034382113873,2.701513035353555,2.5613046188339244,2.5596268879565276,2.3983071114458028,2.767680839364333,3.015021671186977,2.701775863405066,2.8518707095091056
0.8422809723363169,0.7673511754002327,0.9118057419728913,0.6401292890746166,0.8612993695390418,0.6050939338914034,0.8504707085486665,0.5885877990438981,0.5302407236065054,0.8194637203308339,0.10071026904573266,0.36343591348051696,0.5764203744722831,0.37484364479992394,0.5986315633347719,0.5595881955107895,0.2700370116047335,0.28202382767791256,0.4855030156824025,0.0,0.49936888030461546,0.5020498726247205,0.30505709102412837,0.23361957440019587,0.5903153553509153,0.3708367559081811,0.4145421210171616,0.5237655925739055,0.4661283691602218,0.4565717760024306,1.0037553416228668,0.6747631688507276,0.6702781255498262,0.45738659010184435,0.9215328157090266,0.76983444664506,1.0125553671881278,0.9878345406168769,0.9613920246401619,1.0632037126333298,0.757293600898322,0.7174221984484195,0.7000296257451399,0.8843808858120337,1.0882531998169789,1.0151898194135551,1.386209577995288,1.5125820293708756,0.9877748178708003,1.2103291908972817,1.4506012606354997,1.5846603245359638,1.523257771365028,1.0753159678235527,1.510830735923987,1.5184899917519754,2.005461684294657,1.413032481371559,2.024425097215188,1.6713690886284631,1.8957799070872472,1.9196016623355057,2.1684881466729653,1.9247452185389076,2.0984734127823987,2.0735807244358035,2.3119955827964915,2.5723966076070894,2.315467482081729,2.5385062829635796,2.6491077501705345,2.3237556440951828,2.31973447204059,2.7966928861856726,2.357889901536659,2.451455436651214,2.769763839075596,2.707871943517322,2.7431155703451395,2.8772777450101206,2.831451614520775,2.903895823222131,2.933157636405978,3.069352504413777,2.934741786809253,3.1341389399963884,2.94864508675194,2.8770942494988407,2.9863727097366937,2.8989109578352643,3.0915982586515742,3.0256145829471333,3.1253008439226644,2.8789558300534086,3.350861580633884,3.204359370839418,2.953229544592597,3.223436751827,3.4529145199523885,3.5689465899708726
1.7462500917682107,1.6783790739640132,1.2135409524728278,1.0470265943807142,1.3863648641800577,1.2479082134534547,0.4782404001792031,0.9023810569109916,0.44761926367903904,0.6856492633604976,0.8816821823421108,0.9305498350815249,0.6696629888054861,0.5421468132425957,0.5333737682649797,0.06191793053053907,0.31754368673585454,0.3764743836806641,0.4027801885645772,0.34269821205669615,0.52235279829865,0.22403269296520456,0.3072679745572344,0.38993514829499354,0.1701067726842158,0.3722240847373115,0.0,0.2575521863996162,0.5418303878513484,0.9243204436491155,0.2596126292538905,0.03135563529939667,0.37131428611756334,0.29028962986213,0.690956445859074,0.3532708393856332,0.5011697513012976,0.7440934836847433,0.3700317539612339,0.8742844700706947,1.1622508291345461,0.8737268389321375,1.1164317875185095,1.1315706078326375,1.1123133321491423,0.9248194840974797,1.0856503259103842,1.18658705200402,1.016427879673488,1.0397031691269554,1.1029500091622904,1.1919130397535014,1.380607894782953,1.2264356810598223,1.2261488243122916,1.560386254846506,1.7832240830478785,1.2219950068068588,1.7130135803581403,1.8362499258155989,1.4079853994332012,1.8638043859147722,1.7733030885649086,2.0687308624981764,1.996355671142453,2.250994222367348,2.2547142862904526,2.285961834123972,2.146956701798059,2.628809126410191,2.2658266919882077,2.526783142460266,2.020349628450006,2.606257738681615,2.5036810502121067,2.7200079863668254,2.8647904882577304,2.5400186448467057,2.7354198841597483,2.584188954011543,2.664035872732091,2.8013124305094106,3.027862270145315,2.7529611611532747,2.825852783234639,2.834297769959891,2.6383513210045724,2.645408158123784,2.925257974958269,2.9445733987660017,3.410467664498748,3.1241759627196064,3.132649819183145,3.0416166290934665,3.260048040355697,3.1719330442363702,3.350102497820499,3.1743456174802827,3.294612015891582,3.046993612389068
0.5542667118046918,0.9179262733166098,0.7792744408565948,0.9161989436994293,0.8076877795520332,0.12789849880646642,0.3945000976545252,0.9702234499538651,0.27739648372971715,0.13646166464516618,0.7731278694237229,0.44286156592145964,0.4115953308227347,0.5753554636879361,0.29496452673629214,0.28830307773318786,0.4358495843950383,0.32812270163609725,0.3147863137266782,0.3280203728860229,0.31621919376849483,0.34319771271854016,0.2554075541141394,0.4755240467523052,0.7753943534842218,0.0,0.1508006481212103,0.20985981885223026,0.14267855255693718,1.0369229944995926,0.7352247720488077,0.5516870029148127,0.032274788030179025,0.4283168042292367,0.4569076511823855,0.7227470757531371,0.58520313507114,0.9257301656806369,0.5120229228674731,1.0159674899342743,0.7141699992900037,0.5780284994168099,0.7658241964905379,0.7413760493838666,0.9111195876424407,0.9449302402609856,0.6628746233513638,0.6120300430892911,1.2381262648999787,1.119298157070146,1.209062201042018,0.7978469639779266,1.2317446252435733,1.6070227290102963,1.4862069427923057,1.1606027647561596,1.7072644669869028,1.671047482725399,1.2246947185788724,1.4175665131712663,1.6550132397079622,1.417416768286694,1.7987818069480763,1.3385899002793984,2.215324745514156,1.8836520699194566,1.9745760967854373,2.216813563962628,2.005138521071407,2.1035371418456013,2.063305258002904,2.220153470636479,2.1830422220280745,2.191892681380576,2.2595499492658817,2.310503626272059,2.0383182186293265,2.3346528218245695,2.553702636926417,2.0915038691801815,2.8352352896524913,2.6345867464492336,2.421645618232624,2.36231844050495,2.5217012173893742,2.697771881452276,2.5891966475578343,2.7008034013442064,2.943865474756329,2.9650768865383768,2.8079093210754635,2.6969365282501556,2.764913070184999,3.5476914897474607,3.0304950966772175,3.0943593108463894,3.1666135900193524,3.0281887787177695,2.9969915927959363,2.9266641444008386
0.1557187093680804,0.0,24.69663124041658,21.821833216852855,20.554879294723534,19.88851261325084,19.47249419465874,19.365953165538528,18.576807551512587,18.319674908182503,18.167365207938644,18.343651885175483,17.783327873751503,18.384594530365348,17.69969150795208,17.263497550366612,17.286587267499314,17.46233152673045,16.976346190693107,16.99026856690432,17.60032076721754,16.989261333658433,17.07941119872118,16.471976540640497,17.57373456047022,16.62312919652223,16.351683958250955,16.291710263397007,16.40306143824507,16.328598462471874,16.3779097696679,16.606281319499818,16.419506388679707,16.52162781341448,16.611886329925813,16.766676316242496,15.839423831490077,16.644084909071395,15.92068987400633,16.482097284377485,16.396001751797233,16.351171317116684,16.19755173965533,16.453241558852536,16.540854959730705,16.45914018577387,16.482610068093994,16.65246142773974,16.426891492239992,16.737806938570476,17.067102147391548,16.510183878126902,16.485937225751456,16.990688976514033,16.717743391129865,16.4979219698048,16.864932661424564,16.64596481451665,17.153459934898653,16.904187363141077,17.24756503102593,16.989826341292325,17.08598116404863,17.24026420528214,17.332396132926885,17.466393503288597,17.16229735288803,17.198221579051044,17.70945223155399,17.3642733309658,17.34834117470103,17.46825200499176,18.106771725081554,17.630778850907255,17.899437740592784,17.71415952229639,17.75433867121929,18.03641319056067,17.978711808386198,18.35438638129306,17.866163898558604,18.054800746857172,18.398240227756638,18.47263484156536,18.29335406465677,18.764005782631617,18.236087615553373,18.230186307293625,18.18670883322611,18.1751236756108,18.442587986950524,18.303525833554225,18.53064579799361,18.49330394956918,18.367958613441488,18.88030975254192,18.46401806914545,18.886655441029866,18.594373738631823,18.8324383184167
3.7356328881539476,3.037197718219737,2.9686419249721503,2.174661423968132,2.351390601885349,2.0554105886614273,2.0207724411904238,1.670370105953804,1.7536005869550841,1.656731051860799,1.293060356428553,1.1984358593482014,1.1104247982633826,1.136140449184424,0.8975927366903598,0.7636464583067504,1.1406074659521988,0.8314555697722597,0.7025442336651793,0.7225067166886312,0.8744396134366905,0.5104174341153129,0.3842947050404515,0.27192557265606254,0.6460228586753551,0.13983987042227142,0.3366106260592119,0.43316656634187645,0.16006804751783932,0.35631103355594895,0.4071302589320922,0.08924188563724478,0.14070203612199705,0.33141542845525507,0.19063705815023013,0.18014847163320802,0.30693569520360775,0.5117611175474401,0.16240102975327808,0.351546954204224,0.041954471169590946,0.20949745423328636,0.35565449126084303,0.0,0.02015851262732049,0.4842641733334041,0.17918771385153143,0.6173278562130804,0.2187368390941593,0.2804070472822211,0.32609670121587975,0.3442464036907218,0.8199949707250571,0.41495807915899974,0.4849386351149718,0.8701081520033824,0.7726252628795827,0.5458907017592605,0.732813120062529,0.8836080880879127,0.8669191112293468,0.9276146843611368,0.8553620206194719,0.7765945713371654,0.9593197080153288,1.2291508808950091,0.858400638720461,1.0270735657445282,1.130406636699707,0.9905879334560943,1.2034311493573568,1.2414424190428939,1.4153524068944225,1.2775868509825532,2.088403871751492,1.394835480799495,1.7685464565795357,1.612745819977805,1.766000338731935,1.8877624346502646,1.6166940307232451,1.7067296778318113,1.8521175079651364,1.6697057662978416,1.7166701505588602,1.9539670972911019,2.131018907488862,1.940794901737739,2.254272257999201,2.3541261053436173,2.317768878308943,2.2731945323779215,2.574200892795261,2.3124149348371184,2.268723612749568,2.1893944323135557,2.6438769844631054,2.4838767003571363,2.6315534572223314,2.4712737404876677
0.8951890307471491,0.4954518119013773,0.5364002803164549,0.5349608469882075,0.4646373300686708,0.423638822021541,0.3908394544349747,0.2305029901251192,0.4389640877081078,0.07226697749876188,0.3563666629056552,0.3222150126336061,0.4347754100187835,0.18796907723054979,0.25569711418340546,0.11518639805755271,0.3033253725456184,0.0,0.26322979312034356,0.30629979721154577,0.8393531188416237,0.2047625020497783,0.3926934820648622,0.3000991537887554,0.4290677623372865,0.03331691506745216,0.25067585832861994,0.6675150633178806,0.0885284941267912,0.3072924220358537,0.36523077106631696,0.2511284264915794,0.33693847062058246,0.34548467050573883,0.728517748938236,0.5863172885964314,0.3470806900049279,0.7187715192719661,0.36034968652512056,0.8769383701645079,0.9369214589850419,0.17683821177476666,0.43563003157768776,0.8211654502363412,0.803530567314299,1.1485717155245876,1.0082655563446057,1.2912551109220498,0.960573465190782,1.265715453864166,1.038558987458691,1.2368468431648996,1.0966879959082103,1.012478602139895,1.2422306629798054,1.4212230868788271,1.4081339455459432,1.1650541608697456,1.6540939505525802,1.5396325048057786,1.0444714891909488,1.7871092454384563,1.589557920974384,1.6702097302178895,1.6830093142022324,2.0581809157469007,1.7445810359319953,2.246045330481463,2.0506150329162924,1.8204280670735375,2.02585584313457,2.3362354571939097,2.3011448081274875,2.0089491954361076,2.4443015240592647,2.6042394249618273,2.2329859830728207,2.498651474948721,2.2345610697690272,2.773349045480101,2.3539731702051494,2.717624907748535,2.1855902284045197,2.487713387511233,2.658474781635894,2.442843088163281,2.480898313498228,2.5529699809798974,2.8073949258272908,2.7524859231729533,3.0530080171844727,2.7692604424558684,2.7475769685742204,2.710448380029737,2.7832487053188135,2.940713900289703,3.1538947288621326,3.211897999947647,2.8966704715893012,3.2146910340252486
1.8927059465553988,1.823243603964606,1.6634044911247763,1.682988337911885,1.5594517520629303,1.4327476191282411,1.2098494611390294,1.0619753248561103,0.7898259419808067,0.8613970767588732,0.70447403511786,0.8073202446483307,1.1807688794660471,0.7503871497100949,0.5425345942601094,0.5976090465832495,0.2526225989385331,0.3770937096684026,0.5439716051648471,0.3964036040869878,0.5233261887163625,0.6525672288843332,0.48631644523302775,0.0,0.29433513511097686,0.5143070093527768,0.43354251090126006,0.8851801348415247,0.5715188267959146,0.6866328323483231,0.6590197600628755,0.3138866023285072,0.7489862594086656,0.654008336338471,0.9728403090231428,0.8411381316393953,0.8018594364615019,0.37687537311364494,0.6187141643921308,0.886928922628444,0.8388975053967052,1.1907576350951459,1.0055459911320472,0.8234116936375493,1.1500265826997005,1.041219106836186,1.2273191098895921,1.1593181657784406,1.2684590734212104,1.528283937239081,1.1976685090203105,1.144352861423286,1.3492973404450463,1.5324079442081313,0.9339155927010285,1.1864744411714323,1.8052973737473632,1.4243536111668913,1.3391077605377681,1.697653069336516,1.7512202749568182,1.3898141249804024,1.569947809354666,1.145594344072272,1.9300430443146386,1.6304617358029123,2.001497839259679,1.7348215016479056,2.187953955028206,2.02848046917447,2.2869484150785535,2.2151687748999827,2.257832467315076,2.3509996183969726,2.4344796948016416,2.4277263144390844,2.241635133750572,2.364618614168151,2.345017372278562,2.2308344765009114,2.3593710250137008,2.950119485665857,2.324929509760093,2.450471780464655,2.8228239908694324,2.5325500241195567,2.703577561704,2.952374481883977,2.872803536660159,2.785282827630075,2.7649435918600336,2.8497981325585204,2.7819527921112908,2.706402172423534,3.1473462706182485,3.02687125126174,2.9768770973053957,2.7050105180918234,3.1778991799901295,3.3449519022503598
1.5578747744858692,1.4570813002552594,1.0395166423596915,1.0495342419886153,1.1036339970750575,0.4926233931867632,0.892323961629188,0.6396128357591362,0.5266575846414749,0.8270655088048215,0.7168291355782035,0.6282397707215974,0.5205980629719953,0.3982328956208754,0.06968043372638633,0.3319768321280705,0.087310590183872,0.3070943765628922,0.5568998924003239,0.3312312625626035,0.46348635689984263,0.10932637981266247,0.0,0.10642924568129253,0.1655925913825449,0.16623189313317788,0.2176171194439913,0.2652796614782371,0.28983309454004846,0.2491307331870214,0.29598870518541,0.4071408989882279,0.5489955807896028,0.7898616819221065,0.9341925749289111,0.6629674260233713,0.30741120683441103,0.7201935908014931,0.7558430984258866,0.3691877956663454,1.1062274958580716,0.8027011342553667,0.8505715360267132,0.845888697158097,1.1018660271264462,0.7296039973987316,1.1662204929208748,1.1562224140630164,1.3826755679243643,1.0326312342125856,0.9402579297337024,1.1569031152080065,1.4105198495483897,1.709987670290884,1.5051052937795895,1.4263601200895728,1.3763035292713504,1.9140535461190264,1.6071623552674268,1.7329587705212397,1.8553138847437367,2.1678369180224113,1.4733758282116405,2.020301797039787,1.8885350386680901,2.217420901570284,2.0969142873988336,2.0838993292172834,2.2379690869911872,2.1311356187362502,2.179797932809537,2.2637285076596907,2.1776454071277964,2.551613440524397,2.299836309642016,2.5292633161617797,2.5108309904755775,2.6975910384241555,2.1716061015237447,2.6344829830871657,2.5415770869665,2.8000644823766,2.460076328472473,2.759152809433731,2.6527325916502225,2.9537472954781894,2.858681466263553,2.9990360041489854,2.8860182691094654,2.872045470313507,3.092299232183896,2.654545600716803,3.1284799545384363,2.822646106053055,2.7589518174578647,2.8019402100498407,3.3439939599367836,3.212841388604934,3.246846594003758,3.2131083110863603
1.6895105995869173,1.5633858434989936,1.1319580892621275,1.1463071678531342,1.535494604971829,1.365161558113316,0.9009739628129516,0.9552807373122185,0.5818312487434429,0.5381835109135569,0.815522498594488,0.6724571332793055,0.5060608181387014,0.5666415961144118,0.1855076614455644,0.5876669291520802,0.32905570472468604,0.3986541177488956,0.6073621107272036,0.7971503791658137,0.4060290481822584,0.5266633586687721,0.3780192491201131,0.696410808792896,0.0,0.6832002303841751,0.2690678089333449,0.4290639952190496,0.7975438316497865,0.47479470285509073,0.6212485531055165,0.5963974972803712,0.15117832870555858,0.8705956136193471,0.6077063093124018,0.5801173513539091,0.77718130274042,1.002008542620123,0.8250982397110054,0.9146072227842037,1.0461941464655684,1.1588505684156427,1.134714013397419,1.1609512437876024,1.0290710084911279,1.1211771087759281,1.4649715955281923,1.407845804353581,0.9108411845028073,1.447526195729699,1.2593475644569274,1.5537254441875508,1.610960948231833,1.505194603494747,1.692838849864751,1.6477994726763185,1.6333427336103625,2.029937313716898,2.4479196572609414,1.8842511165315798,2.0415459964011244,1.7838812192285083,1.6455530602492896,2.516966123581403,2.4390495069953158,2.4515907626385722,1.8741798548582036,2.2088268373787106,2.3162652125994416,2.0173416518823952,2.1578897790313736,2.3769108603056583,2.4072980569602986,2.4440271615555904,2.628327464122302,2.7321857809374652,2.659410474348663,2.8683386925796324,2.608618640600911,2.5803646450753046,2.9228740704739753,3.028066487584523,2.983839327507349,3.1190628485288183,2.856181485726614,3.0497804799053743,2.883042372648509,3.3244803712310738,3.1923921204957946,3.269762129034264,3.3141835709490817,3.1563252697549533,2.944309019399542,2.9727561858403586,3.1250143202019895,3.627576877607554,3.0793166464126376,3.14800396845043,3.424725368786282,3.407764361836106
1.1114976135066588,1.0944734728612353,0.5736079369450415,0.9331242072839583,1.0196396341365759,0.6137935505261929,0.7125852384137001,0.5977070221681302,0.24275698376546018,0.4615879193119028,0.46014298908402473,0.47160805138690876,0.5329333069222564,0.5615731531065151,0.2817552551310101,0.1862685961040338,0.4293816075975645,0.3170043219332932,0.01178940615095847,0.4282758627762693,0.37452110036193,0.02701606324982997,0.3043050504600746,0.20947739054941827,0.47845785856569023,0.48192318858643013,0.2795798070127411,0.0,0.7653446774881978,0.4453100702079702,0.3969118058525023,0.49285810495117666,0.6140453890672966,0.5485199586044569,0.3220132456632747,0.9466305274503473,0.6740858519175443,0.9548871452649177,0.5924885104891704,1.0469916683960623,0.7603848947541003,1.0638539560218447,0.7304175171415572,0.9687729221272399,0.9478522280831818,0.9578288059856064,1.1299415866512668,1.5125204146370663,1.2964711799894175,1.6056510366230619,1.3544354371427065,1.630237642012311,1.7904645880381214,1.5012395554197706,1.9535670989187235,1.7806785633780748,2.058089569502746,1.8614276766772715,1.868749642550334,2.070252704585414,1.9635125750721318,1.9526834549414698,1.8067735032220664,2.1570080651358143,2.2488876224663574,2.3142398628947998,2.037497244109314,2.6089015607997705,2.3672319211394353,2.48139611933685,2.3482400311827742,2.605563959673587,2.721553498787504,2.433344725436749,2.493490569419164,2.4993852651421307,2.830819648607328,2.6142556109538173,2.6958716002076937,2.5581592002748934,3.1988706978744244,2.5493516005833765,3.1213061573172656,2.683062917931288,3.3944354624749042,2.978554539586634,3.5169013258782815,3.1094607389129596,3.0649933095231905,2.9981492243669,2.8846240199797784,3.2637009309404252,3.0870967247851535,3.9540906648351406,3.2010195654865665,3.295387182422191,3.2977724094578935,3.56903842279989,3.307475735819919,3.630962449739995
3.210625327435034,2.304138641339444,2.502806989837639,2.097838188610739,2.394285666803464,1.5513841215207673,1.5919340679446083,1.136658287341092,1.3223299219249576,1.0187577298328154,1.1618063103217615,0.8069811157563453,1.010537154956042,0.9678914419777946,1.099714958737291,0.38532382202230586,0.8805423497290192,0.6672314238349504,0.6515058540996304,0.28498978716291923,0.22652300991475371,0.9275033658420462,0.12226186167374031,0.6795946499226364,0.3236412745596553,0.1579843939757115,0.35373558999190635,0.5039710484502073,0.21221959483521147,0.4429846058697411,0.3659248908725665,0.34827799354518163,0.28794293882406485,0.6669420674178976,0.004607407828324028,0.44650319075865497,0.7794750885375095,0.26361800353515896,0.0,0.38701694835433287,0.5214680842504062,0.5132736010940899,0.009142225781054947,0.4103529855468935,1.0179713172562543,0.7882683302578002,0.9371928886791423,0.7597832859183118,0.9367213710784501,1.1926091208848728,1.0651053582791121,0.5706770095112557,0.7315303744248052,1.3720306032424308,0.9322604120333295,1.0459983722500645,1.250460616713596,1.493677958981376,1.0574446256664576,0.81172254705087,1.490063197689219,1.118698155038219,1.4595616907462237,1.7566285725542041,1.7151994871719616,2.0011318807084866,1.8298973976409627,1.9404229369437385,2.04449757105227,2.4179067076688714,2.1625874669981027,1.992729949705085,2.11860794265162,2.0701208717625637,2.4731168705390356,2.4530439282147842,2.4886807688918733,2.361845959926745,2.2662777405188965,1.9078229069514894,2.4077801559616656,2.809187085211752,3.0162838530753238,2.7562076238869775,2.5856297108596262,2.549333136367059,2.7538101107063166,2.598476004600217,2.5641206375831143,3.1172622830726393,2.9576810094688764,2.7036638312040377,2.7657294473086314,2.777820662417147,3.3308579760723855,2.9913340626541274,3.116280226603129,3.1271695754029896,3.210512997348866,2.8870679630554132
5.470659428865185,4.260003386764049,3.3548054009090453,2.9697041835121087,2.9534014309024084,2.2725489167856185,2.0032108026215933,2.1730879019906535,1.8969820637585801,1.9846756817258946,1.6362264955699057,1.2576744598227005,1.3756462266549025,1.63972658403336,0.8142981878005227,1.213124250035646,1.0415176503267727,1.0345767124424459,0.8442619382606491,0.43843985428368804,0.9390415063809971,0.6173808126178351,0.47892589503877225,0.5109796863208107,0.574890951716343,0.19008772822697573,0.5467014240006343,0.9373962879638444,0.3444460422015716,0.6573670097407618,0.0,0.6061321308962473,0.2421329668414316,0.4386434665080756,0.47984842609580447,0.4922061052375515,0.283100412102284,0.0700162354102396,0.06532686864213488,0.26953199128124794,0.4635358980459987,0.5674095920881914,0.34427382611923285,0.06438044885810079,0.6377514510874214,0.6015305009822356,0.404943423144946,0.649173430799685,0.6372684104577395,0.775778166831449,0.9701978558209863,0.6163192525966625,0.8409749339792914,0.8059445814899906,0.8664260385810589,0.6830913210053957,0.842257163413473,1.1800861685797184,0.9207161967683906,1.0216494044964595,1.4441134091403125,1.2590509132057246,1.6257784404481104,0.997021834344137,1.2921342731036365,1.6570882882476692,1.5659164314722727,1.6613826962886282,1.5539974021446081,1.6747435707789027,1.6674667863385952,1.9781555374159208,2.055311699155231,1.900975243092594,2.235888100192616,2.2559312142771883,1.5374600883032574,1.9799840320733022,1.7847299534953738,2.1239159205207105,2.0305765003526357,2.0990309465267547,2.2854459585182365,2.362217247814849,2.276281934317355,2.2961649834083406,2.6496353005238245,2.933517801523619,2.8560987739962993,2.468810507086042,2.788095680095603,2.8537628070200736,2.6754416805779915,2.6099273839129022,2.9458936420881354,3.1188580404028787,2.6818722701289293,2.7770392787061287,2.906250168340984,3.1172106282976184
1.2117847622736448,0.9626815769145818,0.951303456647473,0.9215153490073469,0.6681088872513357,0.7209272304262822,0.30442267784618693,0.6315150497453939,0.2776381624592066,0.6950423870415765,0.251604227547201,0.43235851428975813,0.05320161230503295,0.3634064451964747,0.16631388568644034,0.33638237521345893,0.23453538729935808,0.42641855970457954,0.06777714982952432,0.5021610823487368,0.4825232351811142,0.33723766442574643,0.11891420453008372,0.10421085611302416,0.24674710148619106,0.045525183144851766,0.22039267302405108,0.35117221970133805,0.0,0.39992479688581106,0.5196919323501419,0.17742905761729055,0.3704839633209378,0.6306869371133548,0.43848748126212733,0.4050318991554551,0.3090471958360297,0.13509741595721536,0.7555126896350632,0.7890178657001687,0.5187659752766169,0.5951099819384247,1.0148128637058917,0.8491270409663194,0.8798231193663213,1.0835150086894743,1.034238908752524,1.0730312830034858,0.7964505976728127,1.1847478399191687,1.5629131993379826,1.5199644199592104,1.0783277742999733,1.5085354468916758,1.357591527694419,1.5057785465876652,1.436195712831486,1.7921141204976205,1.5535341197595738,1.6875746724384388,1.9497670992017415,1.7645868922620895,1.6023717130225545,1.665792737835682,1.7982103935373974,2.085292857087355,2.232883991929958,1.8129723256535488,1.9505766987571977,2.1032714636512235,2.179585981975036,2.4626679595273533,2.2150879677147923,2.6559939465469657,2.520412268857699,2.421502253587425,2.5757870330812995,2.6143384683533863,2.560510624763351,2.5101421505066366,2.9788981947662965,2.874457438054142,2.5922873544676808,2.9553739009802786,3.081063649462367,2.8169958511227744,3.008901805790492,2.8945027095719613,2.66962397143679,3.034608349865083,3.164825230920046,3.1147538151388776,3.242588530849373,3.0202782745302788,2.9395912205699855,3.1571069228005353,3.0653104488400427,2.8004305565811496,3.2825058076901836,3.19928647689766
3.1607484509309245,3.300207565942511,2.6230218852803517,2.2794246361999058,2.3488215428303683,2.131655025239926,1.9409278524187794,1.7566820870601223,1.4481743705579149,1.203991620803576,1.263265738879566,1.068153206896886,1.0016506927842705,1.2416247003727428,1.060821425633895,0.7514686972636575,0.8120796680668061,0.6411385999443464,0.8024634822082142,0.6800384845445855,0.691664319457594,0.43613656570543924,0.5827553600327651,0.7153684790993022,0.6865417725505907,0.6695122524858714,0.40923313732507616,0.1632412842597244,0.5044999830010077,0.08048220770531422,0.6977537613954343,0.3401970921948543,0.34545445412071984,0.5324397860217456,0.5013054944003823,0.346759048201994,0.0,0.06622880504838413,0.19962336903095412,0.627822350215677,0.3012637463878587,0.3527964684605269,0.24735553521809805,0.7619726716380217,0.552300126862713,0.9843835146942386,0.06885266739354634,0.42106201106850705,0.4683121250068112,0.5691607384453494,0.1860799533432207,0.4222424720419724,0.0899147199180117,0.4293926750367465,0.3707814297926717,0.7276696774111144,0.292119094825928,0.8100170477084756,0.9907043168991958,0.8501897989936449,0.575901012247499,0.7739224850816093,0.9496769656439206,0.5957066944172809,0.5905387883917577,0.7933710756004544,1.0002610533080514,1.2766384189395303,1.1487556515306352,0.9074178113146552,1.1142946865626229,1.2970044572916422,0.8719809660599367,1.2651039556125632,1.1457884210003932,1.5219298459044133,0.9102271450750532,1.357120316360465,1.427773855712955,1.6830516116557348,1.731167816657365,1.2582959581281514,1.7672912155056046,1.9222742920484759,1.8279944806293678,1.744657355714338,2.0337490636908253,2.120770182265776,2.1779376372813744,2.085472557854221,2.192493035668175,2.005648098474845,2.070822825800926,1.697892009060027,2.349155840111088,2.349247976373622,2.2810950767354825,2.2378003339212924,2.3938050182846595,2.50760591744994
5.319516137451743,5.019982995515168,3.942414589849072,3.7891902199554117,3.5058346854240945,3.0779069878849477,2.7549328128758717,2.6340294595961957,2.5549476912827167,2.1297520466001174,1.9288056923155104,2.0727814911599722,1.5403703006380347,1.2638139232399688,1.8971261494483578,1.1788105544643983,0.8094392326770183,1.0227172792003962,0.7226688880581591,1.2001786537356232,0.7323797862655894,0.806992968338939,0.3551480081924048,0.5669098981127974,0.6413238997760011,0.17614322386054404,0.4336459870460203,0.3272521921855738,0.2450054944623421,0.0,0.34903795587993436,0.12431465415637177,0.32926658128717357,0.29915134941973953,0.04627682706363423,0.34520949977000015,0.40705968920024915,0.40656174611257967,0.18488075576334317,0.3949389716191831,0.4896386928033074,0.07841347720848191,0.1784153318874271,0.2139681230110817,0.2394812464786984,0.23149670714282067,0.7389497580546376,0.11249948715643754,0.35829511768078603,0.3499049359131341,0.8815948312228343,0.3987906312006366,0.45813059273535117,0.42893178965313083,0.08893324858405016,0.4708787407439168,0.5830760772354786,0.27832434203055456,0.9015708288959026,0.5023597571018286,0.9484738881866086,0.6105136817364389,0.9199599056677563,1.091887743519866,0.9178784216918103,0.9620398742238017,0.9986667416240707,1.3402887413040538,1.3093049404456671,1.3260298959413497,1.369765690992228,1.1252379217732873,1.5002337692208485,1.0929400299438186,1.1029183673357643,1.4032458915482486,1.1698476666362616,1.874372108278802,1.859133646840288,1.9329453833110648,1.9328295667522504,1.7684632248113523,1.9880529761970074,1.9135505075108021,2.008576555341616,1.6999668459217538,2.0925443727935438,2.1608462331020597,2.4800182967627613,2.2130544696020458,2.0254904558611777,2.255864166820846,2.4380190302722475,2.357267810294239,2.231878144864595,2.7227967776022695,2.3679878188766565,2.33855637010846,2.6368854410837024,2.5544685239859497
6.0291601932160415,5.5300790422926855,5.036318352329014,4.806740730793836,3.983199354069713,3.3866790289513755,2.9056193694520456,2.4997258177700825,2.596882974790015,2.3727853160392396,1.857299699851584,1.8292545752600304,1.879118606449019,1.6605076341950582,1.648556999907255,1.3318747678021214,1.3902734257420057,1.4686834860556797,1.3495750128588249,1.0281710106904818,0.6666680408829979,0.8671779311343197,0.9848899312071655,0.5511155929137725,0.5190042744436045,0.5481080090957366,0.41087927017562187,0.6613331189109601,0.29592671625272615,0.41595489309321465,0.499034660576978,0.0,0.39321427963784394,0.7177383729904694,0.047506806192762596,0.6757953131325074,0.20778443126992485,0.7426793203967321,0.7416842043779646,0.47053754460566566,0.6053694555652598,0.3956274868881131,0.4125598814359215,0.7474202828810892,0.22161078445521554,0.6269998169291924,0.46156114572246665,0.71438348331702,0.5314446047639834,0.3374064030974022,0.6467753028758398,0.24114902860166865,0.34623035412913694,0.679087687784838,0.9833958184261675,0.5053187703956166,0.3843850291554798,0.6513771014687997,0.6951927080013593,0.6948502397682201,1.15084994234822,1.1004261227822703,0.7046891392145991,1.2942911793826646,0.8682752851578215,1.0428835145850872,0.7629644536152878,1.3224881137591797,1.2195391029780627,1.4496850039924887,1.7775988142134818,1.25089736232907,1.2374930967420266,1.3849937873446159,1.781391289014719,1.9411116018551908,1.5645930566620265,2.2790138725682194,1.8249640697093685,1.8525734001272767,1.5542386298050754,1.7987442278262211,1.3608320840742074,1.9099673026956445,1.8953417025158732,2.1964360587448883,1.9449886856139038,2.0137352702412503,2.234584586762633,1.9995024870899112,2.2448558021110863,2.3371033412864843,2.438651005631394,2.1559812611258877,2.5953001881646305,2.731327183006469,2.5286623667877866,2.2684947229345607,2.856037975808471,2.5004362929724575
2.8894125767790673,2.444127359877223,2.2570372118474555,1.734347626338483,2.070452255681623,1.1982893161740122,1.682135892014287,1.7471820254328314,1.217290053309389,1.911714982178319,0.8448365470326547,1.07588083971444,1.1470178402932145,0.9176735888036536,0.7163354038890457,0.9442801888576682,0.8643015144512223,0.848920253482861,0.6925407853978349,0.9569087854504197,0.5429786662000247,0.5119658506431275,0.28411439970551555,1.110767699476746,0.0,0.2822262805037923,0.7383858068112499,0.48397763233590396,0.48409013227295716,0.5940974657845572,0.8508420373029786,0.6946599133939877,0.5011241554242769,0.6039567502901448,0.5692796434242311,0.692444898109688,0.7134152414669561,0.601750406267497,0.5500738042043345,0.6727816660372863,0.756467482669203,0.4954979969158053,0.9978928282540256,0.52520489966067,0.8470916358123546,1.0425684063088578,0.8876131437430441,1.142933500635264,0.6172060453556263,0.7582058236767555,0.92028790799516,0.682568098087426,1.0789730180042127,1.2247406140786197,1.3615132547140902,1.3759718649033523,1.597340334635664,1.0239443985810812,1.4986519320337202,1.7819153036785718,1.5513513271212425,1.5629745464284337,1.7592783553285738,1.5609517790229681,1.3507321495084064,1.5067046666889734,1.699093458693639,1.809516881454556,2.0012794526338844,1.9135842627009154,1.844252319766424,1.7262744399133432,2.679916529781938,2.37581782486542,2.478584497109088,2.489464456140139,2.1752264027647765,2.791182505699588,2.504270573966256,2.3462190396045255,2.9697741318438133,2.6217985967682242,2.460572364423358,2.6362527848059827,2.825168542422638,2.731122370281911,2.9319651278221244,2.9349827416827523,3.2217299012728287,3.0995574591202963,2.75857238771464,2.9828524159001137,2.7586969411344917,2.97023989600274,3.4091363636288836,3.1996702633459098,3.311946029467025,3.144709941922441,2.908934331009265,3.092350555211995
3.6761783885255,3.0410210905579547,2.905228727731007,2.8089784088615417,2.2823673201250365,2.25634900197484,1.973946975685834,2.0737079016319093,1.2858578851737335,1.6212418307912415,1.5093314382735414,1.576714913010953,1.2088077204878296,1.0778285575391635,1.4619663632192434,1.192829509340502,0.7310092850192866,0.806448197430381,0.4829334824256719,0.917709232530914,0.566759644643291,0.5849509886739064,0.3088037944322899,0.6071219376660544,0.3156437322510399,0.6564210682985987,0.6439943370685732,0.8594085470932527,0.39272433448035926,0.0,0.39734760872967456,0.260906440934388,0.5095650683082376,0.3935193621932207,0.10995307310588487,0.2426144942802324,0.6323811136098065,0.3057128761306309,0.5570182839504341,0.389496267887413,0.2535030695063156,0.2763559119069079,0.5587879010444645,0.532422247200504,0.3518895476910515,0.05580291514490199,0.3317449106541943,0.6462094792645559,0.6105247547534773,0.34108558285122115,0.4066198197128372,0.7712577882713809,0.5030057775614836,0.2503579224996386,0.6982731864127771,0.9540498468078766,0.6721486000847356,0.5217152971026842,0.7625020819720163,0.9324131983737622,1.2203528671957464,0.9285228194814259,0.9464322791966673,0.8933106244717521,0.9356308764047547,1.1351843862514635,1.0864010125817103,1.2351836217921282,1.287111059608808,0.7415578398023079,1.4074691102543113,1.2549199789227323,1.223513949275933,1.2831144076397578,1.5603172787783741,1.4296065741675008,1.4615170600801264,1.488563777916383,1.6583609753779136,1.5957948902590182,1.884914239841109,1.894930512873536,1.9310408097330374,2.1183769809092006,1.9629028625985256,1.8298863322234986,2.017965676094459,2.053025419514718,1.9378707507857484,2.5254584814783883,1.8505015868036274,2.5288903898029673,1.890944830991348,2.3245229211976266,2.579641128627891,2.1874170600077534,2.550972487346133,2.482721388139943,2.4572074106088593,2.3417889112785524
3.5047426865481004,2.8085181860799135,2.3788284608093253,2.389789633655024,1.845641131245447,2.173849956543412,1.542236080675499,1.5662300899101211,1.6206823246977038,1.3457028257873738,1.1473162975154665,0.885363817630509,1.0459445325659171,1.0488062995875627,1.1341269502755438,1.1478293403500892,0.4003934341306259,0.49461290480170916,0.5193474674463623,0.7246561365720847,0.7772392082165442,0.7157148567576765,0.5306038772983008,0.3813338597772553,0.0,0.6470727263123397,0.7057433823264638,0.5063549317785281,0.1581656574850676,0.21057901038362914,0.4144697847189214,0.5284750276039727,0.09958247708020806,0.3220123101954364,0.03798946896018762,0.7821297337069009,0.8259202759181399,0.7051473317302772,0.6162284400087241,0.3857318630990161,0.45689522258422777,0.3197033933416513,0.08561056234512066,0.3346996530202162,0.33226779044094634,0.706113203166133,0.29280259150105614,0.9562894350769522,0.4715729730097369,0.5877899181326125,0.34086912063220254,0.8607907948967934,0.6874882861684508,0.4778090478602106,0.7351779473194089,0.7007836664512919,1.008006577390633,1.0214417613642564,1.1328315588937894,1.4079387084463235,0.9714689010410869,1.0505260261372378,1.3730281060562461,1.143132842648777,1.092114902391435,0.9991452615347072,1.5944061095433657,0.9591719671457124,1.7143319084386146,1.3987814870606528,1.4294650831136462,1.989368347142749,1.5212324731572426,1.2554413969706495,1.6592430778836125,1.7783376578235224,1.9389169866945704,1.8419798452769545,2.0453503203379064,2.4180665362002305,2.027360606161402,1.9615541540985326,2.001571633573258,2.1293090897328355,2.0910624067401464,2.127287476735523,2.17316361307104,2.15514598019152,2.114145423337213,2.254721765782813,2.284234544392225,2.4240992329055526,2.5892762582064215,2.8497309308961274,2.747676070367353,2.6157334488318096,2.736091390816137,2.309233148898846,2.5810740671227013,2.648464508720105
0.3167711187319031,0.10602649630822086,0.4705519658094556,0.0,19.85228254069028,18.65969150622214,17.88576673203667,17.018355201220125,17.067599351873803,17.068567609280127,16.96831618449799,16.37524890265137,16.074402274254613,16.304371429741654,15.98724143630764,15.759612534887744,15.671315687715746,14.990617963378096,15.239612507734398,14.922381812846984,14.918863614920628,15.25981791500143,15.096170652628249,14.809565407354292,15.129312235922516,14.938458239355798,14.62890105955017,15.212684509957084,14.473124001501969,14.903069453782576,14.67008563083803,14.523945545172417,14.327907296536166,14.565809673693987,15.152480598635396,14.630362100479791,14.813163736375932,14.6309804197344,14.818412927905309,14.445647792193824,14.558341243594693,14.415061165081603,14.965657243391297,14.910792636176025,15.078208096112498,14.733837168257661,15.19952551264903,15.01799466072994,15.354152032276057,14.82391017947163,15.406989766393831,15.333188444686382,15.536050015088607,15.382077126857993,15.67502798616413,15.623255084810365,15.557511442385861,15.891260914204501,15.922071629490215,15.802347497903725,15.831081534160806,15.616364383868273,15.946704847070787,16.107227393140697,16.238871575426597,16.098315652207692,16.844159267276435,16.263480144441324,16.842174572309215,16.607971593015385,16.850628049085742,16.803751284231655,17.136560661839777,16.875501418127772,16.872569811124453,16.95751064515346,17.20806625018032,17.22607644979469,17.067934515143403,17.34895052565116,17.51321657575127,16.999181817924423,17.52470504953787,17.282954132041542,17.382868914179358,17.741202960351337,17.714717321207935,17.983892735495132,17.792775143523595,17.874031809081636,17.630873431505634,18.1579984218987,17.796568783836992,17.55884624282261,17.460974105939723,17.850168825732652,17.827317782733104,17.809179877783507,18.086759427256677,18.358967642659703
2.8924803910887285,2.2368622400379277,2.08957770756456,2.1866466105957834,2.1934241342916856,1.9623064607908667,1.6297378371586966,1.6691134615782932,1.762766488089257,0.9967324283264816,0.7819876819149645,1.1880518734599566,0.9138522990804461,0.4910709981152781,0.9563286570039953,1.2995167076882783,0.5353819071179728,0.6748099293362735,1.0107907936349552,0.7563867678087259,0.5084081380755521,0.5717352521313046,0.19987485910661285,0.6833810973035774,0.401423988838161,0.9306177074279827,0.5131497495659101,0.724711050874129,0.20432665734060684,0.0,0.41688956175975633,0.30714735318286657,0.36326419472748306,0.6310112682854552,0.037439652373571164,0.6830999873946908,0.6320618943192517,0.7422985415548915,0.6646937784281395,0.9649138815460301,0.7178088974881671,0.6071163116130034,0.8584381019383063,0.9393295795967358,0.6719622804955989,0.465378549567518,0.88377867248618,0.996925998906395,1.25431874933739,1.0592449053359925,0.9791498546586919,1.3133570222863984,0.9167864934313421,0.9321992179200294,1.2253992321563452,1.3625088407975348,1.165837291201857,1.7088587760056573,1.638293429772391,1.4981547722298352,1.7015378719966598,1.4663847101878105,1.5803149815085753,1.8016137502608522,1.970586419212566,1.8472117495551164,2.0195150142602802,2.3561456868574098,2.2519939406121683,1.950034679936726,2.0445190164502236,2.3285899140167956,2.2607146845793444,2.0441149552816267,2.309134678874244,1.7384231984420602,2.579590903659472,2.356666492439425,2.1788431664146835,2.649859218645126,2.441481614827124,2.8934882382701907,2.9279517494004565,2.5519766488908857,2.51358813832241,3.083376526554183,2.8319212334485826,2.825187603284906,2.8690674935560665,3.052167267601803,3.1427964755366524,3.0108726636808285,3.437643331872252,3.1646007241868794,3.045057880809029,3.1228945268682935,3.491551686014347,2.7085917021457284,3.4684501225663382,3.2778859509650964
1.913732028030939,1.489423343006976,1.5802359941772846,1.204192618217272,1.1830836925777835,0.9655375619877429,0.6578379741313274,0.8274721386451542,0.7157867447460315,0.7582320158418057,0.44787496063541354,0.29486762285634427,0.9092520826641444,0.2892170176061786,0.21891452923278365,0.6655591530021923,0.471325512512772,0.3874902969737981,0.37484387749552006,0.7064730041263001,0.5304916832686306,0.2699371327423883,0.10174879189922237,0.18974989961715671,0.35247858322718173,0.17231890638704073,0.3731179342583957,0.04277174448676213,0.20663493631612795,0.07264235995820734,0.36087649388967336,0.16833221556123057,0.46164534062524964,0.2742897472773951,0.34516812270555164,0.2826459541409214,0.0,0.22761068934493522,0.28647673193060186,0.1446436972113716,0.2996156215729986,0.111406238877235,0.29608353091249384,0.3945879962521932,0.08548592951714973,0.4615765904280682,0.5527995468081617,0.3695222947971377,0.4535583779727066,0.22541835014317613,0.4762046636318562,0.8277993196020734,0.5490041916985451,0.8656126323716542,0.0797055388198391,0.36831058025295427,0.7958294664105505,0.32545767158480743,0.6914304432725586,0.5535654853026486,0.4879556500478248,0.7348055252127548,0.8439380451953404,1.209815105921411,0.8248243030682509,1.2487507908160413,0.7568254319336134,0.7814143485906975,1.1596099607925794,1.3469149955536448,1.0914508984148004,1.2787658241826332,1.1771116006869757,1.3852209521697159,1.5269720118816945,1.1377969444316545,1.6619746723149103,1.6110890647566922,1.3690132228621579,1.7282879176253765,1.725202950902382,1.6589730947344243,1.9217132598312219,1.9645116225369428,1.3055726931677931,1.8759576358006775,2.0709085187836322,2.1961361919980487,2.208791774080323,1.8721572240118896,1.780947618430547,1.9889810777899601,2.1972321710895812,2.5130717974224837,2.428721569943381,2.4991164057725044,2.467243082378829,2.3283866161115334,2.6926101077725946,2.4188843232495003
1.0390190971391,1.1424456127379052,1.0869935488507494,0.8871207685776774,1.12739870592495,0.8890564263672545,0.3813745134968034,0.9910583696490178,0.6507890243091179,0.35087596587703196,0.6148593419734176,0.7666867796483476,0.2710026693542673,0.38378075197983463,0.4569657808690213,0.5520948091612468,0.5104572496731983,0.3890121534001043,0.2421272626488271,0.1888015387948183,0.14114805329072944,0.0,0.5253074904947717,0.41346929372104846,0.21588265289782171,0.2247146428270348,0.22600004546252705,0.13919530388446333,0.4380995358047617,0.6676941726139969,0.41687845184132755,0.6764885154669624,0.37325207177032915,0.2672170408164902,0.7959734989216276,0.6099441909489247,0.5600731913592369,0.6217124418168556,0.7651766836280949,0.24680838462188248,0.5313888760043728,0.7803048714132341,0.4548044117649255,0.9765459101795315,0.3700968890978764,1.0247886334508927,0.49257805002035226,0.5847879332001273,0.7025471401320988,0.606980330333208,0.8375402143061841,0.5724255234621634,0.5159848757571481,1.2516002831952022,0.6437514754599629,0.8271910954975024,1.4885358247754148,1.2508857756363483,1.1509950698271894,1.1635205531569852,1.6039625011243892,1.4855639034272343,1.5573826505195711,1.2303007378788955,1.6145678379119737,1.7163381884353797,1.6740616863469313,1.892781898118713,1.427411420242123,1.2824753264107152,1.7458508784651308,1.6763193879097393,1.5428079795028005,1.683113534676373,1.980774296833392,2.1185002174015217,1.933993997419222,1.911135956831263,2.092856488693222,2.074706692889766,1.9411951717308078,2.3718359156354367,2.640266531046244,2.404667021185201,2.6476625687769264,2.5410359162723957,2.379661352992567,2.6292112456801533,2.4877282391377022,2.5667928968523697,2.6609570104532203,2.9335094026921347,2.7560689024367946,2.975352009349667,2.8000202457903676,2.8318504210578617,2.5711749178522574,2.8862147661878126,3.04884297771412,3.086430443801337
4.0785232675254655,3.282722908581995,3.4911940386647338,2.8729326191201388,2.3815237347380123,2.8018507200252465,2.0859011451902205,2.08868881734624,2.1459144020467296,1.9192458923836693,1.7558827399331651,1.4979458368741785,1.4768018863590573,1.170375736749035,0.963658118287686,1.0933055812747412,0.6942620965456072,0.8526095537989153,1.0052922435738871,1.0446301172351937,0.6024695783588232,1.0181971197607655,0.7122766792975437,0.8122568581243765,0.7590229002959266,0.502183988275144,0.3166373813075012,0.6091065981235566,0.3553917825879189,0.18227443422355805,0.5124425442228588,0.3781556002183688,0.0,0.2178057112210574,0.4498327868823875,0.21548329959551715,0.4079027763208618,0.0020149106105389336,0.3493251915364155,0.16093015310306136,0.30347273587672063,0.4154329134705641,0.6732704782646106,0.26092277686952237,0.6485413296821463,0.6843674886107003,0.4827363056382108,0.5430078301623791,0.4646012370380639,1.2757996475911817,0.4077279713601225,0.10596294313518229,0.8434719519910434,0.6334156298861284,0.943608920176553,0.8652242259998548,0.6031225932219026,0.8061345244821378,0.8973964619349903,1.002014912062954,0.8499392982872926,0.6590838047779268,1.317165343459413,0.885424549523087,1.060934700785202,1.1876883739569983,1.3305209221886027,1.5625941675391921,1.575038057513396,1.2932484104528577,1.4986268139066077,1.8918292769575231,1.4594766291598837,1.5961745342304834,1.8621373763551663,1.7235646647993317,1.7262165405746313,1.909044272096187,1.6583621711907046,1.9245432715461472,2.1489238013183485,2.1466652647453035,2.2672666184295593,2.3815928214817035,2.115372080137451,2.40888048934481,2.396795035538066,2.056787664409951,2.2463228435897165,2.8914105262372622,2.4743545309292294,2.3951610285514295,2.3279031700368638,2.5963904335332106,2.326200515487704,2.841708311340014,2.6644680331221107,2.685617107470957,3.084193012156131,2.562184290262275
3.2292812634429477,2.8384840104682976,2.6032923407361093,2.4793290108124513,2.152915013440401,2.0174980246240484,1.5388382401371015,2.141165854502839,1.3061693248233635,1.2131500975727292,1.6436412597828909,1.2317143036214802,0.9784626167928963,1.3728884286556156,1.0202420293562433,0.46836802208235717,0.837392330761622,0.5619506095341702,0.62279332989573,0.4740306250620314,0.75792624801778,0.6421105060541024,0.3852009935702263,0.4525129988122778,0.753899532932488,0.3121572965210344,0.6941482083775963,0.0,0.4155561186941874,0.1721616699362123,0.39896524712916026,0.33348754252130064,0.4074631835856444,0.36087790615486526,0.6569781421267216,0.21600396439090197,0.42595216782144263,0.5130863894310647,0.5673385753236602,0.5788961877701801,0.5996376931865619,0.6903174578392406,0.5702343630311244,0.8027130885283018,0.5974605436511382,0.8634236685857299,0.7940061300832273,0.8072241510342906,0.6409049122307326,0.4188631793592652,0.9332301516496777,1.0660328901462783,0.5297507344686441,0.8048805895263555,0.7676823913593882,0.9948559570558473,0.7663940062379204,0.9494595453095513,0.7868759292137195,1.3488117210545898,1.1991498650842196,1.460903479370197,1.3395828569070147,1.3228966031752076,0.9418130946609953,1.4805839488903239,1.5984628539964643,1.5139478449944157,1.6943612817305045,1.638714389105477,1.4877559773863815,1.2438467558196429,1.7018839497636389,1.7309798090023687,1.721083629217743,2.0055089561936104,1.5992062993472302,1.888128921416433,2.18792788586091,2.0978405504959117,2.0509471250657416,2.22205151032807,2.1467285562252254,2.2555895704400957,2.8592160735062127,2.5546193490787505,2.736094063223815,2.3476551275126933,2.8374805881042615,2.670661098240666,2.4743991189815713,2.5501747784343234,2.4554042634407605,2.4857233053670935,2.659038214976915,2.953580867896255,3.0507355643881535,2.908266930869262,3.0715711830576726,2.8514570587095296
1.942675205416883,2.2868486530895957,2.0331874018229747,1.7494910379473634,2.1948313954861263,1.6757958010524554,2.1482822156952626,1.4264123214135367,1.0654975488058636,1.1585426873314315,1.2734430525464742,1.185631680333998,0.9476595889222015,1.0255648766747392,0.5735303883908767,0.6373858448865395,0.42569913442102525,1.0003765905627073,0.735681857502982,0.33312760550778364,0.49719118545055885,0.38606360147491614,0.637460413069384,0.38639891429753526,0.4675332315466836,0.05368857393976256,0.25094717163134916,0.10098160143877699,0.514885374798947,0.0,0.14476033735591365,0.5332147644047414,0.6163690008800451,0.21485891557805203,0.2615252336645142,0.12172482841883081,0.09993211234785981,0.5733291608775506,0.43819086461224543,0.3015431421130934,0.2188664092050221,0.6112180604805459,0.5856081838795077,0.5095662810506738,0.36200196803727813,0.5898998198057566,0.589624450674858,0.3026984645736839,0.6539099840499478,0.7909941098519617,0.9163479384204152,0.6405966583812024,0.6902068229730087,0.9199327340392784,0.37902937773428746,0.8097023490489708,0.7109679439658692,1.058450195498546,0.8212511815182477,0.6229678120611979,1.1894419265746947,0.6030032572228734,0.8607310028498265,1.5646580959565881,1.343957270928911,1.4007954701939074,1.1299170444958087,1.5825136890912415,1.794427415468368,1.252647757717611,1.3574208787367024,1.4180586309703163,1.35312066410809,1.6964835803557943,1.7568891065441825,1.961071176304264,1.941886030002248,1.7785948017376185,2.1681370020790087,1.847650559680515,2.238775860819395,1.6491693939153844,1.7694643330910367,1.8351047121310096,2.197749749064517,2.028841591658578,2.294866467854863,2.084033781756629,2.398423544179213,2.5976913593424946,2.2542337989019607,2.2918584581684414,2.4865033090662756,2.8271177317776477,2.343243027181206,2.52826298454794,2.6789381105164196,2.7433451197232372,2.9144779715795153,2.9963230939077334
2.0876801494067028,1.8770452213410795,1.5249606096847863,1.877889604857586,1.5706200398884071,1.3849233206803255,1.039967339063459,1.1794586695354354,1.2242132881883414,0.36568897694285596,0.7814727915102093,0.4816650893795096,0.6892897184737148,0.43960409006138335,0.5528001780904397,0.7967087745560679,0.4832805289854125,0.23511159313187413,0.3361810642973033,0.3194357030269117,0.01154958466872813,0.1447119019627845,0.14259555114731093,0.15183055429173464,0.5139881829510475,0.06952143768990027,0.18738807414321634,0.2672710953934807,0.0,0.35502214792640174,0.056124334768774986,0.26698202581610886,0.18579571347129686,0.17356891262155294,0.6199393261496091,0.5992112364380802,0.6206269060436185,0.41460375858553533,0.4885540480422943,0.5394226743385833,0.2498384676714096,0.32498942556237687,0.6864310695051081,0.5495133766993057,0.9301045507003884,0.44955547510625493,0.8359202227971245,0.7219467755971216,0.884984513076466,0.8966796589629027,0.8250105455917982,0.8915357438057203,1.2780291325420645,1.4002766557122115,1.036775721657257,1.3649701827391638,1.5431014682197421,1.0644183325227203,1.386088345896333,1.4271421699792217,1.8644712295964716,1.841960869318358,1.78939605846654,2.259671143509687,1.4925852810023965,2.2591625363556513,2.0082340651594137,1.8743342654791597,1.8388259173205608,2.014409875685624,2.304737152059575,2.729406106434263,2.0207805954586444,2.438508552436323,2.3616023692171257,2.1002735164303186,2.2921980155703654,2.555724521987985,2.6138747095323875,2.3118958105499043,2.7375502088968933,2.52690824483385,2.4783073392225656,2.371253924951061,2.4932188329093545,2.7320997354682834,3.109653609969401,2.7120353526965655,2.817622344627731,2.6850743363111444,2.805595310467856,2.650712560898734,2.961721760461648,3.249875591385271,3.2258707529815194,3.4735154920463156,3.3071640455396416,2.9385504721663107,2.7948553428592273,3.2646355571668355
3.420695438402092,2.834843534373821,2.6287452117081713,2.66403150573845,2.122022613085946,1.8862383661445783,1.6725807119445193,1.5979475403089598,1.5465328964748544,1.3194461706944907,0.8977130504146515,1.0082329935142536,0.7937427603193346,0.8194900439710562,0.7783963833872249,0.5724887682067141,0.7542877783228725,0.22210492405839588,0.6151685124144368,0.31557163434365876,0.5256365037825468,0.17612241676399876,0.48150251823107126,0.2547613995624385,0.4593496339893903,0.19101989661108298,0.5076163618270417,0.11418705342203417,0.3368074639816161,0.0,0.3970318828692445,0.178636054710406,0.19304070141729035,0.13801472916111912,0.20935010337873905,0.4564873895643533,0.30899783449282126,0.19666573372871632,0.5077515821039107,0.6676687789386371,0.2917400710935123,0.42643804340471725,0.5649062835967875,0.7253051918320743,0.5612216372756738,0.8648327755834284,0.7411790532393265,0.7966555582135229,0.8570916674347995,0.6200055748650151,1.1975960523188522,0.5309924305702651,0.8415551642268166,0.9060831954272732,1.0179421213146451,0.7156634956158356,1.0353842301304663,0.9914837019008367,0.9974811876864074,1.5726254153651098,1.2883557838672672,1.5673376189544772,1.610258078979836,1.5393717676835212,1.5633033566848518,1.8318211219536202,1.6251212366566072,1.8197728658499148,2.11783033866843,1.9076470605701523,2.2215019167977488,1.9695418807157967,2.021807577199194,1.8221901822482742,2.415521716932952,2.158153569960257,1.8895930786022301,2.3158670089399163,2.542948518432887,2.365501747265343,2.234375595392562,2.749610701727434,2.433834956843919,2.2469897270176826,2.8118269946507617,2.6629654711122903,2.9271302301206212,2.7224541341706683,2.8441098246391228,2.475246601348175,3.199939942892456,2.54600298566956,2.7022116626186232,2.714619286521195,2.9870846251747913,3.661251303322132,2.734613509019212,3.2044915459554026,3.235256159152449,3.381265670491775
0.0,0.3467929588969016,0.004869357410205638,0.37595274561124786,18.583873200467767,17.733980214742154,17.20589135118705,16.919625007877563,16.72250834532201,16.355345484255164,16.0020995296708,15.831792614952336,15.460450705757927,15.533096578382198,15.470817482515773,15.034348820777776,15.04284189742693,14.549732760612338,14.839605129953528,14.742073593315121,14.42981599829806,14.579242870473458,14.24922181680129,14.384605889070194,14.303017825661954,14.121071960917526,14.301696190646664,14.242746103199535,14.166356849205078,13.947477083940171,13.958824442267145,13.926385310951005,13.965222015980949,13.869729102051426,13.859141262100712,13.71373154317545,14.054050891024454,14.049866360371114,13.939150809976528,13.689954232425995,13.832004539318904,14.1563726692207,13.774446793412263,13.842661061962014,14.086322516251583,13.910618487589879,14.453075876505137,14.15281890756248,14.05670257661167,13.851176613957383,14.463692669264223,14.333835704718474,14.221610131345946,14.201058189879804,14.845626916251842,14.400983467468876,14.504693232913985,14.71599756758545,14.908831605915509,14.633798371572722,14.519952368398384,14.75013661790278,14.655701511848662,14.918089508556735,15.518631293249872,14.65077734221134,15.285254782837717,15.219811194502148,15.276512504321218,15.417608901300472,15.414932006967655,15.230850437393453,15.534033032742917,15.74567303895061,15.853596583634204,15.549889159975748,16.06256138260027,16.208735333844654,16.22681219791952,15.984009583097674,16.134260837777475,16.72697111643604,16.7474652409144,16.17275605213971,15.876659770750877,16.52812950006512,16.636208262377334,16.539095421057368,16.574021864489904,16.508734473510625,16.69536589553855,16.494427249457086,16.90727612544148,16.606683549828183,16.488711964300983,16.86738755822756,16.619744580053744,16.78831429317009,17.009147585545985,16.738041746889902
3.0553087819231024,2.9989426930095604,2.4990696892054274,2.1687303523237738,1.7755473235077268,1.6697353063113063,1.7780390128153876,1.331067414302364,1.1659819441066261,1.3768313852076695,1.211723873858947,1.2466426336939342,0.6558329916899481,0.7818062119308458,0.8043452279893231,1.0564117194758715,0.9248073793431004,0.5455791510746124,0.40245082112067365,0.584259925710878,0.8320092422782963,0.14184622489591447,0.6537102332972609,0.2544419690113493,0.390351137609116,0.4437346588735096,0.14796368028184048,0.3024440974627396,0.30221044635408134,0.0,0.33049084646129856,0.6846087294110816,0.5204938587572627,0.3978017581109121,0.7954304371662815,0.799140139508161,0.7401739239024998,0.6479612059653341,0.5665950331643153,0.46295615094400233,0.5619443962228239,0.5665511170960116,0.7974984212229792,0.71310799744764,0.7874231339754125,0.529391473673865,0.7951863564525539,1.0527342772854702,0.7738289827670819,0.7971574349309414,1.198710363025647,1.0659074325045133,1.4105996372753964,1.348961863326835,1.3771222503685436,1.4220605505284603,1.5092833988068328,1.5252762644906248,1.3758895948867256,1.609241752974004,1.7775150245804774,1.767976355193042,2.0914084401967905,1.8175675158125664,2.0271239559000804,1.9590224911579917,2.0246176139853596,2.332230906606803,2.189048630844507,2.3754894828373843,2.2990626411243973,2.3148497583962993,2.2832976487624386,2.4855041472110386,2.7654555164610883,2.511169620289863,2.3970300454867584,2.231007874391892,2.831326121064528,2.4396542006610105,3.1384377668547785,3.1065403220409387,2.7347758695214175,2.611944593976638,2.8506830710606472,2.729965079737809,3.2756234201804126,2.8462920129029783,3.114999499263522,3.0276485673556834,2.966041426801432,3.0623028413671562,3.203676823722116,3.346416175587624,3.145881174878241,3.6329632889451133,3.1650047750030694,3.384330654953523,3.4234435145784694,3.1886262898936053
3.7113622075235106,2.86788780046356,2.671119776942838,2.7199176312471387,2.260650259606656,2.354604500014716,1.7651272182052615,1.73028989965281,1.885159937207277,1.4247545177726213,1.280891506210006,1.198538755014436,1.5452273708020083,1.3627966946541186,0.3484146584841241,0.8358378105733149,0.5542963946176762,0.6731911198812117,1.103684088106247,0.9632075807980058,0.6634827827814682,0.45438995835671925,0.5292408252617022,0.39808934561384035,0.7237839756920774,0.6792854964230983,0.2868929153119488,0.0,0.2868672973354389,0.42046288393855846,0.6658177716645728,0.32865193005673454,0.8046729153418077,0.4442565011417763,0.3919504945616321,0.6158576568741285,0.518245649470332,0.4777344977263631,0.24468504417333392,0.5884402363303209,1.0393966817131695,0.5575811599437017,0.500041614830435,0.6247665416384454,0.2191489906508437,0.7303405865303407,0.6741024455965245,0.6010206630912833,0.7356533096019469,1.2748294495764867,0.9617727642564002,1.3948005789678213,1.2737729633724726,1.3090180842982289,1.16655913214111,1.45082267037494,1.1009066042695004,1.339875632399476,1.6399696597800215,1.7229322484556473,1.6179146048978694,1.236930094039728,1.5475999216372553,1.636296585421972,1.4518601150880919,1.6481345826161142,2.136762418155115,2.0902388947945045,2.106698688117808,1.9826542175243453,2.4172524283615715,2.3315748595882155,2.166284002303712,2.1376088720941304,2.4062983660454833,2.8474800254481814,2.2727107098268746,2.285543339104418,2.640736651720644,2.5693420220547054,2.673473243164956,2.8526820891455458,2.4029637416805336,2.5803936326038865,2.5996569905337665,2.6472578249181637,3.187175441197123,2.936082239611519,3.0715064822355274,3.0825306937902113,2.9720793013247224,3.1228482373440194,3.1866944536967523,3.257381363849607,3.4516758579030764,3.005801117473787,3.1355652889229404,3.0378315753946055,2.9960319643083366,3.616257316685811
5.801585663136347,4.397677846909975,3.871833256868456,3.5071346166627464,2.9477141599045957,3.1527331138668586,2.6804223869813235,2.261258145804417,2.3756035570534397,2.1193658817016114,1.9294389698133596,1.5684330922961518,1.375616653468155,1.583130082608779,0.9907150386860444,1.0931041298274025,1.4057525323407756,0.7602774477498766,1.0736225783863311,0.6468524897153145,0.42371818656278215,0.31396706156420073,0.598600614073364,0.5975215786817465,0.6499705100008129,0.0,0.7311663134785711,0.4534110211408322,0.2823254728316851,0.501127127294863,0.29979113493164533,0.3739383833288912,0.10286727744794533,0.6750967881899133,0.04484800041348258,0.22717415016713005,0.2816033657386079,0.21351733770933023,0.1514757081887126,0.8201120268762754,0.5226744991560697,0.21706825093606597,0.43851707641083415,0.38532811279383417,0.5248882981051146,0.6060068890568395,0.7087829522866187,0.41539466194331354,0.52439592106162,0.5256029740585824,1.1428988507032116,0.6007664510329089,0.5599263453828911,0.826942233288996,1.109184384372524,1.1055089538572638,0.6587509989628924,1.0419163393537136,1.2264604903750698,1.281954629395674,1.4492153339391436,1.1851708468433593,1.2623952633325448,1.1394870943252506,1.6455573542771997,1.4844566054532802,1.355624057445974,1.2401246070999221,1.6375351730538323,1.613316167331277,1.5074320208905956,1.8076069478736763,2.014568641726928,2.2445454484639065,2.1229491246285157,2.1950211944639832,1.8045630079669461,2.1585487862712576,2.172943948450186,2.079094566831925,2.183193931124668,2.232906749199646,2.5973538639328027,2.5393964846671775,2.737353573891241,2.3588172672735546,2.7269090248677212,2.6102921169871944,2.517724907967901,2.5283431580607,2.859754144273751,2.936580207381752,2.9105390448688553,2.600999611777622,3.250816185979783,3.0918803534595547,2.8890626554364047,2.9370332259842193,3.1939405145642965,3.1341756129693827
0.22583755891503057,0.3825401396198454,0.3095887027147334,0.0,0.10107723488372128,0.34948905913183204,20.978470749028727,18.683744281032265,17.403200634244744,17.135024967915594,16.818196730254325,16.047615262201084,15.848528423239918,15.975093550162336,15.437421603776059,15.78500042408468,15.371125041459164,15.273347318188492,14.990101803253468,14.720949720638426,14.769791133918176,14.574265381248958,14.530948050159859,14.342787428487796,14.390114072268172,14.474758792367306,14.419798785139523,13.888968357590974,14.566020977297812,14.43279277475581,14.116172500558623,13.657029933927994,14.08848528865599,13.993464872983447,13.965954965521016,14.033822757835948,13.815484403702154,14.071278078069794,14.252195147648898,13.962245228750044,14.305627803789712,14.118024079074692,14.0932493740653,14.382891235518828,14.412938355992027,14.099277664954206,14.044566022339296,14.592766890842134,14.801535086979438,14.575605659906744,14.373122041552504,14.789811773913375,14.63358767137448,14.696419022168948,14.82971998703786,14.992300554510196,15.248045193371683,15.302652031356269,14.918127518988328,15.54789033362202,15.27549672318125,15.57190050617244,15.521773103367671,15.449690338910393,15.761082662166862,15.966350864060086,15.998557507399754,15.620448264615918,15.801851415546839,15.647643226871663,16.26779000084981,16.36780622391584,16.39957055585684,16.074493297420396,16.470446893090546,16.549266722980835,16.6285837839595,16.528367385834315,16.695281287651284,16.628021055570688,17.059189893420378,16.994270068571048,16.730497158472264,17.088198946820828,16.956503671514987,16.694624588339174,16.869609726892065,16.921814027719122,17.119538799134368,17.58081723538237,17.429154061334845,17.60620098896282,17.449242009366767,17.20636884494654,17.58181924399153,17.384610963202,17.07125998332282,17.63899792824255,17.36411451897239,17.85916844436644
2.689167684217761,2.4514156445145225,2.14648123013923,2.311461881530743,1.8241969843403378,1.6270560310360302,1.750860610675673,1.5913361170443459,1.5528273928511815,1.4357025774952827,0.9319435773760016,1.1700050442108818,1.0677761275210784,0.8852483875936059,0.8117357773737499,0.8079918396235808,0.8370152981283745,0.4035730612224828,0.7875269325012937,0.48273125270682193,0.6179890524193699,0.8794181590873187,0.3987329799881767,0.33244041718776174,0.7830932040167653,0.7287945555071857,0.5989399963432334,0.0727433163759148,0.606434072103216,0.3761784400857593,0.5354288731251362,0.14816995132105504,0.3682980550294257,0.6020125627204749,0.40430905640840464,0.5712930344891074,0.0,0.47059218054354446,0.24537903112435977,0.5714530215182769,0.4552578966415446,0.5798702656994212,0.18319065274652147,0.5767219357062903,0.7049525262700218,1.0165280661529685,0.8430156068814316,0.3038423058419024,0.9357992160543454,0.6012613802110742,0.7292157730666684,0.6076794788176745,0.7427053337959393,0.6792708158946557,0.7244518995275229,0.8311687949818509,1.2826552510597313,1.1579402187893972,1.213132195455227,1.259911969748229,1.0785650202495667,1.2328147011424342,1.4301600419484117,1.1885174678867418,1.4808350957218384,1.1919141792324535,1.5389602754692664,1.4646242825282805,1.517798876227161,1.5903429597038699,1.4200130189259141,1.679250601309155,1.7625970249461904,1.6349299686011847,2.0711816261287748,1.5831048417930074,1.8820730389541058,2.3602079061925014,1.754139796669472,1.792743733712765,2.427245597848618,1.9467244128071126,1.9424872123740684,2.2157480614633,2.1693351337695397,2.0878256171622436,2.5085244657042516,2.474463443815491,2.4442605627532323,2.542334459554194,2.565877844454839,2.593123161538651,2.697130625217719,2.6353607052418813,2.9096274610572124,2.666638813946081,2.514644770013037,3.014008760351768,2.880502868122562,2.759177928444778
4.063377225218764,3.782216757715803,3.2050285695165126,3.3298727034185216,2.79083501769947,2.447824517728227,1.9607290511722422,2.199880388077995,1.5842202247140929,1.5886820819930048,1.2404777902187352,1.4564173056321135,1.1309443546759574,1.4511741763193058,1.2099276437313744,0.8183897359287577,1.1785447637024369,1.0703821404687393,0.5132246858724638,0.7356828486946707,1.0001394404844053,0.5364503531051383,0.8448388507626277,0.8155877501855304,0.7546654528193262,0.5468380583132504,0.7884791584500039,1.0451433253777243,0.4332560037822635,0.13146372948942364,0.3230433813561113,0.6509157190610821,0.0,0.1387596735442429,0.4469706985389088,0.2568570019966021,0.3039018704480583,0.32163798157093026,0.6192036461975388,0.6824435554760289,0.738001313519911,0.1598715694813766,0.43110321062335366,0.6887446357375122,0.8120138057467834,0.290116040663019,0.8471999360244382,0.6014373270578943,0.5342999638343784,0.7664586053739004,0.6432572320094554,0.8886297009579884,1.0964314433606237,0.814087325529119,1.0350946536821315,1.157491507867638,0.8521543000090563,0.9653889230968105,0.8551865510838681,0.6319837401363628,1.1022730032275305,1.4333539426045299,0.7388832135305385,1.0561711086786012,1.134167581306654,1.1824855005006683,1.280847851813661,1.4454661849152899,1.7825007855247517,1.6320506129817165,1.5392707202113431,1.3452986754159255,1.617423917931399,1.933784421364292,2.1023726898246995,1.7003992201569016,1.9697170918579214,2.3091743573139762,2.1229098615329587,2.1007775896204155,2.4304877486232694,1.9433885157391284,2.3649246763445095,2.1711218704676174,2.379527526543564,2.032010139111284,2.434571494054909,2.5477257601513568,2.586444607292938,2.0497644412903586,2.483524350377868,2.5827179574646575,2.7193796781863195,2.5569217088692273,2.6152357608473,2.7921177673709696,2.975094817012563,2.794179682827208,2.8035650120955804,2.6140243199992543
1.6815024396026281,1.7631731311921826,1.5075399701441903,1.342285664325896,1.4806505435144786,1.1266629750661963,0.7840997906941141,0.835823163611014,0.7914509741994671,1.022890033379479,0.7985457814906596,0.6326405664007453,0.6510570620956706,0.5197553534135757,0.37836330149708886,0.6098613974798575,0.5913691575087654,0.7508694245613796,0.450342314475602,0.9718360778250741,0.5722718168295593,0.1803643491308229,0.9293210203128695,0.3726661425174065,0.40555214677812756,0.4937144883855531,0.815673303346351,0.45458991585446995,0.9087836653611276,0.651118536455094,0.7346035650691505,0.4549059737100052,0.0,0.6373438826726847,0.922811066047867,0.8034115326064466,0.8714273908583898,0.5890569333431053,1.0548072907230939,1.018175358083269,0.9882053483869413,0.9609263676474455,1.2820973793943082,1.1739172636526192,1.0121328659213873,0.8979686323411755,0.8956795531057793,1.502744721992034,1.3618916774976846,1.01995275776801,1.6511928716199797,1.9217296870925082,1.4801286765537824,1.2882846609766894,1.7010994396046577,1.8524826921481043,1.6503076062933175,1.8101086059245723,1.9892522388859035,2.1493210778573335,1.9631359374749984,1.8603944345765022,2.056907528712543,2.099233446657898,2.1774939060589347,2.3011026398284926,2.590833422963591,2.1882372234942977,2.4316112319977314,2.2001237733096666,2.9573851487366767,2.8916808138694883,2.648175856590953,2.570630641206403,2.5265852400581643,2.757019689695948,2.892434236000028,2.93283388777391,2.849169532460426,2.826963323957372,2.9940611738818816,2.7307566380165937,2.7817600743183917,2.810987720314362,3.3347511192763655,2.790998049878109,3.0188256512167193,3.4775785380583066,3.76922483233977,3.013392174146574,3.086832212802314,3.304926079130471,3.4007864290578027,3.304294953225501,3.1875017618726957,3.360121140415174,3.414934396001513,3.756990767931466,3.153788430746708,3.394290818272186
1.3094180604099304,1.1779293601462832,1.1088389067246354,1.0837002602502999,0.9253037207416916,1.028560781166167,0.6254110909619897,0.8952422430953195,0.9186879052662622,0.5894016194627447,0.7724329188445331,0.6349402499624617,0.44366854367626196,0.6095777042606869,0.006196499304333969,0.3817524938591781,0.1294533165089966,0.20779922035751142,0.2775636654130018,0.05736717447035211,0.2557294081534298,0.0,0.45315751150978123,0.28401237765524634,0.0012720183385255268,0.39846037315852456,0.0780413996411422,0.14340187122222225,0.7252468817324349,0.11487662261232501,0.43645628113666746,0.08102344273694584,0.3495949344145739,0.07186996356462849,0.39616744472886367,0.0005756913761256754,0.14529426690978475,0.41604820953779686,0.09258045695388084,0.46440554934056166,0.39974889742225095,0.2481250429545927,0.5481831356357052,0.6591592638473731,0.11918872734314867,0.36302573089790613,0.9506873788124501,0.673411990173653,0.5319218825144585,0.7736298402982484,0.7311682967614974,0.9649002139387832,0.6034075268387156,1.215189229687045,1.0020766710467495,1.159780326125281,1.0751692032084144,0.9150755954061136,0.7135515489495692,1.294695159073596,1.0189565014271853,1.3693107241425562,1.3077725372562856,1.470311267327192,1.445030014819631,1.472245843428217,1.050388899442364,1.2370006720028393,1.200721624440817,1.885502653392118,1.1982358614569169,1.472739933129498,1.9600894890904303,1.5733055114726593,1.6491413170884943,1.6174109314136143,1.7740919102232109,1.6677397858731613,1.9600826143601093,2.1734292356585616,2.071370991997112,2.230087785391687,2.2214834151962126,2.186946283311576,2.1728668483366693,2.2881587358976763,2.382933072668573,2.4109901855430724,2.131921046014506,2.4578301206815265,2.5523826575392423,2.4057180821478727,2.4339251529989863,2.4914565595478866,2.5361953215586315,2.736992702464425,2.813115937916015,2.1876818783071474,2.345787089895575,3.052104934918715
2.987540409746897,2.3801925691694503,2.1374443932858593,2.2304611441462203,1.9935047227030473,1.9480460740922325,1.2110338059307484,1.3600104653479388,1.578370467331954,1.218084726573606,1.1831341143979106,0.9350944952496523,0.9629008107435943,0.8916428939031871,0.8713616338962922,0.8858991182600988,0.3852996393978412,0.7175853548994677,0.7211659514621029,0.44110221142937434,0.5515440448748254,0.11479658767735934,0.2863065934880158,0.01652655197657893,0.49451357840838206,0.3766332138059383,0.27988947242747386,0.27467620308988394,0.2466921836492748,0.19525533890382896,0.2346696560184114,0.418073385363817,0.4526159460896739,0.13404241077091505,0.04630442498636533,0.0,0.2840318026628097,0.3348547623925082,0.43266813746241795,0.2906001505416622,0.12753227436075854,0.03705297157308429,0.5120382846597913,0.07212949611850838,0.3673780834174707,0.19758132740492407,0.5702324336430227,1.0165211852184708,0.646222561399,0.3568657992775215,0.7544538873081681,0.7739782428711148,0.7824381264390219,0.7832216044651048,0.49983953144188753,0.6565250781779088,0.7795953685226795,0.8840394029729541,0.5512648812016412,0.793232131133772,0.9018796996013805,1.24027118705634,0.9600587410464421,0.6537663633085327,1.1925282713788423,1.419940849529608,1.1798290703493635,1.365768417583114,1.314184098731575,1.309978452264069,1.4898409713628809,1.581062181294648,1.5296617652517241,1.6416130159381037,2.0553052919916226,1.9221881570224078,1.9437365821269346,1.6808788685886835,1.8402611175977341,1.4710272051439262,1.8345987512706294,2.0776391489845487,1.9278050295189182,2.2136741628792738,1.9364772310415805,2.0918935955419773,2.35258641241675,2.3928888341377625,2.272386091338408,2.3334554434949286,2.3950563253616632,2.227472845460179,2.396296775208823,2.4820861501788354,2.8962288208923095,2.3412697085566183,2.3804252897220994,2.4133303088430775,2.9685469004082154,2.7997720613922485
2.337998720717911,2.36930436745247,2.1390922719860033,1.5909266548405245,1.8668055183392696,1.8244715616298421,1.6340029216679994,1.0964378464257543,1.2469533891181879,1.251803099440366,0.6713305642635934,0.5140638254345014,0.8068755588889882,0.8425259406190992,0.29124209818678715,0.7822050918594154,0.4077210021648767,0.4741844280644809,0.46772801629341565,0.5411837424424117,0.5905840639267179,0.5346227165264938,0.2760980161179809,0.34267975022984487,0.0,0.28812778518572557,0.1838037467979774,0.567882238615022,0.575099331289243,0.004740967797388862,0.3194499108817279,0.4537385004557315,0.6614381492417802,0.6905895785147411,0.2743308904744257,0.3116328908104222,0.49408811623699656,0.5565885460249529,0.7562499953462574,0.35537180105279376,0.2507105695189118,0.4703324259112893,0.45981742904072576,0.5161177869893319,0.668290448979354,0.6021338192448464,0.7314315991917582,0.8517039147388186,1.0048328602835888,0.9259754734838843,1.334471063172801,0.9130271850281027,1.0458067566474654,1.289399688428535,1.2337251291734006,1.3087397747116487,1.1017033776878513,1.5344626733957742,1.808203605038667,1.5038040491439109,1.7516813886286347,1.9066869811883809,2.2053674416368487,2.039691152627162,2.2040706663647445,2.135765846814664,2.097026860919657,1.5898894747857657,1.9580102741876377,1.8299369563261738,2.63544567443693,2.268231509558545,2.3963838944581877,2.526492700718647,2.391717183856949,2.736552444089728,2.508797682851551,2.42648725182805,2.562828129692271,2.6569347378775543,2.856333234624806,2.7580511395155796,3.131884446706106,2.6548050731606025,3.0561460539906484,2.8199446129835763,2.9965179885818465,2.7912662060174434,3.1466996942976344,3.128707393805037,2.9136896592260513,3.1874087969349034,3.1780113324717263,3.044745485575209,3.200383861509053,3.5378568164953847,3.3093600840567774,3.218370334953679,3.279969641076349,3.475802667269857
1.2245099332222456,1.074148411460568,1.2349527812354548,0.9991787467670257,1.3145498541901848,1.0317879176044418,0.8407932378958147,0.7010997956754359,0.5282972816738134,0.5529109713334552,0.49438622729317316,0.569525296176554,0.5730405463512032,0.3403523777659867,0.5405912409817404,0.43107270463156233,0.5691445446507988,0.2489352110404628,0.5338582378393859,0.2604952320817109,0.14945138749921227,0.12306173908075912,0.11409755901220464,0.0,0.572813179483207,0.6084524798793716,0.5599748504911108,0.42093510811096735,0.6943250274806001,0.44365378154808965,0.6156769088498475,0.922196050676277,0.9237761402433353,0.10940837569535589,0.315936440653644,0.40735765069447893,0.5906641880770156,0.4817959958803648,0.5397107907390488,0.6463905293719687,0.7348118579442691,0.8308175823996002,0.5254385044570835,0.7358698948971476,0.7727509105614168,0.6617127311961273,0.7315220214133262,0.2513192597992351,0.5971187306271286,0.8451826272587493,0.9064424055100222,0.881252133856016,0.8249373809764151,0.7496103316284639,1.1149844142067078,1.0592527291948493,0.9834185351301077,1.2238962591846665,1.2879370466036821,0.7536862555666897,1.5072164358870754,1.3702935970772092,1.3470958059208105,1.2195628275163237,1.4827998398809008,1.7185939733269802,1.5875910550090868,1.609984112678939,1.7678971915641988,1.5188327666066819,1.638197149900538,1.9519449588990465,1.850131097920233,1.6954189769612888,1.9742435557195925,1.495740052745683,2.2072136002209337,2.302631074797807,2.0010137899058638,2.390746087763455,2.280226264401973,2.305887331367268,2.0099215930384844,2.3966026580066195,2.2610792317582646,2.7406441955465564,2.434543640183877,2.5340070633274205,2.65383041422964,2.539970316621778,2.530138393497973,2.551183831454674,2.244749903522587,2.839221944885855,2.72847259797509,2.898001408654425,2.7242894809468883,2.464833710752872,2.812833760965651,2.673828655835324
1.7223806640565407,1.7402867617705091,1.7563387817000518,1.5850794073057095,0.8193301044820629,1.1766374022191837,1.546562837116582,1.210251180796316,0.8525682083353221,0.571024961679603,0.8943075382807724,0.9163756057244825,0.81488521573044,0.8970352118911791,0.7785396538187541,0.4585950724339156,0.7427216852556793,0.8564827927207759,0.45061344786884483,0.4185560576266649,0.4940463911266715,0.5653095747534653,0.0,0.28405541867274486,0.17018230251350452,0.3760278810931048,0.541840333475502,0.5411533635909631,0.4499463777537631,0.2218959691877327,0.49150268978721456,0.6434239991147592,0.1780199001467473,0.6035831330355705,0.3180811566295887,0.49467592147773765,0.34003507200035443,0.5816738350482584,0.5370238400261922,0.31200296678295913,0.48527763363289367,0.6865908032882277,0.5600598960334136,0.3826288290354114,0.6565503310463541,0.968595741728782,0.9605966569683826,1.0098315475969297,0.9523097230747375,1.0529207658089312,0.9995268018963923,0.6515721865942616,0.9748591190061351,1.0301472181671372,1.2330692336022135,0.9022699524005944,0.8384535964905293,0.9125121006396046,1.1613694106692165,0.9644311266137073,1.366600331664225,1.3568864213611977,1.4170547584126982,1.6066250523053505,1.1753581434452798,1.7137247114436143,1.7903328196518835,1.8779286266969635,2.1205589458488348,1.563031242972869,1.7554061681517226,1.7595020503642758,1.7814300916978816,1.819407826473764,2.035469559966703,1.871738575426729,2.5016107501191307,2.3118858367992097,2.0806222041933182,1.7918495405988146,2.2114525083206296,2.275266545526044,2.0750708960445685,2.4026951602514295,2.5356105022956257,2.2307692394775778,2.4110512829202193,2.538091554962225,2.6057777857609388,2.807383216434477,2.790573910544115,2.7019429303660516,2.5477281074344376,2.692120083596425,2.75300805492515,2.415042538921913,2.706190802860416,2.7977295370579576,2.895193201228466,3.0691196507358462
1.9831789862265534,1.752938416511208,1.8106601305937016,1.2335202592727565,1.5158422566031273,1.8280673458433316,1.3348486945172677,1.3209128172389217,0.7576561935191695,1.268718150500467,0.9752463735759207,0.892591585112525,0.8198452686277768,0.8345738554742823,0.728073017961318,0.8077818926261013,0.8451242318215204,0.6360767078536913,0.8621135537704134,0.0,0.9055589024975905,0.8085168486721503,0.7313059176478358,0.7246318691419447,0.7382888111649955,0.8062767537114564,0.5082428861560491,0.9904670156894291,0.7985958919840979,0.72011228993785,0.7710856350188635,1.0760506458188903,0.9604851385047528,0.762393468273773,1.1444753836423391,1.223173869232836,0.8731195169274901,0.9090781930971819,1.192401153143626,1.3040109824698707,1.324759927231094,1.2920093112131656,1.1459392166888325,1.448635696136316,1.3102516330837108,1.4210799883200291,1.2881081182467344,1.6642772336604512,1.6830232232133842,1.6385880422993662,1.6773306947781332,1.7832575600168514,1.905480288511919,2.1797703299367495,2.2085860798212362,2.1706100924417786,1.6601565921104307,2.3824319546870623,1.6381309567721,1.7509566853734118,2.417927245317424,2.409911291048923,2.1906133061963775,2.2831191073167663,2.400645608665192,2.427749406320748,2.96029163992087,2.6995314704976305,2.8928768978006243,2.673898879320502,2.9451388118761006,3.040658898567772,2.7414193284867263,2.6823650164321666,2.825827846768048,2.82736445859093,3.021690492931862,2.8360116144970053,3.0382122500246656,3.7515223306513423,3.424991145372692,3.4901908851629475,2.713990930248075,3.369050852665664,3.5165340515291295,3.399786749982079,3.509391448100571,3.186329312816868,3.326869885089307,3.4820823930192315,3.535612875543391,3.42062809280114,3.4748093099238826,3.7507394714230298,3.8319342102479172,3.4481009686886974,3.5933867467395526,3.434036974514912,3.177705021165588,3.627936043946301
0.0752859760776586,0.2672158185587552,0.0,0.2960735262395323,20.592335541446655,19.30790627800377,18.410494992848317,17.836312436499913,17.68590294557023,17.008214728319757,17.05817954075755,16.745025641650653,16.87471775987344,16.25432454020013,16.39576714550601,15.807544151331935,15.708966718762964,15.490428847728444,15.463855983202865,15.693368955021944,15.308737800402751,15.101871737488178,15.367406079392277,14.91752149737974,14.92507814077134,14.753912779157636,14.532332042936389,14.964724312584265,14.894595139903647,14.665128985038265,15.04517691538272,14.766808360941873,14.479352216519395,14.6248527400577,14.71078164001052,14.852018618953423,14.586419140028715,14.631372600177123,14.524759263895033,14.71104932993131,14.696849693458049,14.761925050062173,14.366995793850398,14.701483458478869,14.66074766021379,14.449325272561694,14.60501360672804,14.823485531134661,14.403201737054108,14.691644118382927,15.170897009657113,15.178215904818707,14.735759772412374,14.897642097200482,15.32766570525966,15.121354749380773,15.264398911512558,15.233249202173091,14.929335869533165,15.114234305447713,15.282816087304486,15.11728422759723,15.459089777550448,15.248085579232416,15.362726672370348,15.411870776527298,15.932372413314765,15.653727540429822,15.664249422955907,15.8382220528612,15.676092260651725,15.54728721485745,15.971854847811356,16.050033872239272,16.149635957267257,15.821750298254868,15.847854629677196,15.838660231325585,16.233638905610864,16.11459423827215,16.34515620811909,16.667652831635262,16.425064945157384,16.190483195671362,16.55489105038782,16.53459998907229,16.35801758448775,16.606710750271922,16.817939750338926,16.58376173439163,16.592100764358175,16.778894268008152,17.050225029169138,16.829676008097973,17.234059210891964,17.103327761921367,17.20052830841011,17.237336668762364,17.066603977129162,17.113993730265108
1.9411281619877503,1.8929843828257606,1.3765123963997876,1.1337785139076164,1.1825572068663117,1.095010785869734,0.8872176729307899,0.3986189780943761,0.9689933467123844,0.7571804562854361,0.4564617394373496,0.7040523019753557,0.3214612122684599,0.6575894720194029,0.7468225782948785,0.28292324519389034,0.5350445824803174,0.3539208570258232,0.6620083414731415,0.6388909859551912,0.4173597182673294,0.4580994984254154,0.3824631479668259,0.19845676915475963,0.37145681769489336,0.24046261760003063,0.0,0.5337950042113757,0.39411376692842204,0.2588914294903564,0.16331998566401573,0.44841612213588,0.7172933280509657,0.32083826721114406,0.5638186763048196,0.37768567422638455,0.6945146956388975,0.5637737780534646,0.2703364421592447,0.4579089992958938,0.28849685489888444,0.4161672273952792,0.8391080853782835,0.5275119756256004,0.56109572945849,0.788889434961094,0.9238093372502281,0.9451357454568488,0.6437274063787992,0.7222212172607794,0.8457114713214473,0.8909701334749194,0.9314317257411044,0.7156558070169439,0.9291087348662241,1.0968734032947918,1.0926778617026063,0.918414038575694,1.1071901118054033,0.6583438379789293,1.0870092959566104,0.9602803869509628,0.9010519314384453,1.2364672286448712,1.2865498142150908,1.4841637911359822,1.6461571052873314,1.6453863863820626,1.6514067954832665,1.7227601619034747,1.8070535338941713,1.7622105134088937,1.6209984711456062,1.943525309516561,1.9555179291525224,1.6837863168685185,2.254133421746319,2.4576874834140643,2.377980916976602,2.051648438868794,2.1618211272799694,2.0144525051867976,2.2638719162594985,2.581372792338472,2.7909765141989222,2.4774588062704392,2.4086908536817067,2.370298145181904,2.470037428355303,2.5785548750577707,2.7031757190418286,2.3639639549753984,2.775541624930133,2.771284060561184,2.922755473080789,3.0695783306640134,2.7770941523089316,2.805020234091254,2.657901781026693,3.0500809554384407
6.090509707472865,4.73766199492561,4.463136499217981,3.6316885233493785,3.1573940433773373,2.8908781635837784,2.713487310638868,2.7538279071529566,2.237718482361002,2.098130005354845,1.5622910324190311,2.0008516257916806,1.691580936695269,1.3845836305890096,1.3108838501871691,1.153738333501753,1.0046462682645494,0.7398930760391931,0.9829708965043444,0.9539038324620535,1.004782786226281,0.534096766982664,0.5953824226427962,0.23314664839481125,0.4213273491543035,0.11396287578182296,0.54648671313225,0.36167085096803575,0.7302354376137128,0.6173653326495945,0.7415664675690259,0.08709783743865174,0.08690721420111025,0.4267882145683686,0.18780715491858757,0.0,0.22657752144539067,0.2966183133382412,0.4893726469313524,0.08180211229400314,0.3763257232614645,0.5783008415455022,0.6662777618366391,0.4573331341418303,0.4972425269804148,0.39324410081540684,0.6490525683705801,0.4434060126818924,0.35426747442238593,0.5534346755569075,0.8281082512231208,0.8183861931943124,0.9827795127113408,0.7787541789305426,0.9048174415146839,1.0796245996178104,0.8902818407718467,0.9739680173773433,1.0333223572405572,0.9612209257831541,1.1632889459029396,0.9506294335781043,1.1477774599609116,1.79314727711583,1.0718840219434824,1.331982861671598,1.4191411134717864,1.636635470437719,1.3871960506191243,1.6030952946072112,1.8119019471030189,1.7581050439871895,1.8446811412152737,1.710194896843575,1.8397325157466575,2.043358214711091,2.039844849345627,1.8621289169543598,2.364143559812577,1.8692240623297725,2.27570754702219,2.1498306680222896,1.9960747342604392,2.4098759553631215,1.8453212149012348,2.3862250438910273,2.518632261060162,2.797832288858917,2.625510565041285,2.42498724174963,3.283228196580893,2.6913841966672862,2.724965071168878,2.603237026733492,2.9017938543864368,3.0516536758614308,2.9246335974285884,2.8536244666243356,3.2990699224148585,3.514344316611048
1.2954639229521803,1.5988040003238417,0.7432437285031597,0.6305499234881093,0.9463460493670599,1.1692287433567436,0.8550139975388511,0.28270309416935824,0.4359560832542577,0.32551981315505607,0.4343956949236851,0.3435117199022155,0.5457116371704238,0.5156377059223978,0.3593162252797981,0.40637717977939936,0.10547266643446385,0.3603978687171825,0.0859798468543378,0.6070961344180361,0.40911039671006577,0.1354924419487098,0.5524947551762285,0.6376654268008668,0.6060430393988181,0.2762924388172827,0.042138216289684394,0.30925092965781786,0.0,0.5956735458298166,0.31123121912833085,0.23395024172567247,0.19136874786359925,0.5647263742960345,0.6498029300996322,0.6100568884040474,0.46661656614644187,0.7363678965772831,0.6701360367754621,0.7936869931850978,0.5650400136163292,0.6859884157708969,0.5813961127806433,0.678653644699093,0.7595776299656603,0.8635084889710694,0.5398851858093927,0.934938597136572,0.6789386995696844,1.002701150640732,0.667619214171177,1.07374970793229,0.989389145136359,1.4515634418034242,1.1925716316538306,1.341645745470549,1.387957277385711,1.2164792495093923,1.2458757970161667,1.2048376731236914,1.4378464740972579,1.583809223178882,1.5020013253383464,1.3797680511536061,1.569208149731132,1.5264431062538755,1.8700261757829235,1.7389700673003041,1.6854939752496865,1.5264051374106735,1.755546189454268,1.9101452136820427,2.146586793089229,2.2221280754033863,1.6320392593188,2.1762889878060427,2.212262527140666,2.0749286426614972,2.1794444727525217,2.4219442705143397,2.176640798262575,2.300207549151258,2.203494436739909,2.523375321938527,2.382739097501073,2.396457588652666,2.067991293982802,2.624062171649882,2.4303064339849154,2.1106096180828615,2.613979252238261,2.5135734833760335,2.6723855663372706,2.280113311903124,2.387601751683265,2.567171498705724,2.9620759248857276,2.181561053994244,2.9142442265171873,3.123006325227365
2.0056949724691684,1.6785757773521333,2.200489702035693,1.3985300967660699,1.8302653935348463,1.3843512884293876,1.5061737573575567,1.06200602564412,1.3460279786520868,0.613148256786765,0.47651222423779416,1.1149979704207649,0.8401665314010511,0.6967088918477113,0.4498288717014969,0.7223824234725011,0.4968199681916676,0.47441583519841046,0.7231496974174814,0.38900493531639313,0.20955596039460822,0.3670290961235807,0.826322962648895,0.647257573425323,0.5711262777779602,0.28930105625497937,0.4460962561198958,0.3042689798882545,0.42874173163760254,0.3351041211460366,0.5243655543160735,0.33725037735372787,0.1872330979213892,0.6794128009100007,0.14812730557719256,0.35360899315250016,0.3685630500886301,0.4182763362132018,0.4966202613639332,0.5307910783560956,0.0,0.5804894794602742,0.8518175971689583,0.5995118581491461,0.2381549821989637,0.4697461639011262,0.2724780079776856,0.7131380110815151,0.9346516596375594,0.9311064736095762,0.846988257022053,0.9951834276467277,0.8093937052309901,0.7273030132027447,0.5938207598646059,1.2583586204688277,1.4294466690741832,1.1197308842023386,0.9626040134159748,1.145029286386924,1.4134601285846298,1.0406026393230192,1.348756956018006,1.05230138103245,1.4546692222840125,1.3898324554086425,1.4429402592148044,1.4612134973978108,1.7436924497709203,1.5398185296105265,1.483391102372865,1.756930872640888,1.6137442034527396,1.6694041591928457,2.114202738732409,1.9822089423011278,1.6922824073463865,2.0508386193908272,1.7897646803627403,1.7040489340381342,2.100975714914597,2.192227482933948,2.2535426218242627,2.0316062894015197,2.405504717352219,2.2854868168536218,2.2476420654314992,2.5453051868846384,2.246482751125697,2.4470500487843285,2.8478322707103914,2.4126684821263282,2.693237720256228,2.619453782849652,2.5740777495100833,3.0501907580081955,2.478765936987031,2.8491300719332706,2.7649348620148437,2.7681356554358416
3.2375944955272207,2.7040477969667958,2.7605169650595993,2.700639222923039,2.3410379435221955,1.9231341459202067,1.7224991695367766,1.8959069424324522,1.4130613564987708,1.607788134485837,1.095438703608897,1.3277379641490494,0.8910260565043338,0.8640125657162603,0.8461640603684835,0.9713933874440048,1.0054462862441333,0.4569100580308305,0.446041999440256,0.31810936909033316,0.42614627795257576,0.6617494608171057,0.6472250033377858,0.4709672130924787,0.3509043592208485,0.6200201141297086,0.5834750993244864,0.338066253062939,0.6703452057184212,0.609158509203823,0.4727502145094711,0.394720569469607,0.36435436695125745,0.0,0.2570286070094632,0.3525786426179707,0.5351084020971619,0.23625982260382905,0.6350766137846744,0.30372638335142277,0.26870195313261824,0.48041432760133596,0.3964206545669331,0.7761353344504087,0.31752726811723697,0.5945080358306267,0.6303821809312549,0.44385408802603266,0.5678130074176764,0.4514399286138744,0.5718761367327421,0.7811452724941219,0.43180110022792917,0.6108366503720486,0.7102346516655071,0.7566706143852766,0.6746694299161273,0.7642594763445612,0.6242626565971143,1.01267914382281,1.0700747913874764,0.9042397033452776,0.8441878135857959,0.9751099502588918,0.9316551258994856,1.4726503416245738,1.072441191417008,1.2671393186159428,1.6264674805849015,1.0415739497007372,0.9947842631568999,1.1039500037964487,1.7695964813074347,1.4042784713298264,1.4462507537048648,1.5972994864785477,1.4655197127237258,1.5472513714897307,1.4604100764113728,1.3939350844039833,1.6939381341097413,1.6736762573632973,1.549276230697748,1.863968489527112,2.1724111001705335,2.0223296889810083,2.383690137998448,1.9122537565077273,2.1527842951738645,2.086595214183534,2.357574937569341,1.960176304511787,2.2135327117673373,2.3530300538866786,2.254895425383822,2.4529322913417726,2.276045390878389,2.631334534313142,2.338273067352228,2.2553653987250932
2.2505563432689826,2.0466424739008957,1.709113989181347,1.960282165339521,1.4583542228753537,1.4088736350028341,1.3050683405621122,1.404092724192509,1.353440935231074,0.6619954928542917,1.6063873608244492,0.5818314936848843,1.145997979055739,1.2775825814622621,0.10099362513203758,0.8476154811261303,0.4950776440898892,0.5884466622860423,0.6237874826177254,0.470329434510667,0.4409830161935595,0.0,0.6601670388259997,0.43322530412504534,0.05424591531144074,0.24913064223497017,0.7945168591830658,0.41657789125814304,0.2994938494647421,0.6613336953906135,0.3202254632598489,0.8662490703074042,0.6866090324647978,0.513086278051567,0.6019448144248578,0.4396801663899943,0.8274562056250367,0.5266780729266856,0.7255301406359038,0.8905252687881777,0.7962234238057668,1.0023759363038636,0.49657804896206414,0.8717299962223919,0.408426190571749,0.8148726328978277,0.43695739097888975,0.5970504421111187,0.788789826150726,0.8394640882084374,1.0448982408844714,1.3131032560920737,1.0776748508825236,1.0943815290626553,1.2863002867222448,1.4140983493813764,1.1508935508066926,1.3426848061434598,1.3281822978790494,1.6844037780603607,1.2603723508029283,1.3964646935936926,1.5327085384802466,1.0774573062199515,1.7705146392696953,1.25613040417225,1.6464432394423447,1.621711781516499,1.695096617548625,1.8190574290116501,1.4523787502587844,1.5838643737960822,1.7948847407803221,1.608611597235324,2.4217801658358837,1.9510343612469683,2.095641243038166,2.196791376420773,1.8454469208821962,2.065525200493706,2.4183704268555637,1.8719696618867196,2.169827324120778,2.3741580893659737,2.619107588202983,2.4993236745809497,2.80120013173703,2.3082897153268043,2.339199037046562,2.5577720333854437,2.687272144877177,2.600094476395597,2.6851479880456566,2.4568175324270314,2.4847729267382412,2.654291156617287,3.053978858301388,2.8405677508510045,2.7434208330412275,2.5774879445149317
6.594939907078999,4.33913781819281,3.9922901838296596,3.4058101015843434,2.768978270045963,2.3678324615321085,2.3966602994502644,1.898437868067134,1.8760926469147776,1.6249754856837626,1.418463635902203,1.44927265682748,1.3127227418193677,1.2981020452587018,1.305658679246326,0.41917556273127055,0.44760620741100077,0.42453880457982507,0.706787669115231,0.49167424453735187,0.5072916459473191,0.38123557053961576,0.6537844079343547,0.5763209422080262,0.0,0.4795259406712358,0.5006471034496105,0.21483639227709972,0.2787014021112615,0.1903821049567327,0.2574759403967892,0.4498902721065363,0.30140911530268966,0.2828995884015857,0.06176833828613404,0.11195043799658144,0.4055549604742925,0.18401058559592975,0.605833345654819,0.6075552049852231,0.060944617958581304,0.6337691744640939,0.28842001890577507,0.1452914238992058,0.18807508204382195,0.5007837450885688,0.2220318543711155,0.2864934763236864,0.347580969354917,0.4757947857591418,0.684576672292927,0.9268111380885351,0.6452403715349941,0.9345634925114528,1.0229530993711897,0.8328838066993391,0.8497952728544345,1.2223438393015034,0.9586124634953919,1.1758810515800846,1.3171590887486868,1.1750285717936872,1.270008510816652,1.423999169120373,1.6824647728916293,1.7484189804142893,1.3162085981651526,1.4700402624521303,1.7783582358752206,1.9057194271695082,1.8834723962433202,2.0975323811843385,2.2631609644343627,2.0844319100087674,1.905013869419724,2.116445288964929,2.638933206213899,2.188084349510639,2.232732305196448,2.3978214328504865,2.340335969396003,2.278052081172973,2.2490592126345526,2.629443028997745,2.5883689447566063,2.5142799027296014,2.5947667121009026,2.306489908791491,2.396590409682924,2.7781115662301232,2.744572462823953,2.7294567114205748,2.8732338454870785,3.124791640555184,3.1473588175109484,2.6877928439554815,2.6888618376905526,3.2744085622116614,2.703669514220575,3.3430480325631002
0.041894376819620445,0.0,18.9645095749059,17.48525404409642,16.777015677892166,16.70861530762943,15.86074385186652,15.955721559868415,15.429898645491118,15.337352995751798,15.344376743660513,14.74334042113177,14.568520955413778,14.653067508615798,14.331074924519864,13.944193239505376,13.973657933841157,13.991764476595131,13.755331624201446,14.091749215281927,13.866759121167819,13.725015800839328,13.397243764543674,13.707958091002142,13.871682724832722,13.516495793398342,13.640519638172764,13.741053005752175,13.3584970320464,13.58946720041327,13.467123268067798,13.20371670525657,13.370960160856814,13.404128161634194,13.629726032500026,13.661301078516637,13.51894606434065,13.362231273146724,13.801951686410568,13.65271558055245,13.51605613977731,13.58078170193404,13.854292875169607,13.486131977362575,13.582564334918587,13.701094120540251,13.742759147822087,13.73173532887306,13.726909427775453,13.470828271533426,13.83877781040246,14.053651827091565,13.850276515056738,13.939074102213034,14.239483987727194,14.104229993463488,14.32597353679044,14.27749256028971,14.326222647324728,14.35187236203027,14.43447383323281,14.09594817989052,14.70088246096734,14.69377651225382,14.885784217318536,14.839093027506456,15.066713751171582,15.205807954235427,15.08986747435696,15.307163950746586,15.27613374667253,15.342593445950229,15.38673874177922,15.507724837081659,15.601932605726267,15.821478791012789,15.82573215399299,15.821716966726926,15.693343723383858,15.799628868847527,16.118483188554734,15.98783676084922,15.739666322364966,16.252494749558764,16.177264346828604,16.238005673626926,16.09785973373346,16.34991179225894,15.941752467144465,15.71601230479927,16.07619329326832,16.27583020088728,16.28671967872602,16.355128297887198,16.594989666817234,16.175395121743513,16.43235146340362,16.356546770735527,16.630820691808523,16.404232426685258
1.902234132420224,1.4925200590636116,1.3481068943984162,0.9788790876347164,1.6010977356988718,0.4838251930169939,0.7231710256561108,0.4219785947631056,0.7520923205296963,0.7367475341545813,0.6662652885162093,0.7995600243096757,0.7344233650977223,0.46122163578801256,0.7058820148237146,0.3364041057400069,0.2561772652244265,0.21167901503251585,0.08445662143701327,0.18877000548616074,0.25982245993634656,0.2812221640296517,0.16706414804762026,0.408499623550874,0.0,0.15524072429576918,0.45725917836496777,0.0981767588669733,0.45997772533540093,0.25322093440964544,0.18535070615813254,0.6034226211344276,0.8451454238208989,0.24031432894538263,0.2477762314696399,0.08004984862426667,0.9483374757677332,0.7542194948530394,0.46085313055123045,0.6574540289256383,0.8926886971215726,0.7966604484495594,0.5910140763726481,0.7038393045941316,0.7131927504632181,1.1119534661139525,1.1398181761244732,1.164448704654017,1.0975656431552796,1.3476622433950762,1.342383046293918,1.349460403494838,1.5987982981189255,1.5146363153137,1.5846471215466345,1.7464857082667553,1.4350653345121493,1.7561260388915656,1.7352499157194554,1.6737419237967401,1.8319348329814247,1.998958720848682,2.3829392066785378,2.013320756287664,2.2321784508131994,2.572671205032597,2.5871973796610437,2.5494636959315766,1.9782517151951922,2.230908121481198,2.4397598827283478,2.574861302066081,2.7269048397915068,2.5578696800855933,2.507412779247156,2.2913648448847166,2.6779390488757375,2.8854761792977097,2.7296555812624685,2.957395062407995,2.695430069162681,2.7358591367250096,3.1117443102166735,3.011727970358786,3.1207843042297174,3.136619636325415,3.378613589221837,3.1455872742148276,3.487617411810456,3.1370922188314463,3.4399393006344763,3.060918514138711,3.2828946754889987,3.1012901327986295,3.2766628306957433,3.6899119038679604,3.4905658976086524,2.9269285403771033,3.3129166979797393,3.4988444334019224
2.5864710490618634,2.2969376572178426,2.2946916693583503,2.044043229609759,1.7305763243087355,1.6609660363891159,1.5151024003393694,1.1374160702708984,1.3849634984205323,1.139747312992565,1.0193691516559955,0.9567176354814109,1.0132442705503806,0.9593203033492284,0.6728752290845623,0.5208671624953816,0.7284735423604687,0.6860435609854516,0.41186581091735697,0.2324469472471229,0.5664474125521188,0.2790009008872598,0.2380403029905498,0.28745103828301666,0.3428098061312781,0.5035342795395117,0.2242381409831875,0.08071588493245763,0.1791046460803951,0.3205915512102404,0.10106433179557861,0.3381785586095116,0.23392661261404157,0.2772715255729139,0.07997414788579071,0.11109356574335116,0.0,0.4511616265706433,0.10412561657782504,0.044212391149089925,0.4468898657442093,0.5118111532696599,0.5909665716966863,0.455947421149828,0.234753752249798,0.42196267220899664,0.31660452173971976,0.5571749591252058,0.5449150227264514,0.5783650778949507,0.431952199023387,0.36441428602442905,1.0145511011904471,0.8659061662786574,0.5940311981792217,0.5661630214611328,0.93046406263311,0.8136582430482608,0.9828347931991601,0.9101500335746682,1.2822614436503947,0.802671377491178,1.1370467822705912,1.2336009799228655,1.282455950390073,1.661614310297768,1.2922546509854484,1.437618461633626,1.3680395619853059,1.4111903479775734,1.4016324432183005,1.579452282798222,1.6925462542473113,1.599538228477737,1.8042799155618887,1.5645848294477922,1.9397541518860777,1.928121755132068,1.56862435420042,1.7280400430110028,1.9106466406190385,2.188484253396343,1.8266362433909862,2.3395773748784023,2.043538962137198,2.057526141072806,2.5365460599218785,2.3830753085812404,2.108808634662907,2.5848519565114287,2.491330055460349,2.2210364481110467,2.3318218645400073,2.4811927602959862,2.558223396067021,2.612190038973722,2.6274973200574543,2.414255214967177,2.881851107336633,2.9162839319442817
0.6489729765695174,0.8924260166798739,0.6249648768732357,0.5546813773756547,0.4570960257502996,0.6585881848547182,0.4820405723722878,0.6644945421733546,0.23931436079698187,0.26622254413694435,0.8491160684655235,0.0,0.5637107556464933,0.4943798200662073,0.3823072201697286,0.4090655082809178,0.43218127880430046,0.18837300130101653,0.3914211737677249,0.5168417003536021,0.19652737428720002,0.24498772042031192,0.13510399054666067,0.20321397563690624,0.600217150956869,0.43278732367359396,0.3334130615040216,0.48604921673589274,0.26546337377590845,0.3772091402192004,0.5505685408589791,0.8157502149675366,0.5762076506930711,0.6798405464699364,0.8424476303800859,0.5179729452024944,0.702551622740998,0.7474766024818322,1.0893045738376408,1.0539365114605204,1.1970801000796136,0.8084396992924425,1.087190976328042,0.7743237998473482,1.0114967709352847,1.231700658495253,1.1458753414027711,1.3133727821080186,0.8223929688052323,1.113065673771139,1.3742687246182541,1.0079905158249645,1.9032676976429137,1.246514786522905,1.605136256501833,1.2919043084111124,1.7755305515360575,1.915538286423267,1.8277736925461774,1.7662078945142454,1.939947798989806,1.7181621448147872,2.1388646823888884,2.116785533348981,2.620156893166101,2.2571247779759,2.5085096269832903,2.0204034370761725,2.3446504934165304,1.995165356037507,2.4067098817290784,2.6326553033716458,2.4431001446220115,2.806591875940015,2.5008903414441868,2.741370527789563,2.1257920119087608,2.445264367412072,2.457805845419152,2.4619439741309606,2.6060302286675814,2.5864362196167363,2.866045705163735,2.678955510085224,2.8023741356972707,3.1546461850066585,3.1806324895802582,2.775502771454377,2.824907216287368,2.9756032612475387,3.220395951625008,3.3179418027942695,3.388313965871127,2.7993227594701224,3.2706767457797383,3.24279124930284,3.3368080918781224,3.1020514976579463,3.0677975384469782,3.344806894825016
1.610759830754196,1.8029354405536413,1.3708990939821017,1.4047822817763898,1.6543904149112372,0.6709728345353749,0.9652682627157088,0.8569405035477438,0.7227720406942222,0.946106718083632,0.4765506861442077,0.15166154969270984,0.2257228880271409,0.23098264482323927,0.2536606231240679,0.399788738667354,0.5832100587355544,0.24663593943631668,0.4930502639847987,0.09524327492780849,0.3008518617954987,0.06219327006157194,0.10616952867639995,0.0142281588243236,0.17378558630443663,0.16679076949278127,0.7725786834525596,0.0,0.010578538486036848,0.14980383345786485,0.37566141672487063,0.1357948095229844,0.38200450221102145,0.28208022460114357,0.18051468805597004,0.2860409092021179,0.3891275123345874,0.4976596928770718,0.5964557489397215,0.4844180119004662,0.5355708022451022,0.6734028761884616,0.7815831318787279,0.4753982293356742,0.21775609524897988,0.6236724822966284,0.7283133339969492,0.5932287391207325,0.5413459248768344,0.6132673172958629,0.8587347131574905,0.8399937975945182,1.0711003164554178,0.8709188856526708,0.8459726564647756,0.953801394065259,0.6315143341572362,0.9305577033776071,1.0750045272502504,1.2434316177858697,1.0577804202775223,1.5145126460491039,1.3598867898737446,1.2416732238194381,1.364542454255254,1.7719526119553208,1.5518511625106246,1.8246698445964533,1.460170164607618,1.7647127379058567,1.6922510234718384,1.8936311799239807,1.612883814188658,1.7017022275535627,2.3496516295048817,2.260816159685115,2.2714842583978943,2.0796031802170205,2.4755600160315154,2.2849064960793957,2.0604455065322753,2.5099357313676176,2.3224035167477446,2.410576272846665,2.5240335815855506,2.7425931593400197,2.445805942369951,2.722853847894969,2.6202621843629554,2.7798762683437115,3.0424761238412774,2.6771884366900505,2.942381059000736,2.67745041256396,2.7531728809476395,2.908330860497438,2.8907247865032897,2.5105812054823247,3.0625690993217685,3.1868919518363352
0.7429847379737069,0.8942295587505384,0.3841617958910071,0.22650247554321012,0.3786562496208017,0.22882786769818786,0.3965647060583386,0.6154812819065576,0.3865887004612567,0.49649553336241325,0.0,0.38282633582144676,0.47008013185818065,0.3077124724521454,0.2554461901998426,0.37496120608745187,0.2557561387329397,0.810634664543306,0.2468781043775632,0.18821152993655055,0.4145831961089925,0.36209108357618724,0.3742786560842113,0.37820848862030587,0.007126291379940142,0.5453525974703872,0.5282731716298095,0.7703106504326378,0.3059552627873572,0.40436757640576104,0.9087486833774552,0.7385550640622771,0.4610507376114299,0.8841275371323079,0.856806842905975,0.7302042794575279,0.9170804477807479,1.0496208205147894,0.27520230174106786,0.7064307735006476,0.7651729117693904,0.7890568609775048,0.6011272171041373,0.9708128848012905,1.1833426994495078,0.5508112406882439,0.8067930136339676,1.1470279273851656,1.0767193569605311,1.117797883090475,1.0315460789550226,0.9805886144955416,1.1645549225894332,1.2424470998576318,1.9444752077622525,1.5574312034195188,1.4053547344977204,1.4854605436289674,1.4589894869007338,1.5506044763764226,1.7506475338989897,1.9040937596898448,2.130871250537913,2.1151569597710704,1.7873855642156666,1.898638230038184,2.130490992737279,1.505123361155663,2.048805619314633,1.892883214324785,2.349112422515921,2.1363539919864625,2.273512671667392,2.2571727166251225,2.5824380360390684,2.3076261188882157,2.085180142116174,2.3043656094162657,2.5672301503639314,2.927120415027268,2.533705115884249,2.59872706999648,2.699496405334518,2.878253669954102,2.600705425776674,2.3915187278099186,2.7343541622249994,3.0089086835486576,2.6442968847072805,2.952402063329977,2.989913062813084,3.261015739272164,2.7975212089670087,3.135225034335207,2.882317792907102,2.9039348050274896,2.828660842326933,3.3254988306341637,3.336960899610073,2.9119328573847874
1.427620238073171,1.2919105884939182,1.155550638583259,1.1237010814160353,0.7743197416978145,0.9378569404900361,0.7765951306442762,0.7587862916107433,0.7237719631430775,0.5429229584340476,1.0291550805074916,0.6323923491354897,0.9007961184516926,0.8685266420244915,0.4186090060307759,0.603327922866125,0.0,0.8345343164831487,0.2668410565708701,0.4276688300109033,0.5793612942617212,0.23400590930393328,0.25415983482145954,0.5479006867705714,0.34221425881513134,0.37270587677334,0.49347500039315406,0.5063878259671153,0.5453234230480692,0.9370017324920568,0.6013522445295028,0.8192021816865154,0.959416325923387,0.768066264231317,0.6683927212658016,0.7003386754460674,0.802434433721249,0.775393534415544,1.0205981718269896,0.6775391610848054,1.009226926826475,1.058194972751373,1.0040993344528264,1.3209852888149474,0.7668630101473788,1.1658970276006482,1.1186855997580682,1.1498512807236825,0.8310051167729142,1.2014919927412464,1.0720987904110792,1.3396144809667128,1.2086504142108385,1.214680686603197,1.67243620677689,1.5216921447706202,1.6598936866658764,1.5386752733708828,1.2444474022732024,1.553683858807272,1.8189661085539868,1.6701302779010962,1.7043686921278969,1.597330298664179,1.7600839697129071,2.0595478286194115,1.7772867032497768,2.1576953441935895,2.235473559716846,2.130576667369912,2.4255708529609414,2.0533824233053437,2.3105291671709036,2.508804122112629,2.457229332114462,2.800817128701688,2.2874063860210505,2.5749365004967455,2.265217903995186,2.728036957445676,2.9413414414251413,2.578562808016928,2.889959020273178,2.8723418648164767,2.797738296476995,2.7887465687928117,2.7740360514108087,2.6881302838231846,3.174523880078654,3.073418398070862,3.4144168531133356,2.855770043805693,2.756109697438742,2.961754403174586,3.500909458463278,3.2145427448642767,3.270880322312083,3.2681446564420096,2.871927368024071,3.0484196656880815
3.8570309144408146,3.7133918823194048,3.4190331653163692,3.145464806696234,2.6519671496387485,2.2439348334289093,2.12601117724828,1.8524477555675531,1.7004220737789844,1.9152943739062316,1.2962632623118449,1.5101169996056498,1.4394823631346938,1.3867856281872832,1.2360149046444633,1.261041242130812,1.021595245102139,1.0251474075189062,1.0824379054243458,0.8817304437957745,1.2225212915412023,0.7622673690199608,0.5826301745000482,0.42460403523056733,0.4947215538172234,0.40961019498241313,0.7066028460095417,0.42219776334929193,0.0,0.1320425110507788,0.32725083005905553,0.38784457256182137,0.6231326160783919,0.09533506820031157,0.15198953822418737,0.25700607787145735,0.5693199165082241,0.525584712104159,0.10745402463277998,0.2699718549061725,0.1347928947190251,0.2839299409185472,0.4842421086890525,0.5872280483482797,0.2500165860337198,0.549698395663988,0.605262918387842,0.7404331554150883,0.8054344719167261,0.6788224929147049,0.952437299825176,0.5894856904049064,1.1213281311364813,0.9452580365210306,0.714045968386058,0.5826881201081271,0.743995856780586,1.014767270572639,1.0256399249957493,1.4547129625642974,0.9365215312837734,0.9753626310932901,1.2169228355381332,1.2727989259553105,1.5400328731375303,1.4102791368117824,1.335429974656714,1.5596880311231907,1.7015723677211874,1.740950843239231,1.5444339710482637,1.5127661464928828,1.740275048609755,1.5585666648093959,1.510005745916672,1.3461416213592692,1.8305370968382615,1.9169249754864932,2.029948119700423,2.47035233949404,2.0310944429229068,2.1189853981132263,2.041006195995722,2.243241248794485,2.1905291665106397,2.669329198347411,2.322341104161035,2.3160435533655956,2.481325411623393,2.335685125083309,2.1698895164370864,2.642158625683413,2.7635453151874483,2.8337360611035667,2.3034946315203833,2.469277814804526,2.9704957881304868,2.72469539817015,2.725307292653161,3.0696349668564356
1.4236564762190582,0.8819798818938391,0.9674523681610854,1.1407587013529916,0.6590295233707284,0.6526888415377421,0.9070507159080243,0.6893263293628387,0.7827121601324638,0.736720518919137,0.4751503892531268,0.5922198272439605,0.5188620609697061,0.04487831668910758,0.5019314448723691,0.43232219035831676,0.4162301355427509,0.46738537718406725,0.5074459231223098,0.0,0.12971374097524802,0.2171946697340843,0.13347993250754087,0.3363821714252566,0.6218535847713813,0.15252139866406544,0.4951570996746444,0.4913891940279669,0.5461725154812438,0.7015502330965262,0.34807154169052623,0.5674284475870497,0.31590591758017794,0.6395173865474266,0.5204238152398215,0.5862344976524039,1.03461859731674,0.36428300680612047,0.7698555625607746,0.6713267541573416,0.8774756884625141,0.7317447134784469,0.7913062841350627,1.1368157902517861,1.1319787957109941,0.8739282596884017,1.3477641632615587,1.110854223827161,1.055274802225446,1.4865951526632522,1.3416343956358432,1.245364634270608,1.4162563207937122,1.6388868412563262,1.1630785228690463,1.506313051024172,1.158324677850981,1.3940205298718737,1.8600937503895238,1.679708105906954,2.247253208643656,2.1452346672313407,2.134173438375093,1.7530300682492292,1.788771928571995,2.097797841452266,2.1027256577738562,2.2650742062659397,1.9044618415428118,2.6824530258262254,2.12025889656411,2.5974989381433726,2.3767471595805763,2.6975275796206777,2.3817837872448404,2.5970028718091616,2.975539582465567,2.896294262322348,3.0276169622734184,2.528984075889168,2.813576150872974,2.7117182697544937,2.969350261141921,2.963586876325442,2.8707752169092604,3.0917214950971843,3.0786027737086865,3.061621750679551,2.7716669970610166,3.1178961689222024,3.351375161561263,3.653095942970859,3.078029073035127,3.0880080649908397,2.987629895325549,3.325886060248129,3.5078643658303985,3.2844412682006823,3.378287878070852,3.28077667174105
1.461342905098963,0.8691072066224343,0.8581324247584838,1.2138534105749788,0.7253527309442926,0.4484303246327368,0.6732941725714685,0.4284936997089588,0.2186960713833841,0.5796058377858841,0.10691670010175436,0.12631854178179402,0.15238386861644493,0.1278838506162412,0.01546107465245683,0.22923584591817026,0.12143146003242933,0.1983516994897201,0.3071840869863909,0.10394905112934438,0.03785757425234593,0.2596907546374041,0.38312047580598474,0.6180020500671919,0.3946609003135748,0.0,0.3271548685108705,0.29613147797289585,0.36927898802902703,0.45080573504090715,0.3478480708111622,0.6711815268988559,0.794446203601952,0.4885284840346351,0.7441991055957011,0.6460623103881051,0.5169795946001976,0.70167186243423,0.9658775517833522,0.6614973277949616,0.5929271742529174,0.6652892956164607,1.0084342534024842,0.7252393233452654,1.1942812069033906,0.8156961332281814,0.5849565709609958,0.8537975418125434,1.2982934880174533,1.3705735971368807,1.0902121886311331,1.2350731481679347,0.9543120765836886,1.45005734554611,1.3578487317888985,1.6050331626142995,1.3475958639456653,1.5585173657496956,1.5765858772374735,2.0448668978640647,1.9387322972916987,1.982388991590847,2.2948458426876073,2.2341913145600216,2.369163734894384,2.4326659562436195,2.509899107798967,2.000381029518511,2.5266672523549314,2.511175463520603,2.329451696184899,2.341139439232192,2.253648086476481,2.5056773360519404,2.6326977408139864,2.4298870061996123,2.521183287530457,2.8552047120692183,2.7944695587365995,2.578482289016824,2.8879155932859195,3.2136177289333414,2.8698127347826645,2.844447958778792,2.710013108221572,3.1689744175194345,2.9234394970209028,3.113328090485611,3.0960047810478333,3.2520210576735398,3.1626616819524056,3.308609847207167,3.155829653311505,3.4334339007832586,3.06645065854981,3.0901078151453074,3.0422500837231237,3.1056549810036014,3.2662425699189708,3.2762114221567646
1.2564648537565137,1.4014916317923287,1.0888856002881155,0.5100107173600712,0.786174353628649,0.8915222382868269,1.0443776606695643,0.5136094529211146,1.0908613234788689,0.7963946667672595,0.5231152686113223,0.7153939888269178,0.7169649668277209,0.6615208147986422,0.34669261592459755,0.6652827901659606,0.1691121315266333,0.5348280106773284,0.7061557717107316,0.348322560916678,0.39735747614078676,0.17254202371836236,0.6186622473510077,0.39942076897270873,0.6085868590816474,0.48986784533054184,0.41285245319581954,0.3723073383025888,0.3289880329326529,0.2555168055004362,0.3127904271609676,0.40044234595640305,0.0,0.5164457926951354,0.610888169680722,0.21855720223491382,0.6278903512980953,0.512318463525876,0.6049420365981817,0.6717687549430877,0.8957684628064104,0.23687909076093483,0.8454127395706053,0.7244700851826309,0.8067523153171994,0.8056971046671197,0.9446437578464391,1.217749715871145,1.0893324890271412,1.0132420199766745,1.3949396137174102,0.8056897163690735,0.7474569560456121,1.2831022019148701,1.5346668001759713,1.3752644229282254,1.5666504562761912,1.6406042232485198,1.771983409830991,1.8781032461601335,1.9970810639466041,1.6914589808434073,2.0373465519242036,1.912547258363464,2.128078874733106,2.0115443749587776,1.8403146755841835,1.9185854407069716,1.7423998750957939,1.6758539169069806,2.001979825640632,2.0462877465742206,1.952818792097986,2.0474101626385828,2.3932436677851143,2.636448475945871,2.400528094445308,2.484557519337315,2.2266100441305667,2.9900053220053824,2.3475249512743996,2.73176157844326,2.64320065195154,2.8912039915057317,2.364998561723107,2.4908548769031107,2.780691384393153,2.898827248648688,2.988661844925078,2.8516984439818405,2.4148455063339647,3.140548771639816,3.041903341046231,2.483324363971537,2.8882301621639197,3.1276998121837227,3.0760086060972203,2.9427892366536863,3.2821748312108188,3.004946696340218
0.0,0.11614605873477121,0.3487509915017501,19.69168706352966,19.31072261642987,18.295420229440932,18.023299636446385,17.55879247107666,17.38929656365268,17.064062004152014,16.64654434924382,16.21883413224349,16.34845955569787,16.209780306905216,15.771006511870969,16.411548770716795,15.98258232930136,15.65362584230569,15.981310834483484,15.495887495208732,15.410622373250893,15.18022220825156,15.337237793000263,14.899845394242865,15.055395606979026,14.888158565862918,14.764390577036417,15.565397234150645,15.207371312164002,15.266361342792024,14.972202034264326,14.78853838743302,14.8832643989173,14.638973238502798,14.78928836556736,14.762063550523376,14.500160366877049,14.561592973864967,14.839384505427715,15.026452037489811,15.22348811392092,14.944362265087582,14.543185337789916,14.69986892554254,15.145339477246742,14.98595511548168,14.98549067408876,14.833664003354047,14.912347818921575,14.880488000264581,14.953588364113264,14.988820673318527,15.360475564806604,14.922067577004256,14.925852508702503,14.999108075604807,14.869874741867033,15.180792580137245,15.112946955370775,15.469657595050085,15.483746445834223,15.876771362195846,15.667013913755234,15.425703334179287,15.627857718423595,15.585908387876964,15.572986510062709,15.790123681735007,16.237427267302877,16.01601510605761,15.899554652755398,15.84952693510371,16.424871714373488,15.97679667496987,16.092969544395313,15.955251652425485,15.852811977692813,16.722811117724355,16.33432506285044,16.86391656667526,16.07075846895696,16.403009251230166,16.85257442108851,16.578078542658574,16.716904293729225,17.167711250847475,16.711391761091296,16.878381174466377,17.14543621279101,16.84195411922411,16.978615917033814,16.85726715048911,16.78394553940064,17.203509994968773,16.995268652656556,17.236610349596557,17.43843049408317,17.215426730879567,17.248006985188404,17.333601863201732
1.9840810964912556,1.6202264323282645,1.5724796345756626,1.463981415167373,1.286771776522798,1.4278942836926447,1.3068336915365322,1.4086578469380147,0.9874269797805688,1.2068310048006694,0.30713103499224204,0.8365054315797043,0.06373730882446971,0.4214116123663434,0.47789758676325,0.5166633887452452,0.8521264615190134,0.38644664942028584,0.0767565284904066,0.548664081940073,0.48663474315180544,0.25393417473583746,0.03133830009877947,0.531582208248615,0.42775084743903413,0.37223806216368693,0.0,0.011292889262927375,0.649611316832873,0.45190354861804316,0.15291852276309648,0.4420400812871321,0.23991176778232237,0.05138086923888707,0.5274158560673392,0.28061304557073896,0.6524349282784261,0.25446037976093017,0.1479648998127434,0.23053950113872546,0.2687060281007021,0.5008799852654082,0.6605685368375642,0.866947811795507,0.4563587208880726,0.7800223782175149,0.37951255030201914,0.6273780411260521,0.7083769115718255,0.6920703776512109,0.976583424234585,1.0167386128448062,0.5752065488011748,0.9874949963793291,1.1887724802335757,1.2939813013046582,0.9362746785084806,1.1361843603714643,0.863715686098848,1.5862467756625005,1.2133909528836124,1.1649429314792865,1.1898956894962325,1.480010558108594,1.710422167443289,1.8789028168346142,1.533414282843495,1.618024135031117,1.4808556363063463,1.7919510031387862,1.764659807818708,2.080777033222759,2.2258736312486516,1.9746128060169088,1.9471141282424025,1.8810679822271137,2.0457725363251846,2.04958142671569,2.1976055394114535,2.042631792394374,2.2413356928512,2.360557332117315,2.2886159217365236,2.3067834209152505,2.4694763858906956,2.4056587932872464,2.6363116325688214,2.95785459107441,2.3689517941391447,2.68066572932487,2.731783056445588,2.819718371250401,2.5627384642120585,2.423148697433314,2.558440206115529,2.890900077328533,2.7083936528027746,2.9797101302960822,2.878595520264218,2.9617440089299745
4.607685880347018,4.0490746683531516,3.2648445978294287,3.3205071998039752,2.8379633761051704,2.693409239963769,2.550241770869965,2.4193194407464294,2.2006830532289072,1.5994041129997054,2.0479464433794075,1.6624826942448294,1.5815648675806724,1.240387494736348,1.1973133808701615,0.9901448320776058,0.8515862675728538,0.7860653475021948,0.9726164986074419,0.9196598632437087,0.42936433747218494,0.06486353996285565,0.676817306107834,0.4068275925284901,0.4939629072562912,0.5274098961914397,0.33142286378493857,0.4390067969942759,0.26910449182032536,0.15215092240245376,0.35999250842842834,0.9054876067107447,0.4049012040207032,0.575288778844012,0.2547152609264245,0.0,0.06588261480217383,0.3028601366333987,0.48479629977193817,0.055310587024832714,0.4886098360416433,0.3028092689843689,0.027381992775906028,0.5121753305229131,0.6539327439749112,0.47789825423768306,0.2795284511766063,0.44218120142187267,0.5974238247826875,0.7739870456437554,0.7805257660756766,0.5622027916609813,0.7536475510047573,0.7450365305914222,0.6428188788515836,0.8451114045181178,1.390441033686841,1.4197461939117275,1.2603032655966455,1.3886425159790647,1.3698437585397425,1.5322468903826802,1.225957732743689,1.5104174714818264,1.3600599139073442,1.6233322941006723,1.9707942109504,1.6059527107703069,1.4138222239477827,2.190051244270485,1.9062323396695948,1.8310655483955323,2.1355116476145106,2.104573045659496,2.416077711052539,2.3245195139678803,2.069609227882431,2.3195336776082947,2.4991047466402154,2.7928345703588153,2.4548263025215658,2.4136539424024797,2.3399639427669587,2.3852559600614125,2.63773446261448,2.6306534704330584,2.6788465970679507,2.611827048074426,2.9169983565713604,2.730892456415555,2.886412834971642,2.8231721699129206,2.9496146786343846,2.446310724980213,2.978337789392876,2.720476830999603,3.080051643083097,2.5367789533600043,3.001837210871601,3.4354442923639876
2.366784369193198,1.9286292186748994,1.7633302645937619,1.3606880035080895,1.8605398475851747,1.165986578006235,1.3665869922783571,1.4171921609012443,1.2874655224377651,0.6829140729004877,0.8363662166546764,0.7068662267083106,0.6846333261606272,0.8106296107866111,0.5432631026487833,0.610170851803348,0.41932471955880324,0.5143298851858322,0.3590828314107437,0.32842795781647993,0.3346068986626136,0.35503056706457414,0.6940490080321542,0.604549778503344,0.5445727974939096,0.7700971298543848,0.5487089915462224,0.22584921758386223,0.0,0.7551039629998222,0.5006995729855284,0.4581882186217392,0.5025581392979088,0.3825551121824411,0.1903005179215711,0.632959353782903,0.8387145285853812,0.984931717149431,0.657497077023395,0.5562462362035063,0.8408118276674088,0.8278158717215529,0.8196212148713666,0.8553857286874269,1.033635183188471,1.2766040430462802,0.7762439625381088,0.9695409980220653,1.1806039573233775,1.2939113714577406,1.0466226851072733,1.3324403334460548,1.3464604015701003,1.6513417076639918,1.659846009086392,1.728009157469577,1.9302275849028785,2.0135070727130273,1.9926228184581767,1.9394340257052782,2.050603298575055,1.674132021358849,1.943285315065463,2.235871171654548,2.3985715779879833,2.236277494462559,2.0182971296824928,2.6175123318803415,2.5180136512046722,2.515518407245999,2.654065210286692,2.661322413757997,2.8283683548281537,2.5583194142634227,3.3789190821115866,2.643499571485396,3.163656699929078,3.1888615124378674,2.783904877963181,2.810031015758952,3.2385789849179396,3.187698515734944,3.283332643360062,3.0363595346768903,3.0263069647068868,3.4013084320985563,3.330511528196279,3.366723775037883,3.1252398734903295,3.1876830566559846,3.260949616190601,3.5245861831610767,3.4011115947578006,3.5263823904944402,3.3072995038703716,3.6003626480246886,3.3056237642664463,3.305190593916226,3.416440191160177,3.3845531148629817
2.3692338517822975,2.0371755579332387,1.9447649453732154,1.422347645237572,1.6392017279564186,1.5037150084843098,1.4205358103606507,1.1806135825618167,1.4937140709713788,0.9552917899778031,0.7508696903075904,0.8517709000180496,0.6842201394682697,0.4661504176954754,0.6038693600767004,0.6594338478940127,0.5335702592257494,0.5214031372138699,0.42419736085343906,1.0914743199846768,0.3989345963331026,0.28788311040661796,0.23966728057929565,0.6256730034604328,0.18455853978531067,0.1809650540649148,0.44226617129688783,0.4629741339705191,0.23954894955142159,0.16115540077733392,0.0,0.08488818490190475,0.2801420672944541,0.15512795813740787,0.6713262410435217,0.458594120218736,0.41477708746595354,0.346144358556117,0.19312693181833218,0.3545869441393794,0.32194869295223505,0.4853041031968406,0.7805056281439668,0.10036261879508146,0.1941099111323652,0.6477287726521155,0.5081671832903663,0.5525093645727726,0.431746744708974,0.1910362441461455,0.7261123560772091,0.6147499173933095,0.6608639338650164,0.8965698115111724,1.1161544896978874,0.8811329923171165,0.7833608517864832,0.8193523787771717,1.1561494904049496,0.8009989005887697,1.3239629992924407,0.9758863219573026,0.9589470384002947,0.934367766321957,0.8625138684379507,0.923528711986437,1.1134633019242273,1.1639611180591736,1.0352297773661334,1.1968434396741507,1.4008696532999387,1.6209133701147422,1.2410532536736092,1.3527412508905527,1.1771420354107516,1.3589638000606676,1.6859449800558686,1.8379760410587203,1.7530369629806017,1.9478489684873246,1.7496517726863985,1.659106464980649,1.7342778852171286,2.020017828273126,2.0941055786672322,1.9117245112235075,2.028373746815358,2.193690942595378,1.9693874399012898,2.2325969388491167,2.3679100100057404,2.0775324498455205,2.3451213145521415,2.34921391360027,2.4288845215356787,2.5876155488502413,2.503106920174119,2.822094835337168,2.4830536288258394,2.778531266856046
2.8793646774006074,2.5861164043409612,2.1130427875576228,2.017680084446992,2.3966523738766323,1.8242477402408728,1.687580241813956,1.797222784207472,1.3694192397239515,1.3530843230920713,0.96079256995022,1.1039258783708998,0.806298492931175,0.9981594653171673,1.0512476271911684,0.6216881779024632,0.40843048429189643,0.8876295453234917,0.5634902802520756,0.571373704557244,0.3733814013221455,0.5445956316522462,0.6965356216100123,0.5762249280906424,0.19608322503701991,0.3479801637986544,0.2630902252112861,0.0,0.3131092520191654,0.8065548876549755,0.4603491386258671,0.32983035333630184,0.6145737669388662,0.5826450541723833,0.9069267459301535,0.3162051990773094,0.3636897180433962,0.4406685307762217,0.7084254850744092,0.5126974152061745,0.6801128789019923,0.431341506752668,0.8818423500082826,0.7663938895838296,0.9145777865336466,0.8653035262918909,1.1520435972480687,1.0685595742434426,1.1299997502604757,1.1498296777587083,1.3758018560563219,1.494965195453121,0.7259574832597124,1.345435555158593,1.4788066385747047,1.3984461489621918,1.651730302656416,1.285577346747763,1.973523468164947,1.7659763905194321,1.3919600106019185,1.7933151586760925,1.6343422150399842,2.1854415876188344,1.7054249395415777,1.8036555870222006,2.0680823799159125,1.865222596758299,2.11871165320912,2.419575724699248,2.5108648040996773,2.0711815306166077,2.5055229619367676,2.4613455538138833,2.6376631754165043,2.58026992412322,2.471179965199516,2.4984519083470627,2.824734336899594,2.964811892955373,2.772854544265174,3.0260274811274908,3.0898997942898365,2.8257081281752843,2.989271520881525,3.3113674479612936,2.9586801354992414,2.8324362684722733,2.9564776155626245,3.0043301384329855,3.100765654130706,3.197016398847291,3.296410616189453,3.0454468490741267,3.330845303395135,3.027433516015959,3.1113225015609505,3.331718822696642,3.246211756767414,3.5650770622416044
0.8772278036152539,0.3783299157204887,0.47484658311159933,0.5205189424527319,0.9514571407080563,0.3537582421570953,0.1082139359609009,0.3430258661204899,0.5927185189627711,0.7622907512497914,0.03984644623742106,0.23870132726680637,0.6745436234092033,0.4057735848563784,0.21048057915425922,0.3133836712694418,0.30514705166060274,0.2623996070254151,0.1300810581194387,0.4063856058045445,0.34334383143472813,0.06932245535489834,0.11118124891788561,0.058131691884343084,0.230948653193364,0.06253832366267353,0.47056556755308954,0.5192772021319723,0.008709999479739494,0.21100993681634073,0.29476972937172263,0.2710555848122578,0.0482808328575981,0.5620772828012175,0.24562271496927046,0.0,0.4320512346845664,0.33981318154690854,0.7360463502780519,0.9092500154377756,0.8368859958048596,0.5571914058380383,0.594402516032531,0.6120039689629007,0.6709751850618417,0.6079107319067223,1.1676077915157173,0.7980017407411619,1.275261968019862,0.8681384147361548,1.5805104880357614,1.0920969938738487,1.3593950635832162,1.5929622851309126,1.279885071454446,1.6974601056089096,1.110288467922695,1.5914667096867934,1.576480427104233,1.781914526215882,1.3344524034728913,1.5367583275401167,1.586435752560753,1.8527843528114278,1.645261406781044,1.6968909445068068,2.0646462860736428,1.8780308241915726,1.9073198062775205,1.9908129268728416,2.6931136707010275,2.4736077762568307,2.725555017655889,2.283863385164004,2.7306755551905724,2.032193607194589,1.9843344561971819,2.1009235863790074,2.314943492933592,2.4525092237552855,2.4782804615942453,2.377487023807044,2.3105897932682122,2.537906785172332,2.852203462259883,2.5871883659313326,2.586944996502485,2.904754871044066,3.051000990396833,2.7669067311937283,3.013497221391276,2.9611954818043102,2.7998635726392322,3.0563035628773605,3.227323900139705,2.996453235129806,3.244091253739768,2.8812311630314404,3.1299724775796456,3.0113365723517376
1.4099267323142008,1.2022132534969199,1.2618908783161622,0.9220348778087502,1.2885836914433,0.7943933921852402,1.1484579448695627,1.1025942610642172,1.0616254226332007,0.5283143257451659,0.44444128420119355,0.08150233165166298,0.6084258894411452,0.680069812898509,0.748103349095457,0.44467446643920994,0.3519972955267523,0.6179877390255957,0.15220972982750425,0.32249934361400534,0.540178618540164,0.3322710743302597,0.0,0.42627445441481093,0.19443029530313538,0.2242211742598137,0.25161200382178883,0.5192906309400787,0.34909587481837967,0.5406728099075355,0.5892518644636162,0.4454862451341537,0.679996212752318,0.3869109084065112,0.623488868575631,0.7840380615324474,0.5890195380061432,0.35247380181911936,0.5747258409101548,0.6539780591296385,0.7066162782979379,1.0274891484051665,0.42092498069736806,0.3429939756046334,0.8166854532584775,1.1150146979337912,0.9839093429479195,0.7556696923687589,0.896076424328319,1.157116681837202,0.8657940643907853,1.0152738683102456,1.4110774390651866,1.3624961844594807,1.1961324064182772,1.2066652050140316,1.4748871730314228,1.4235455219750488,1.1514179849547883,1.7000713688797955,1.5514082673897747,1.7583313401751486,1.4814526759117133,1.66971245798997,1.7445957767160234,1.5750990270149199,2.0547653909055494,1.4201542564273808,1.8649596445073602,1.8644277264445517,1.9281854348655898,2.2478998977170495,2.2663970781178797,2.2021865004800976,2.1555109898891676,2.720891881130326,2.445120861620067,2.591284370761226,2.4818482049097828,2.8211929452095674,2.448982192506721,2.199630533320496,2.4709416731100156,2.7168532676140025,2.489554108866038,2.7875901643277246,2.8592879738265076,2.9618596574566816,2.8805801598380576,2.679724295315946,2.529861562918109,2.8808451993303414,2.6909079070002075,3.2786962793197674,3.1413897366455856,2.820335383416289,3.0189774987751328,3.2820292364795804,3.1825222645151463,3.130971477409293
1.6384040075873756,1.515996413095218,1.5217346445033897,0.8554342923794227,1.1331802423247375,0.9972168911752348,0.9493842621303727,0.6470072101349729,0.8543190521472699,1.073402824433229,0.8438929251218195,0.4147427584342207,0.653647003208647,0.36817411858789306,0.5906627244890572,0.6424923550503472,0.3248563508982176,0.0,0.8107086066012794,0.7275968434781479,0.5448845756621203,0.6423082437918843,0.2825628064251333,0.43241510808830874,0.7574622793458978,0.3732408421283253,0.27951577003608996,0.26570303783430127,0.5350901647085085,0.4681394608960918,0.5526906281300938,0.27541385787163897,0.33257085361336003,0.3794451393045257,0.4822419606496311,0.48307237226592115,0.8043110838441176,0.3655113415214064,0.38201705609681724,0.4142275255264085,0.6974374671543249,0.9142521745156245,0.5527236794405166,0.9192142820057185,0.3517865293525748,0.9233742277364687,1.0931986668579405,0.7692712901069747,0.6349051210178267,0.6755687120603433,1.2451191880703334,1.3078539013674533,1.2073542408543432,1.4972852224651056,1.1552364246460947,1.1472946035665448,1.2551758013494485,1.3793184257983775,1.3080824953046193,1.4417671755059551,1.7347381462894909,1.3151888319524705,1.3110487312303292,1.6214749084689775,1.5813925637517574,1.7110267094133071,1.353337151446464,1.7513584511213374,2.0001597110198777,1.8705780304734017,2.2885704048204953,2.2706766112618357,2.1492337000624477,1.8787742863603256,2.1398189929355045,2.0179217396292746,2.4314298302639745,2.3508523428178627,2.194062125253085,2.2683916838386793,2.610917393387968,2.5032917938681685,2.5283576140828696,2.7793838168928886,2.5596761149673846,2.556376209130338,3.086796350266564,2.75547979988211,2.6548272270875124,3.135797176044335,2.9124378993989914,3.1519031701474525,3.3383895510540427,2.928498918507664,3.2292139402195374,3.0441425059187353,3.085443083551226,3.221424806437433,3.1371286405024357,3.175162102575108
1.0280824957487589,0.9198530743502964,0.9896690336986325,0.5214876318030939,0.99273719168988,0.7814472199052478,0.4767842540959464,0.5607302751944943,0.08017883681773341,0.5610033091950974,0.46090802712677714,0.5857362069160672,0.29728422126254905,0.2894361522351776,0.5922692292896539,0.2728514597214229,0.2691837923958893,0.372600446786727,0.30611781959702533,0.252913525454014,0.0162927415951426,0.10590666513715519,0.0,0.2613625050787327,0.12859862184046378,0.32670947264925054,0.2452218081248585,0.21443516946621521,0.00967439035582629,0.14338237915418084,0.1943152048044734,0.2507868760354608,0.505251943449327,0.7187846183632445,0.40074438726091266,0.43723096394186634,0.5311442190175484,0.5859643659276195,0.3359833247538404,0.35595212132112053,0.270731437074625,0.7038664538403623,0.4623482965671055,0.04758068771331736,0.33931652373372323,0.40354784065627314,0.6329886614477331,0.5844222518053623,0.919081961022254,0.4584076902927716,0.7951358075849075,1.033259013221313,1.0638487251916136,1.056422535890201,1.2443228953382501,1.068387155006553,1.132201998464529,1.241780695142861,1.0118753630731625,1.5152597337675253,1.0057472046459637,1.208310602832551,1.290540838717309,1.564417687973565,1.213683079397665,0.9774865713952909,1.4424017622197223,1.2885761443615902,2.173246574432909,1.6550495523233035,1.706118178571863,1.7048568351738869,1.9570059559600548,1.3962902320011459,2.0915908056052643,2.0629655271240956,2.14765248942234,1.8898493627077588,2.2139486280835907,2.2303550124931775,1.89170788502404,2.3138471902323445,2.3869643518054104,2.375659303899127,2.3590171497580634,2.361947923788854,2.4356766344551275,2.557777088206187,2.1468281440771406,2.6596536459127513,2.475044526444485,2.746285633503355,2.623310070313231,2.2636132051026863,2.7612623497411697,2.647390635858308,2.4762699938109165,2.6565060353184258,2.8156893156481715,2.7587255726036695
4.127660440596905,3.9896462090558877,3.3959788917463136,2.822611698831512,2.591931107013842,2.8276456485388266,2.535586995543909,2.321057948937513,1.9148381032524195,1.6769742222582291,1.6340743037156233,1.4179267845268377,1.2985298517302724,1.2129831230610169,1.2294450382814333,1.2918542119051732,0.6946763787840293,0.8500308094833215,0.651353617213756,0.6469697400727732,1.0119996690099935,0.8478321986474384,0.5060427061480848,0.47112284134705007,0.41103538296552244,0.14063571014136933,0.1404564571262572,0.36470633975420697,0.3615692241751347,0.2771744404870464,0.7180197267565145,0.1229076102080775,0.07904014188634179,0.3195268061626564,0.4151751748398791,0.0,0.22015858842089742,0.2631561471279582,0.07904942030623552,0.08269685095113566,0.3067752906430563,0.11045432012728362,0.5361931093664509,0.5426887919612042,0.21897374641882905,0.2606996113749034,0.8462470127932686,0.7314403191952223,0.47079537545716654,0.3593616378048772,0.7161452816282026,0.5769709902289559,0.6452636940528649,0.7207333651194858,0.5145432568189285,0.9208635835004628,0.541108122653899,0.8282781118369797,0.9815908084485194,0.892303732510948,0.8400397205104806,0.7581553580095832,0.5911918476530236,0.7860247538713256,1.4639301676574767,0.677647469205862,0.8019984631033115,1.0734485741557194,1.080572179192032,1.4587118524915574,1.155089678310631,1.2044311733709296,1.4298887720227533,0.8074713079105589,1.4912223925063124,1.4193544505901574,1.527281887227657,1.9086310390559316,1.4797646671792233,1.7162921401112232,1.7634802440950086,1.335153112766882,1.9378901251926006,1.5498828048605855,1.328499159296225,1.9514557066001679,1.7484962118165868,1.9964183978089416,2.243196293008486,1.9546884434599079,1.9723402062368418,2.34971939043821,2.3324503054023094,2.4122667114182423,2.0054622386019805,2.002933295044407,2.099596746099685,2.3200664580818504,2.4478168198495087,2.5539182922652177
4.69070932158232,3.9632499278946494,3.402292699650255,3.3646341959003774,3.0437152071627214,2.6947574562703682,2.3710523295519295,1.8645396761108621,1.774686527895053,1.9443572436060208,1.4980654572420828,1.5619211104577353,1.4444491946791356,1.258251424939628,1.5028431942232832,1.4013641090052946,0.9153322223849916,1.0845860849736955,1.036399177974637,1.115211571097543,0.5658021559684894,0.5722890185072451,0.6697494972087963,0.8645330093083814,0.8103233410605366,0.1954346319499134,0.7245768753276458,0.4302996618992445,0.6573924872621948,0.759847563387309,0.19247942511595006,0.6583705999143152,0.2890707274924331,0.2070738239402221,0.6166402840027541,0.3165477887488066,0.19374775533614041,0.42331397475472166,0.3582553857335551,0.6186623215274594,0.37299065775543916,0.20477055358936447,0.0,0.7389840263444203,0.5154032858855615,0.8577120282352126,0.5507066184350169,0.4457740523256337,0.8891202700871599,0.32639759207272334,0.6044158937486213,0.45794803631530456,0.9514910422393044,0.9762125821743179,0.5584356560518859,0.7181081814385788,0.8044962800781139,1.029334318417515,1.2410603504412983,1.1120258223758608,1.2931014986753127,0.917402429044385,1.1335729890492257,1.4413516961484714,1.459017187804431,1.4779561593577188,1.2562844844351986,1.2995201823267255,1.712736370742661,1.6335685832147355,1.4473308538260188,2.1434449881195334,1.8351599705253,1.663107153687129,1.9466892689021442,1.9678867344515822,1.5975447779270784,1.9450050872528308,2.320400028691637,2.125618917556432,2.251413055347138,2.423868635867189,1.9910987144829004,2.3615353368058933,2.5873533374554807,2.4416057210836275,2.6491017634751746,2.3900591659421533,2.3858651420089014,2.7139678785076153,2.837990021636495,2.791119686901604,2.7120101728587027,2.9363760343402365,2.4962912555046177,2.5616784632034584,2.7495548246604695,2.996278343145663,3.096534570962694,3.183357934303638
0.20023061276966675,0.3701909088955585,0.09414800834059395,0.16403332309837393,0.0,20.42896845099923,18.409535270709043,17.995761677189513,17.477662509598353,16.924248325652613,16.864756796587287,16.41184686225838,16.1320856782249,15.878981583765038,15.716399470607307,15.777496551606768,15.456710023621874,15.056645223451861,15.271662268408221,15.232797795612939,15.26837867070178,14.955749711943064,14.481258741589714,14.699430868818228,14.922972108577621,14.353324250650154,14.805193109471459,14.23319637317609,14.333903543816122,14.299270064367837,14.23353983961441,14.303517059353535,14.042006908358948,14.246169400820975,14.450569827985404,14.131393930231646,14.045869442344697,14.666853258798625,14.2002399263263,14.416403341392325,14.651174125337064,14.31380745395339,14.222763298563192,14.1745701463413,14.489903258743826,14.576126449379744,14.68622829888639,14.297446406260178,14.444093503082067,14.396975438317957,14.527583429101712,14.602312898113864,14.311484992027276,14.473842430725409,14.982080033711911,14.752409168482561,15.10192731605731,14.90198962974092,15.23096434840206,15.013815144913249,15.059796577050957,15.14835335992927,14.960484566512621,15.169450837944847,15.103427956331785,15.402445851480113,15.953247064768114,15.390096650398268,15.501755968380799,15.670350913907372,15.809046240374531,15.472624673442823,15.929895346606706,15.7938186468202,16.4091419289692,16.350521764956795,16.180705718344385,16.213899197150283,15.903792451801628,16.164408257818696,16.298667429453417,16.312919412817415,16.352980271826937,16.50070795729186,16.610477144188557,16.681144999539093,16.535472433467206,16.55884677759348,16.8104447044389,16.584387506358595,17.051059101441396,17.046960926632657,16.855845779020015,16.968786900153958,17.315554027454617,17.22559117128884,16.621259696982285,17.00019134044333,16.510644959687454,17.212517758423132
0.09546394932843824,0.5704522598162189,0.47753702370888795,0.574942386646607,0.0,0.38269063075673654,0.4340569832440465,0.5845355616311758,0.3454254928046151,0.17955133696919487,0.6170640528945275,18.21058951970878,17.382092979992137,16.841782309671913,16.120952911800558,15.955757729825043,15.48351703788145,14.911167939004825,15.239433350111677,14.555229344105497,14.744236456525709,14.591375157315241,14.435491652323224,14.296734961123155,14.4044237352518,14.5883007116332,14.296550959425954,13.88480844706362,14.207751120925241,14.23153155520438,13.912358198262726,14.100695806325904,14.005731022567153,13.884868442952635,14.236857101482036,14.061083830730254,13.878838811106656,14.166611500790808,13.970970672894019,13.949110620751425,13.88240117289005,13.84784023184493,14.228414453171188,13.873098989640317,14.264546387830025,14.317650436987298,14.249257774210653,14.704587796144825,14.656112507224462,14.709696075163865,14.164998110696972,14.679443827467464,14.821654847253095,14.690381651391641,14.88732583555768,14.833447724973162,15.256382461182103,15.21022381869294,15.058709443594251,15.415039717351547,14.905368311151351,15.437471214888728,15.531988448300075,15.848685646531353,15.580879008005839,15.710773641754562,16.05550516361929,16.316796236984977,16.283597679302037,16.289673579203793,16.43664441974916,16.72283065012461,16.76368314841773,16.95951254996432,16.753959696316468,16.733484085418212,17.218546707977623,17.200568679796888,17.61325494286039,17.24139620084996,17.71324494528463,17.49867417268384,17.8569325437396,17.503790021166743,17.679102995269417,17.320250404867963,17.977988415765484,17.902220931439153,17.83253840402369,17.88882839088666,18.09167706166965,18.076804748900546,17.72652971628688,18.02936791680523,17.775582741760708,17.848535033082474,17.92880214118959,17.977277484513856,18.26278850773948,17.92171355850902
0.9291225241537262,1.1768453307742899,0.8951105396088597,1.1204721163236417,0.7586258287817529,0.9539880340776765,0.7670906096869494,0.5927648144267028,0.7743641192457282,0.6271609093063368,0.41734970851057973,0.0,0.3222791417408679,0.5431494043826781,0.5285576463545194,0.6154612669508879,0.27084282735625465,0.4236901900489105,0.42980780016327635,0.1439882787893989,0.1401890912571524,0.5070431974205878,0.4910357577815372,0.24031897837799931,0.2765001404723382,0.14715656295190271,0.4106004859153991,0.1677600502469474,0.2900001620714008,0.39173645559255554,0.37017691192855295,0.4787707033056705,0.35899169831236044,0.09800617521431576,0.7600034408047804,0.23171953035471837,0.4342585913625765,0.055833770437430985,0.8415341024633065,0.68879408053966,0.5962672707559005,0.6870245488678499,0.5782967550311895,0.7910050265239494,0.3301746066971667,0.5716109990690299,0.7005964328791272,0.8649176750671081,0.6773099855713784,0.7944168481733609,0.902605216170981,1.1684639470197045,1.0397115614040864,0.868953443762889,0.8903218834735966,1.0982875988452587,1.005467123036766,1.1302675175591652,1.5091223779952099,1.3268557627987327,1.2600847591265492,1.4081382978760182,1.6553520976404013,1.5136531613899553,1.1274451339319729,1.4371422702269285,1.5073521634232527,1.827381460975671,1.6994682007030928,1.7013503456772288,2.045354226911263,1.7307663754093703,1.6675443537255141,1.9332316969354526,1.9985111015693366,1.97013905058785,1.7704322068664666,2.1557989599715963,2.6257747475450177,2.1432821194005616,2.2602139402492387,2.5833075073847613,2.0917188434375813,2.3661443246026703,2.5593376122956943,2.6150274492799017,2.7999603650449227,2.610068294221696,2.5791870834717,2.8204169959785776,2.544433188201806,2.577219317108627,2.848459213447418,2.750874760307328,2.906307178443255,2.5562028237569248,2.5895362450257426,3.080551933288417,2.9038494442877205,3.014691600930588
3.199245579507526,2.614230441225935,2.955531169428067,2.5277474662320625,2.0858549439892986,2.039964938972199,2.2101611849810716,1.5410182795261562,1.674718710257979,1.6691454448267535,1.1660627792656886,1.0425145209628592,1.3042923490738776,1.0772491036551237,1.2203787126485786,0.7314750057137882,0.7019998058541788,0.677456848375849,1.0372438670626138,0.6183447420037833,1.0137041558923148,0.6064988538176799,0.5300715202433608,0.3580748227347179,0.4190620449811959,0.1935940498796409,0.6236683225301896,0.2787153825570048,0.20560166262199076,0.6619900828728866,0.07241740345836689,0.0,0.5275745164234174,0.3846913327903181,0.26202270380635895,0.5345950227539547,0.39243869289103195,0.1408587030470816,0.23146675768693115,0.37773055244496767,0.6679103264998343,0.3786132828611599,0.15578024795806478,0.3874773845500403,0.44313652557740646,0.39740109995639905,0.856188321086865,1.1188658411406731,0.5635081324975637,0.46960822979430006,0.879581258516918,0.9084169765674943,1.041327281463186,1.1985279084999831,1.0411999337100895,1.2812475704694268,0.8833597780633351,1.0499223413602827,1.1560659188897109,1.511182337916532,1.1995935775523474,1.5252308026069006,1.6128471606194381,1.372040728168967,1.549733040560076,1.6486091822386602,1.5964134246167223,1.5983664924645922,2.0087220674222213,1.9368631305076693,1.6966326680290944,2.0288186935526777,1.892382834845014,2.268076148486216,1.9640063834916397,2.217718057062431,2.2405469523724335,2.298082427325916,2.235643408498447,2.331667723562118,2.2346643944486413,2.2303036239389087,2.4450477362579264,2.2579263968231675,2.7877519899768224,2.580458089067239,2.6188618299251445,2.2364770809451464,2.8372537789383117,2.959816938140328,2.730102515323983,3.25113864948268,2.8510202407871112,3.010693582402567,2.915024916830852,3.3483613729435184,2.8559807661623324,2.831549438269221,3.0735599424095668,3.3914326289222885
1.5829339942623175,1.4610388175046527,1.3153154819163166,1.1475016347810563,0.825724783275783,0.8158613533921102,0.8667979015975771,0.7593595450226704,0.8062577915589042,0.5199111691590925,0.6771240523420605,0.4414495270038383,0.6676450667157656,0.5540500156793744,0.4336240955850794,0.4924272082390022,0.535529075021552,0.42658108778697645,0.0,0.3140951336323159,0.2417349373805191,0.09439169136182635,0.7000370393750739,0.5442918395856413,0.6414972863666204,0.55570174870474,0.03951946997524303,0.37254735400996886,0.29519658964436424,0.6146230750903907,0.327453171144958,0.23984867990558634,0.6276133279852534,0.21343985597378357,0.4838507107289356,0.7671713630516894,0.34007928642275864,0.726931830304304,0.6211440503592325,1.2380502828226714,0.5682667021051895,0.6464995748540883,0.5913266475149737,0.7998174899409722,0.7741034220938605,1.2662164508274802,1.2811593591263968,1.0462676664432689,1.3201206793518363,1.080048293482987,1.7249254828400016,1.3509402332589904,1.0845131986872563,0.8481421828362716,1.0441339469478397,1.1412737075755661,1.1607312926449378,1.4925251292787767,1.661428711731423,1.6355363914385261,1.715774041091569,1.9285474321969165,1.6383489537854228,1.5911626008123125,2.0862712030256194,1.632069535390242,2.0024951299504483,1.6434852427095823,2.0116815545189706,2.17144402963787,1.9114629489306427,2.342556141941655,2.439335038903872,2.3272532949469795,2.400209089829156,2.2974528404883703,2.47624773424557,2.336718213510162,2.667884037632641,2.624266915065144,2.6124751845524283,2.369286463348354,2.265950855818696,2.395087564288355,2.7742044019050756,2.8745096910347048,2.8887341667701154,2.771795624222099,2.779042023841283,2.7130975966212976,3.0646379412438964,3.131334863353908,2.6630504443112013,3.498847146705833,3.3257512468745833,2.9069685612022074,2.979193546214601,2.994163089215336,3.10254655837962,3.0620153862594552
5.566560936917275,4.491571344939752,4.148397994051193,3.5034125957489923,3.2631309769034065,2.9137929936660587,2.4838755330875077,2.022731695506115,2.287300564303143,1.8358738485918842,2.2997949347285545,1.2740764838699477,1.3846798012118633,1.2751069514427193,1.6131948105167186,0.8753897255652081,0.9773249649552973,0.9783772510608983,0.8104595233267595,0.48878774833920424,0.7004672631425919,0.6554729986214571,0.5153338773691871,0.34310289409888384,0.7512152594193289,0.3801479703852273,0.6882268114283843,0.3210613529691191,0.22595415940682884,0.27080952853800255,0.3644959228115283,0.34818090952073,0.2925415607037092,0.5250182911245105,0.5526850182493792,0.10055593675441976,0.0,0.06947739211185322,0.34588348026415616,0.16046037287441806,0.6556320146001138,0.15470853387247097,0.6898223807693,0.4097150263524991,0.32400606893245154,0.6302523487127338,0.5122965391885828,0.5466596183397101,0.2298690573538753,0.6814057096876329,0.5769769598193406,0.7469125570159054,0.47586058844527557,0.554992630560788,0.4638522864917842,0.8050012037009253,0.6355130657642114,0.4731061399637717,1.1097813230649969,0.6210562437311893,0.9138784485579219,0.80238063024896,1.0721394088191136,1.1243461813135323,0.8205754274218879,1.0209548263529147,1.5184813106994035,1.471563772135319,1.3670715688209008,1.3428487963953124,1.320613063117996,1.2192998844266043,1.497194749147468,1.6625687407097036,1.2313814806729813,1.6172120418051392,2.012462298376093,1.7427697759476857,1.7625989387173284,1.7464325451781537,1.99604728352797,1.805551094580597,1.986302526344783,1.9833247625764905,2.261523130167289,1.8073862504172968,2.049570700988488,2.288576274669884,2.163104551561746,2.5540637717829586,2.665521713773474,1.925669513538816,2.5819387115972123,2.5174799787201483,2.4618138861975023,2.8597140048031147,2.713710250060087,2.543389191632256,2.5355448149118356,2.864619404978905
2.440565507040585,2.9495675558401793,2.606423087145533,2.601677300654636,2.1129482205310346,2.2168665030378314,1.7430574967264754,1.7755984458522835,1.8485700015826296,1.366930811018987,1.0626231588477406,1.5835483575121092,0.95294313147477,0.8623783281967814,1.3001064366315376,1.1107396187952592,0.9501033884332806,1.2889645072244313,0.7622159202221184,0.9737675834479074,0.863113727693209,0.9482092995242688,0.6441749730129853,0.7658279317321224,0.7465555098166625,0.6886809569242995,0.5998882161789609,0.14241467079009595,0.7930577052933945,0.0,0.3968336862025481,0.8108801190908785,0.47818414449748303,1.0801075379863203,0.7500214592043317,0.7078564781511218,0.49191410715394923,0.8688705312711189,0.923850499190241,1.0994606022007982,1.2983121774402413,0.6717573385618838,0.9416326281361282,0.7634747143247207,0.8728446810009682,0.8632003581518966,1.3866667789797091,0.7217004430690466,1.0697946363814026,0.9341894520734417,1.5212513818837667,1.530645285795913,0.8643636267292827,1.0604742884072706,1.5782707011250015,1.2161662115222054,1.4728673300703434,2.1465195120270124,1.4166528798742544,2.192314970354378,1.6221481958939439,1.6613743693156433,2.146494651977072,1.904533905064989,1.9566185144584978,2.150564916609099,2.5929525812390466,1.9677185029768243,1.996022088272774,2.380579947732354,2.560565476841017,2.4931208606381254,1.9523915419233973,2.6274187875649737,2.829053526183717,2.5978778429807328,2.556970013888055,2.6970989695056105,3.2203552744013137,2.6802379744584144,2.557517010208855,3.1556094867829465,2.643809031580652,2.8198661383790444,2.926221130985592,3.0422431502045413,2.9829217229582667,2.9971520938101293,3.078479331158899,3.4041479447981544,3.0992728308279496,3.316115588651151,3.2463305322154277,3.2167737115645707,3.399656085503832,3.569223312384377,3.451739560316529,3.5244948869124357,3.5420688502279063,3.186321178013692
1.2945803273844305,0.6250066531518801,1.180468950176433,1.474629457839054,0.8205785138802071,0.8068153659571369,0.9910977348472247,0.923099974038097,0.8866710026749658,0.9137815286844457,0.3350498533155175,0.29451258755787,0.0,0.2733920858401291,0.12325671066750488,0.7135633978623872,0.6452419442620272,0.19600515452152223,0.30955486481929384,0.4650346592893051,0.023132762410245533,0.7424444455926356,0.3026104616936074,0.6448102921999865,0.18501531358537804,0.15971332395297466,0.2615082678772467,0.527112265874667,0.985842131197856,0.22148196725392388,0.4296427095447246,0.20538166829725668,0.33604257977555285,0.3843157897859246,0.34040354022646646,0.405537599247042,0.2568194243066664,0.4793857011739515,0.5618430418066573,0.34854392622854036,0.6141206514810573,0.7106535599046246,0.4135720529033353,0.8937471222670581,0.9945052447681473,0.5547737103137163,0.7351621703814537,0.890932549031735,0.7936918791860297,0.4661816651025301,1.0278402944303302,0.7829711052437833,1.1431261603894676,0.7531153943601172,1.1170051345780472,1.2785250233574512,1.0560263451411664,1.710781932230562,0.8546790410643066,1.0058746592719743,1.2737705020890164,1.0290233437432192,1.5936582332630085,1.270726453240833,1.2317883733646227,1.141722381775578,1.656632936832663,1.9635739514114015,1.6900756067790912,1.1773976344327597,1.7120958492880707,1.7313244597635364,1.7173447741621555,1.7796306691960204,1.8302391198010923,1.5157957462764209,1.8492690721488394,2.1883511378925373,1.954311672297683,1.8738095720507584,1.9169796036370848,2.0259757255022848,1.9061790781427845,2.507500345975661,2.246994525197673,2.7861708142126105,2.231854500439578,2.088628776102672,2.450503759841684,2.5724298898696354,2.562283110528618,2.0404826935678955,2.6900186549826337,2.3896389532504756,2.7957162917588114,2.390358150444463,2.760973715035945,2.5330299809804337,3.0131332784785307,2.87845139469772
4.659536355713239,3.8695188211244513,3.848173194804378,3.080318250684037,2.9575291236484844,2.65727016525582,2.91965642258193,1.7207524145309883,1.9512768986470466,1.7970365731449842,1.3304122059318377,1.7206848259809835,1.181440472337444,1.3826563826183254,0.8237459137430427,1.133453215361632,0.8329176010801991,1.1091832192796787,0.8869399923785668,0.9846389280744479,0.3000285168968375,0.344224847357955,0.5057136482842584,0.5854834262655064,0.0,0.5202297618667711,0.46857540825170396,0.1261855208299565,0.42459573629322733,0.5295880474809511,0.7433341568252985,0.527708126170598,0.34222720863280465,0.13371495978615044,0.03297742106523138,0.31016601512726893,0.3231833153319368,0.3575510146851961,0.4230506150352902,0.2062892184698022,0.15957167345551326,0.15217525690285427,0.13004508215541044,0.279471702217462,0.4867492214776128,0.4014609386804189,0.28539305815228566,0.24953499033434667,0.09611141421559743,0.24118295642718834,0.1717072564312403,0.5528380752092286,0.5040857967001884,0.48320316183326817,0.579365138997769,0.4161786489120036,0.5068064986536331,0.6730265040324586,0.5457406628997141,0.6801764843532094,0.7161760942854247,1.0618548080549939,0.924175848495377,0.8550414811476781,0.4891902746425707,1.2638790206982087,0.9350496955567884,1.190496336016638,1.1573496425302867,1.4002337595116003,0.995894607932863,0.9873779419848674,1.1230726678729948,0.8408863905684729,1.9713084425503524,1.1491226915254131,1.2757328157795147,1.263452719908317,1.260981897038704,1.7127581917278487,1.5732359829636273,1.6783666366069419,1.5778096844277272,1.7169961524183428,2.197452578477634,1.9474288058489329,1.9645737480113965,1.97789035131194,1.7096421613536616,2.040482147117812,2.3166451135034443,2.156188159558777,2.353029936786731,2.4050694297911477,2.660937704125308,2.290713903290687,2.137225698309127,2.802879450204431,2.5176119803005914,2.0637666024861936
0.0,0.017858911077885814,18.38477000587082,17.044808126280238,16.647648648883735,16.260660466856084,15.644715178093218,15.577031545734773,15.645472344354594,15.280744961138181,15.498167044396773,15.108710234829116,14.29937820980818,14.303312389456586,14.350107292923568,14.426379665113098,14.163283242467639,14.16331814019983,13.994493784343954,14.027612260631306,13.95309987421944,13.795803184794986,13.919561704755862,13.682537034996074,13.643220382174803,13.831049582403098,13.508549751232552,13.430151929003706,13.50804011999786,13.330568815324334,13.100532479933912,13.225633514886333,13.403410063453084,13.303852615431369,13.33676328794625,13.165932724403694,13.223235384029934,13.655401932388957,13.3548193845861,13.359697335222785,13.729976030822664,13.239045870738225,12.999911210804537,13.442981560476587,13.728024511216928,13.517579329626736,13.620755653493154,13.565851237929454,13.562225169591967,13.851640866122313,13.60020667085525,13.438575950387506,13.976542305617834,14.1098642935401,14.083458395705883,13.644945489266224,13.68251888122509,14.02072104365991,14.141535499224718,13.804408627195016,14.176415637801624,14.441440478090474,14.280417077509044,14.43043850670413,14.127085146904017,14.487044036957977,14.108475107031063,14.3454139931555,14.92251814656407,14.596752243944303,14.786546900325488,14.278099902064277,14.858893993482447,15.069959416532411,14.727879228746014,15.261911084289437,15.030744249822524,15.117192168669078,15.139430409303676,15.162765312306936,15.201098706438572,15.475396204796668,15.349398532078444,15.422740355646818,15.433957588995254,15.659158487754546,15.728168492412872,15.617741898709662,15.49840481553621,15.526910672777383,15.734584965005451,15.645161220426917,15.837388019305049,15.947319424606725,15.837114221822713,16.248732717558692,16.16217832382304,16.188751715587262,16.140623586306038,16.78741643441638
1.6497536260109555,1.399688971989864,1.3381872399888302,1.158610009712385,1.2019051086506423,1.0173307985957223,1.0826072419518145,0.5373919771574496,0.6473482764512664,0.7767354213370794,0.5511703852003595,0.4400182277201221,0.16392375395665226,0.6290259763934394,0.6202389217030042,0.4916016310740776,0.38225011360424155,0.15817442552810057,0.23424225572102664,0.19713847284751118,0.5424881975863389,0.3048577466632256,0.32496425292638875,0.0,0.1406328795072227,0.5367783327683018,0.3474314663664142,0.3997222590724441,0.32663386318672494,0.31662687133825607,0.08017292189936498,0.1625905071279483,0.37375907529114905,0.6059827891817076,0.35589228111951066,0.4364008457660926,0.5988752236797552,0.49389838055604507,0.7281389195787806,0.49119257204071687,0.6924932881921606,0.36628504560800756,0.6220972695605518,0.5143606264408316,0.4346852531074461,0.9888637538310512,1.0062104428629635,0.901551629570255,0.7778407134035774,1.204945369451261,1.0682178086523884,1.1419516641104686,1.0131908787244441,1.3908764257970585,1.4101433361650848,1.595641626068348,1.3621987954742156,1.2295271984287606,1.6674345984980103,1.6499759611387113,1.8746038210202602,1.6638532391899101,1.616301108325862,1.7010010446033181,1.8096756976766581,2.0232544522947027,2.055513886755495,1.8861249747032023,2.1961476635782926,2.0329832725215216,1.899948809168654,2.0070163647749517,1.9545883796443526,2.3786385477212963,2.3241333787678276,2.612657739694546,2.6118164215680206,2.726029767091118,2.2595488727958575,2.887165139538377,2.576803755999885,2.5198789742418466,2.8204194852100866,2.9843201807454154,2.7628369744836636,2.997095065798236,2.595804805811344,2.9208990583302583,3.198049607742684,2.771807304226943,3.2260144830011352,2.8233357029148856,3.3203479944972205,2.7636719346368643,2.9241699985408314,2.763832562150144,3.0161816081664323,2.7397496407429323,3.327441339713511,3.134296589447521
4.859584477692703,4.483505004781151,3.945910362514045,3.6268659131120096,3.4442818331428278,2.818556268979645,2.545943803596021,2.5748557223687882,2.1280419479865618,1.9396062415954631,1.8842710507531404,2.126167215885367,1.2499728137074726,1.6749678568106567,1.5354100773760901,1.6058797288218294,1.3322449546666562,1.5440115720445728,1.1665451042308064,1.2632751346042035,1.0803239862071674,0.9505005036202085,1.0795211551889476,0.8957997361326306,1.14533411077932,0.9209321348842909,0.7706831599580326,0.8082554620402931,0.6591012047088309,0.5529796052117124,0.4196380454613067,0.6570957880426285,0.9728003452538196,0.0,1.0604796244305117,0.798718778508757,0.7721403574164718,0.6785901813345525,0.8936300137012765,0.694430333823302,0.6254302592721999,1.1445199139170423,0.7345563995746467,1.059711801574112,0.4860897496554877,0.6341949683722898,0.893489960928644,0.5402572551881288,1.046872443109656,0.7983593416729544,1.0181748742124324,1.0835773393121908,0.9820371010309099,0.9320575770183037,1.1922308961450998,1.0182097706752984,1.398475085827025,1.1978360355235083,1.218789307983183,1.1555852619929237,1.46208331825272,1.0576826180049945,1.555438437234093,1.6792304658153974,1.6211420263316558,1.3189543925965292,1.3037227902060788,1.2236871911502707,2.0760789972751326,1.7462471688027001,1.971387445216127,1.7491979030886746,2.2159775061420017,2.1037795286460366,2.065115287478541,1.8879419392002514,2.068326303184822,1.9326639454558538,2.3958422995706243,2.133826060060157,2.348423243697189,2.266795944769475,2.5051377219985653,2.4949668893010184,2.506253166271261,2.358841036515173,2.528234218021616,2.689775864313752,2.5536435960707387,2.936031775146258,2.841303441796125,2.7287831508745484,2.5408465156106566,2.9646846646501324,2.931063870733073,3.135684159784006,2.6706077338086303,2.7891095797093826,2.86191989144746,3.061916990528097
1.628767923754216,1.3479647340697003,1.1001103049952512,1.3805151812896455,1.2009436141690042,0.8367990383039707,1.0123345602353506,1.0531953837954209,1.0284640610104567,0.798516836774601,0.9743050890821383,0.05447706065845992,0.5950381988733522,0.6256849793079429,0.6058783192223007,0.40072205729412325,0.427572215116939,0.486100715325513,0.5703368182689008,0.2342477144839421,0.34530041160939007,0.39128599130080666,0.0,0.7682688611126949,0.24319595996735366,0.863042558044036,0.37692052928981923,0.5906391167581528,0.3313318218077228,0.4694588473497845,0.2921010815901326,0.3512457753034717,0.20300868928487859,0.387280649306577,0.27157245445644307,0.7730029820223372,0.5473326651543253,0.4752134903792147,0.942041036177816,0.7016041488089062,0.698808702959667,0.4843399517706306,0.554653859761375,0.6664901432236068,0.589752978830484,0.4871708260043235,0.5276901998009436,0.8120876540613402,0.7922238872941918,0.9165520260593656,0.9601083029412738,1.135503794843011,1.0265155722350325,0.9930646791884925,0.9254481471998464,1.0268706324397225,1.4114660360827287,1.6004447960651262,1.1051421905990253,1.1915506644407206,1.5352397249923602,1.6333550350072823,1.8285838153389538,1.4108473944224382,1.6730185374882733,1.6301645277963797,1.5774543643121515,1.5675099779282924,1.5232127332684904,1.7362481753583996,1.7400633605608302,2.233839727708018,2.0828951707136394,2.190422828614375,2.110323252456265,2.1138681043457765,2.0619904849023367,2.3753098780430015,1.966880186838221,1.868771863576674,2.286458305433614,2.5368721565047476,2.1956348521511337,2.0314650367383926,2.5394102579057236,2.170115684308943,2.7632381132406767,2.7289101049275875,2.5333807919565317,2.8492544913150954,2.7375569885898408,2.7060727270887615,2.7871660685247637,2.3250825167574796,2.809988435722085,2.7226802932401934,2.949829990971116,2.7854109708622445,2.711890494772362,2.8972567003984278
1.477578323660378,1.4345001061969214,1.3016058452187416,1.3033343620652005,1.399969956328043,0.985056612476054,1.2359645724320814,1.0180204061853786,0.8577750221253044,0.742636904484339,0.8195047362988515,0.07222432373669108,0.9075766761868262,0.6493527271357689,0.5468183870084413,0.3993392993081617,0.31388676445934394,0.334556607191109,0.09659184571573931,0.5980591088833265,0.24991137987413126,0.40803556698914534,0.3672721077843395,0.22025055645827862,0.17285916295371173,0.7389327696990762,0.48815892512972425,0.05963551918515719,0.09508627984722295,0.31580414131004453,0.0,0.5015337275371383,0.373739924441292,0.20925530166006645,0.013151439226772865,0.2849361115804925,0.46744090860029885,0.5450958343767258,0.33975328542483396,0.13573243567995696,0.38350267655905945,0.6618996865837374,0.41523556440987264,0.6381896059127516,0.33296896633287076,0.4169654566863077,0.41948136123846247,0.8655029211121548,0.704492963394884,0.6518130208087154,0.6579147233898439,0.9138589679299152,1.143780222291209,1.0044726944248836,0.9124860447696133,1.3273330702385842,1.0034184741772663,1.7051019418060065,1.0143743864684183,1.1271946550943106,1.2556148294708969,1.4305233386806364,1.2833805350046958,1.7550438909173067,1.444603035385402,1.5452255579747423,1.4483640210023623,2.048721689327156,1.6926995809100411,1.5046603639493092,2.081723997252375,2.036987827224621,1.849461874287762,1.5813027709574108,2.1804164818309637,1.7979101615732098,1.8952561561615973,2.3823451136693663,1.9405774839577994,2.065774840767535,2.214885907731272,2.4018006449525835,2.331064622090924,2.5435187469548026,2.145890307792108,2.7371285873121636,2.5201458071474896,2.177762643121131,2.7136511042782843,2.637165090467178,2.2707738741839556,2.182416957874075,2.832150073949446,2.3850339831957967,2.8528603780131903,2.863293502104554,2.960222612084486,2.728798241280032,2.612341620322219,2.5876994096200434
2.9904984926175757,2.9218236737232246,2.8620581337211988,2.175999046634658,2.2603478237823573,2.101241021976861,1.7558091275885737,1.477566577608755,1.62682847047234,1.4479551397926365,1.081153048625957,0.775821356779204,1.3545433170717445,0.6648350951516306,1.112348027051972,0.990854895509365,0.8390952551607995,1.1343748246780585,0.2549113177435238,0.635679199260295,0.2964982991326437,0.5906092041481692,0.2061291189845491,0.3529515978059088,0.4255467544235536,0.24707057719746217,0.11727493965580749,0.34460687031833714,0.3324600104779769,0.08368984914120503,0.03201064248472463,0.2336952943487205,0.0,0.02447699616469734,0.4457853684395552,0.6892248546586082,0.3590247187970981,0.599462954239268,0.6060804777392939,0.6167764445416068,0.6999230795094569,0.24863299484535162,0.301789189184273,0.23108179113550875,1.1010723738672787,0.8542238941032956,0.9649618086380762,0.9566380497403806,0.895019498794948,1.2097337989006434,1.1387558351526614,0.9116194423798447,0.8868969214947846,1.142814448900424,1.1720392913119362,1.2676379085113147,1.077997198864697,1.0454837342937253,1.0334864354650435,1.3963274562543688,1.4600279521907815,1.268961814389705,1.5477985202849993,1.078503250114295,1.5055727933242267,1.3679530306415515,1.7159409125980858,1.4109424833765907,1.7775166975374752,1.5352136195509978,2.0401995877865247,2.3458642687083504,1.974503980519355,2.1471453579267425,2.1738889781418678,1.8582757249300776,2.0621843506517052,2.294577495902246,2.2271180451448487,2.267370288075533,2.512957591832979,2.33751076909369,2.4343403328735675,2.6290636023553446,2.6268128164683553,2.7558564240226673,2.6217451930508275,2.4543707995087978,2.604025875370162,2.430082531311161,2.6588672613422766,2.7412315287243096,2.7135232692521605,2.8592947331826792,3.0434126929018213,2.757823841690687,3.020183819843229,2.933862967139344,2.899489464394996,3.375015254340827
1.5165488737586674,1.3326988710859613,1.2607310705766714,1.089850942209285,0.6150442053278873,0.6487909561758691,0.45446201468962855,0.8846060505088165,0.8814369180028034,0.22440871794900197,0.2349372343525129,0.760057125113617,0.5340210574045283,0.07656323039185864,0.39614544369069193,0.1606148515878303,0.23402474053918354,0.013087288614189063,0.18347519303623372,0.2164558221100581,0.07455294585274075,0.17096138549342754,0.14815798283944837,0.0,0.1896940411064918,0.13465905484546958,0.16261916579041902,0.05426951781718259,0.5307913468130145,0.3521050369026515,0.39378238822850875,0.30443694115261266,0.4392085525734437,0.044393061893488905,0.693517633584154,0.3674646243948292,0.056594661236458066,0.4331422618301115,0.7688337522061328,0.6900077757324965,0.5621093719653807,0.8302324882236185,1.1314630529906307,0.7518815584690977,0.9619591385855983,1.2098489444301208,1.3751216630291072,1.260936694725208,0.9676060772785746,1.3952198634530415,0.977822127566446,1.3274409066294517,1.171458797112349,1.4946522854448911,1.288720105120774,1.751758631809631,1.5690561739191242,1.8418842202481098,2.015371803294821,1.9274847437748353,2.2260805142119846,2.12615707543762,2.326819059314145,2.112303915814211,2.1198584778528176,2.2318494209837194,2.283292044496333,2.3435823412340167,2.551519548794145,2.115071219845765,2.1866757069059855,2.5613459416799476,2.7818062353218185,2.6617449755063465,2.2940271392102805,2.3572640886381766,2.683218625436128,2.9851462063577525,3.0415926512625493,3.187481500421873,2.5465720602013615,2.6988607103992006,2.645994760983923,2.733826290250663,2.801850562053877,2.804046936451373,2.5948107571362176,3.101220225054016,3.0655240791482132,3.2303719670432915,3.05373231023019,3.383134024613616,2.9960842672709713,3.0607391084879634,3.130314594875797,3.440037047468591,3.4901531407755417,3.0327521412616694,2.8513067525036586,3.5635740296212735
4.9373156955678486,4.7504427318136795,3.8258418975858692,3.403811081207552,3.3598069015230454,2.893678075304038,2.3726462082371267,2.5146374427027283,2.5051753799747996,2.1203186754507897,1.8205415470140647,1.9010340039473448,1.828074480678481,1.3798726599350477,1.3962521395689436,0.8860573869576545,1.1914012519728736,1.209700502837702,0.8797570097575882,0.9785063507114629,1.0544147422979862,0.9847578502502117,0.7303095320859381,0.8442022409112173,0.5241176918646104,0.42597105395962487,0.6589187787841997,0.3974017881865439,0.43080652398350416,0.293873722305225,0.030674139623547703,0.5288869397486895,0.11978716994048177,0.3569946774089914,0.3654254988244787,0.6874081114558752,0.4120465629351031,0.8676775804625887,0.6848743333768432,0.6174723563736642,0.7330088979626677,0.8550940884445204,0.7412991730966016,0.0,0.7752290298365487,0.31788345434576826,0.7118435590801138,0.6613559242663012,0.8528348393456415,0.5433237759482417,0.9818911254275466,0.6203606352046034,0.8806391834161964,0.9295343342883982,1.107333770367477,0.5807347467501831,0.7495943437632793,0.8822888379926219,0.6062858844855583,1.1539867730453057,1.1802326522254454,1.333367381890838,1.4291059627310911,1.2041201131243557,1.4428399382461592,1.1815490976715353,1.3677213605707301,1.1613757169793502,1.3186169641445353,1.6555028312255775,1.6109532973787921,1.7668009274533762,1.7750443931140527,2.0962323076549563,1.6951684885849847,1.7964828990939843,2.2956107136200714,2.1592697833907355,2.255544316615053,2.199760051311628,2.38671827065693,2.3275343903276386,2.1729303664434525,2.3749277368040556,2.4092509861693916,2.3871161904247433,2.536623020977027,2.569745876910357,2.348054510623234,2.6038462226971877,2.596005281755522,2.4692737415269903,2.5150424254029478,2.730521112868553,2.942126759935068,2.4398799968238887,2.9011545555316687,2.8243656934964054,2.6985928900127583,2.961204235231177
1.3251304518750544,1.0305466478081016,1.3879677833848305,0.9118446236705555,1.16329523864216,1.1794546315932735,1.1390851038580063,0.7680345866977518,0.9127720280566098,0.685735182834394,0.5681366381344635,0.49161161762119043,0.27017146835516037,0.3295550209748619,0.5726714076844157,0.313505330070754,0.6267507719324623,0.0,0.3389530285715434,0.4099197921289548,0.20869724614937368,0.4630477356724789,0.3577708039002143,0.020769911611525416,0.37569688174124316,0.8009293911580642,0.7220336286097648,0.45771814738012395,0.6815529173552637,0.5382160017010289,0.5985753206171225,0.7457651280403024,0.5110019038510778,0.6660926511772267,0.299113093781763,0.8528241944995241,0.8242788752425163,0.36444168981633673,0.814121492749015,0.6900606969090841,0.538131843958519,0.7930793617625316,0.43644521706788275,0.7283043112301453,1.2592707636578417,0.6374420379214563,1.1403750716377594,1.1064731650940764,1.423259034873535,0.9714552736986963,1.1336931780929245,1.1782500468827752,1.5209939991944363,1.4271748697349693,1.2473065230997555,1.5737155428671379,2.0105153770068878,1.5973289338778134,1.7571134470613252,1.4524859369342504,1.6577779820600025,1.4865285558583494,2.0505609652542116,1.9228326287936763,1.763093590319647,2.2728192086796,2.279251884952192,2.1332320163471987,2.0449822707910297,2.0181634527479897,2.5246007052352457,2.489182764816368,2.2296618647034148,2.2388570699284784,2.099901675496751,2.6615365206227413,2.209216321484215,2.5883794597000165,2.3421831033927845,2.377791751757087,2.640973326024202,2.5678217626060107,3.0772847089796347,2.6731466441340235,2.754830675199317,2.829089720225044,2.8465144228520582,2.9046400234134335,2.513935282196039,2.9624098566825356,3.204141716169042,3.0488847686937977,2.7906649204044083,2.854924669600438,3.010930215285766,3.119657409707111,2.861993391914856,2.9145951130875307,3.085829784079598,3.3369949749476024
2.7846114499626413,1.8878556095603827,1.9367379058472949,2.0893202292665514,1.7093901352771272,1.5513424639687,1.202960247981002,1.475464184198568,1.3060943347004237,1.244453983072015,1.0726564823852716,0.7394317575632989,0.783383614839039,0.5360427936105197,0.5598768601206228,0.5137418146362407,0.40027228077529564,0.896798443071221,0.6334448423455559,0.7585884239288205,0.8367284423597248,0.17795756890514092,0.5257884334592973,0.8407523082208943,0.2648151727164265,0.7869615572437496,0.0,0.38182741727011305,0.3725335015631117,0.41724324586447104,0.47903751663398353,0.1778706699174002,0.5536483614764176,0.5076103795989919,0.2911286339557009,0.38112892659607667,0.48093666070439767,0.34979246677129616,0.6725894049598864,0.4198497738277478,0.5428507554687148,0.6517122253061558,0.44389594965367074,0.705066118460179,0.6846248176207812,0.44207044386394934,0.7069757825898826,0.6871258064495755,0.9544785062848256,0.46690122973240733,0.4503371967071139,1.1151896690282896,0.9687563731130524,0.9738031189452911,1.059943480415635,0.9949073595302274,1.0140572544580895,1.103267146155133,1.136521933915418,1.3310199977014854,1.280570877793071,1.280248269638852,1.390063528604891,1.641755376602248,1.4492551532004097,1.8467928712990087,1.529506394665761,1.6033387378454815,1.970870835943959,1.9365829596039692,2.0634344773145497,2.0692444872343767,1.8390747231197686,1.9975815925919775,2.117792893328291,1.9761928967086,2.349835524817008,2.5758393708454843,2.719725295772445,2.2209227992906406,2.4896410943932494,2.2638374296239228,2.5810125498254077,2.3573240887953766,2.3168765262377295,2.629275880626045,2.7209581559445972,2.4850627165811847,2.938413311052509,2.8775417294811785,3.027706490242382,3.0085316177962707,2.602156127084948,2.74689691038118,3.1556129170524745,3.087649178642698,2.748654093028046,3.0879267352735678,2.80491288991975,3.058774455164775
2.5878886332230078,2.6450265422701253,2.180466426665978,2.0551275941106706,2.014915449821858,1.6422774346655409,1.4506119734463425,2.1349117024365523,1.7667264569033154,1.447290874101224,1.1578616837273383,1.5900604535512013,1.2966031214043277,0.9493678105362662,1.105365759444764,0.7474891061729885,0.795087353093674,0.6605590010650086,0.8314726419498317,0.6875560469391626,0.5622622394516856,0.741494671358975,0.6366443442442975,0.0,0.2512713696133275,0.16259397903561634,0.5198066649459498,0.5949519778125225,0.6463136615598941,0.2060414896848375,0.6317875213138677,0.3003473798607956,0.24513751149754448,0.4158335458489404,0.45301644950622766,0.47696930819843963,0.5422930682170666,0.32176165846360405,0.5623829616111564,1.0012659396901604,0.7421950626134013,0.2832740746298459,0.8390903064174342,0.4123890289908676,0.549953504109741,0.9126899835143885,0.6146863547627817,0.8439351775483477,1.2120141250248118,0.9138950165440036,0.796437141943116,1.2031567687602696,0.8694019076713797,0.8016179335243763,1.1575716011668877,1.248307242252638,0.9064257865175929,1.3945533682862905,1.0858925855339425,0.811768114227748,1.2434441320377516,1.238718939217387,1.3547288734384075,1.7234593372929385,1.2226183033161302,1.9454152415081527,1.5441688472463024,1.5491401813986307,1.6118098429037477,1.9937368928776191,1.8162487351856385,1.970529035478867,1.769592374142059,2.040652439322356,2.0975015160567505,2.358330869938376,2.1367670928794578,2.2489209377742245,2.2386401765100796,2.2048446003131392,2.264322598886581,2.3774109940605523,2.558098373908921,2.3556727832241524,2.885007812980538,2.864085831481079,2.540125876848533,2.681026127273311,2.5725757104244753,2.6975658956035407,2.7560536345975795,2.8475430014383836,2.9958809966804782,2.7068672907383675,2.8781153302058105,3.009916068252858,2.710632018808292,2.891905150867297,2.9858840019584587,2.546293100443462
2.357123636486145,2.4350605388843327,1.8383440155627078,1.6381434846361778,1.875428393365965,2.014086960608317,1.3529841455662037,1.648127913123382,1.1583014734574952,0.9335561168187834,1.0729542441122337,0.9195241415546089,1.66997519024682,0.9965126492500307,0.9504559718938399,0.8084886184358222,0.8226982777083087,0.7294181462173164,0.8854867844020013,0.9752775457071579,0.51932538700731,0.9312932593040042,0.626208372304859,0.7285141097889927,0.5947984670653881,0.46867663882011,0.7930113455311734,0.5955602473613819,0.0,0.6347810611557634,0.48592523619040584,0.06095053267888062,0.739532271661334,0.5264754593640433,0.5391228217939652,0.381012209310958,0.8946987310507097,0.3541706636417761,0.41457649838686095,0.4350087836318597,0.7796669384175967,0.7231184896013545,0.8069464358814571,0.4310160428684515,0.964081458059697,0.7057375965054291,0.7098755250329472,0.4907015453078927,0.782450461413692,0.5257018490561194,1.065225031657965,0.989503853354524,0.8841556504955417,1.1454020909512295,1.063776361740537,1.3993022672092472,1.0001429466805742,1.068500655184673,1.167812732372795,0.982526605726143,1.1656537039390873,1.2146605997084219,1.5342968413603977,1.198291225699851,1.5223882597070943,1.822626990458529,1.412937393673202,1.6233672605153604,1.8701265914377814,1.5669225609708342,1.6766481246445064,2.0532642168190716,1.9258227077771704,2.1507375845042827,2.318096331832507,1.6522762202047154,2.027467109609278,1.9965428111140184,2.3948136818073777,2.245367164881701,2.6804785812439054,2.2963368602511895,2.587375330454149,2.594991602936757,2.832873560210494,2.649316291011491,2.577868607246115,2.305119675455833,2.437178827330257,2.615164887068797,2.7659893034600387,2.997003479944855,2.776359724677704,2.9455440114782014,2.782832553952579,2.96916565059729,2.710220732182094,2.873965781209961,2.8446732665490266,2.7460790862691145
1.0103926218852557,1.2483529350409146,1.2988310132507213,1.1149873310573675,1.0394146655603365,1.0725499084125243,0.5534548192351494,0.7392191322849264,0.21609242756717073,0.9729249397900155,0.541346569429999,0.7149193626163353,0.8731406225218237,0.4211603592396269,0.3965495544949196,0.42505430088180773,0.5289593904041467,0.5411510116305731,0.31152714071037835,0.25859928967972756,0.0,0.7559477567841526,0.3464531212882811,0.28067951200788066,0.5286034862695139,0.19907675266092184,0.37652303566393996,0.5321091834365941,0.3665050982046285,0.5221199770678453,0.819478420281758,0.23218223017568818,0.5386966670236273,0.39654733058750935,0.43966839526225776,0.27499324538903736,0.9686307713128333,0.6228614714994158,0.6314362377224345,0.3365702491260798,0.8836593234712247,0.9129082421375259,0.27777689372928194,0.730392719637095,0.9191809643813222,0.7510026752433951,1.1507068533432605,1.3762224422925673,1.19096495780164,1.450547683552431,1.2797280702180878,1.5427919122075107,1.1300811347074209,1.2911976988436713,1.3922063569196759,1.6081804719341637,1.5806203478734293,1.460810530588125,1.5307791820290166,1.7196738278493608,1.644154005548815,1.5193857309843413,2.0657234181697124,2.159994057094183,1.9466717104653473,2.000083085164656,1.8793186287594512,2.1117316885817647,2.059413558193393,2.132714775744285,1.9929116925544879,2.277665215470142,2.2836073753417967,2.231969219277792,2.1758097940168195,2.571429075875999,2.3717988268065415,2.5107442962770588,2.650957046057032,2.6304396085417867,2.577302893098226,2.646428969542411,2.78432767996655,2.3169377453856743,2.64664663438508,2.842016988902314,2.905025309631048,2.7005690026236397,2.9376926631565805,2.9709002754678213,2.6738206063322156,2.7258511703196984,2.7462282024683287,3.052926923883758,3.521391434205695,2.7807222207704445,3.0174751161200764,3.6199310136001177,3.385060647394125,2.970116019120189
0.9013961539266617,1.1830072187509657,1.3556428970135315,1.294061913161233,0.9005703288159275,0.9392767261810278,0.6670382814500577,1.0096356080436593,0.5044932008715719,0.8368901942106532,0.32318548484462184,0.4502551415935834,0.5022449514400087,0.19618315593937652,0.40127882877806087,0.46920376625383753,0.40678119188722306,0.3452395754821289,0.1338525095067311,0.23181262955614557,0.4146670922858924,0.5354567149428391,0.20635533316749388,0.15912181756863575,0.20196691791980825,0.0,0.5180741992199707,0.5514377283668281,0.1728612678569661,0.4918116282496321,0.48536198986301216,0.5930214884937897,0.12517246427612605,0.6726191013725433,0.43408467387327576,0.08966703146732513,0.3379896852461286,1.1941969326956574,0.437125925739398,0.5297187796971663,0.7290117862236016,0.5887914021870131,0.8801668239378202,0.4888529334718861,1.0681626189615443,0.7096572823683331,0.7833515363450587,0.701425774697821,1.094936444322844,0.8308260977235022,1.0798752671892018,0.9257841926595312,0.9589491981939453,1.1212274555665864,1.1599157809129181,0.9921504109509165,1.0045997985311388,0.9136956313511284,1.5573106708330258,1.2832716114926015,1.4264677115227649,1.575029868529537,1.6789493019994204,1.5050890209084073,1.699445601402772,1.7901666098591313,2.039781975077819,1.5672787558954049,1.8776604988205108,2.1974695128633073,1.7073010090520526,2.19539640259012,1.9512203411533804,2.0460799139641495,2.159656583176364,2.544570593007272,1.899353678339562,1.9733472231313343,2.254788218738554,2.6624443370252386,2.7381975166237673,2.0778031126473486,2.2376089385005145,2.645490023077844,2.5427324494420986,2.8004715902644612,2.472305007997555,2.4868298612562185,2.620077359332509,2.69605265669097,2.9737309686328857,2.880575116492519,2.883434078720054,2.866152715821581,3.125785802212121,3.0530741115064934,3.134570586649904,3.0807969766429935,2.944694396232446,2.8818371880547744
4.231280747282222,4.201456860005143,3.620787888345278,3.305518166116359,2.8197042000878856,2.478657399956477,2.543052108847183,2.2691952947389122,2.103600718081422,1.871829570496617,1.7484081018640705,1.5825259635292834,1.5856864590446147,1.6689975190257744,1.260841333777977,1.1650606329276574,0.6821582566277264,1.1187960177853338,0.2872532127812626,0.6206032748401746,0.6511850139527322,0.4350589110478378,0.08526563871640391,0.5030118842409141,0.3556653149312705,0.214736020497865,0.3862774597124261,0.18486327612711584,0.36948912310729476,0.5572589879219709,0.0809278933068942,0.5124806629856931,0.18733665758143658,0.47151968760627305,0.2486578519031184,0.0,0.09260060567298822,0.3436912796757454,0.06834873044611989,0.3365115003397996,0.26164166527722443,0.14384429535716947,0.2120553643846197,0.5734602031699172,0.3981240006644242,0.06333820875732066,0.35427637968367875,0.6613821513743474,0.4201562594142576,0.6328843625783396,0.5346193580714882,0.44809114975442377,0.5693561149645632,0.5170212894483921,0.41569769108419763,0.6236724584007352,0.6017749865905682,0.5400736147086551,0.8293406642344028,0.7294181720905648,0.8585562239107993,0.9383910822680779,0.4781694591473489,1.0361364140476272,1.0595097249484038,0.9048046805590779,1.0525368731446463,1.0941969311507904,1.165973961498807,1.3408469253049926,1.1530502299277092,1.2436548293725984,1.2052508773262183,1.325083933277524,1.299426254567491,1.5532831618646856,1.5735886304777633,1.8996230945968282,1.9421306631696797,1.7031289763645372,1.9624638814923774,1.9961157527595805,1.6706681413672175,1.798646809312002,2.099846031734108,2.0709542562404284,2.353769182845964,2.1351664243985073,2.0409168352396474,2.0024040562530008,2.181854261934797,2.0707094541563524,1.9134957186268213,1.9873724650285016,2.3130355115367696,2.128428335641944,2.07822240640405,2.414086640139912,2.7202906105287514,2.982257197203909
2.454879930941816,2.3650043072255844,1.8350927890354338,2.1762756422351597,1.4764609781137619,1.5674607990115206,1.245885258304778,1.4903221416048975,1.0372337457666099,1.067187340051591,0.9955200225925989,0.7865261076355878,0.7390213690985217,0.8955689622890883,0.529467710822507,0.6762614866966583,0.6468235128447635,0.7814158484801386,0.4818147472464833,0.4452190322153253,0.6167905365500399,0.5151227076808667,0.4587977478422012,0.2685405881941687,0.3689783953814185,0.6813669823536355,0.24265028725839421,0.5858590387939611,0.10990440682211933,0.0,0.3346569122466292,0.13346507277403674,0.24008018652106067,0.23101416961930532,0.375717199327509,0.4356775429815407,0.17529252078998958,0.40332925945292253,0.4726796436128815,0.44538197783153954,0.4064408839516016,0.15387854175549798,0.644436275049916,0.15600864318105856,0.5754844294856181,0.3767545080075685,0.7757266478401075,0.8576385470458057,0.9880153247873746,1.063214835285308,1.0183558594962747,0.5057731401770464,0.4848583833728046,1.0983334123946857,0.9684667573812877,0.972965097189574,1.057009559646291,1.2638020233151988,0.9600155857448538,1.1942828395856004,1.08934995221942,1.2716866495566048,1.5381822711395632,1.3779557442662735,1.833063160599206,1.6262089697485784,1.6260428984277784,1.918079652457731,1.9481162967273526,1.6797286454453708,1.4951399316768192,2.15862581044089,1.7204847366224207,1.7254450578265406,1.8522319718212028,1.9439303210585432,1.9731697682263043,2.243290985591562,2.4373185855644675,2.4321386737887742,1.883309163554701,2.5143356926774842,2.4791463086514813,2.5182364449899914,2.6140730341248943,2.468147705480444,2.172856480809452,2.2557262924128665,2.487052523127412,2.8503406666952973,2.7217006564969726,2.8907320613142407,2.6366396265297265,2.580214428740975,2.926655293153166,3.044446059186898,2.7695281656685378,3.0124007311085546,2.7341455879757053,2.7560910604128974
0.5969988323213649,0.8010733728354733,0.8637155247679971,1.0001896435717157,0.3969768665069857,0.6087799620211616,0.7668070873877824,0.7898394349978606,0.9166156697152346,0.5905284475949379,0.48751890696660105,0.3824840975577217,0.13508390430760286,0.763707700914189,0.38124913148188533,0.3106704605043138,0.4029831720571977,0.18564086404951397,0.22136541909073948,0.3915875853451034,0.34380148799817434,0.5310602595427465,0.6796172971752377,0.18291510546769452,0.271784317586123,0.3858627559258885,0.3525287005036848,0.6465736614809465,0.31715221186337494,0.17121022123182428,0.0,0.4182831072736448,0.5876934335592718,0.4065554046223667,0.6051810189231279,0.3785124847182182,0.6333729389464295,0.7449652667715547,0.6359021328183161,0.5331343043157091,0.6576223915852051,0.5317240012182687,0.6632923808947275,0.5645580205348821,1.0103189651903843,0.9608035508712014,1.26701369442085,0.6666707754413999,1.1735198107962326,0.957867057476042,0.8962148273724058,1.0270439546289136,1.6944983069570938,1.4015736282614863,1.3610459473349064,1.462158138146945,1.1684688496703597,1.317922563858378,1.8159685050770662,1.459916434435673,1.7369373300060982,1.8116842324219231,1.7584459303418178,1.629382909345484,1.7690322429433127,1.903862226771862,1.749971653927954,2.5610629736928168,2.3493360242238523,2.3586704596929273,1.8363355659574712,2.3010005514142833,2.288823284974697,2.1706306421329487,2.466805041918281,2.2406529994402824,2.433025911931626,2.6868403667627696,2.5924191723358128,2.456824123891586,2.544604284870463,2.6285364294267595,2.714025402786362,2.7154206229414513,2.6143462026047786,2.631054347705536,2.399236676274871,2.3323487850198745,2.655391136513117,3.2444676601310043,2.863041494754839,2.883754508668673,2.618726062034149,2.7738716445118214,2.8215490277279613,2.9603114652096103,3.1541612733430284,3.322253872642449,2.835239427313681,3.321444176588983
1.318303329055329,0.9483848847237297,0.8735436621524055,0.782844397762279,0.4542135262325857,0.7417638508570885,0.4298557552994442,0.7220844217518572,0.45714106489873707,0.5753058260352262,0.5846166506524977,0.44628890477109096,0.12918467109754594,0.18771809925204508,0.208484873295955,0.4761934232989571,0.3822440140017971,0.5608162110022015,0.2551037177403881,0.2733709389938994,0.03834664496537599,0.22268474164277308,0.0,0.12355741870575976,0.5160876959833587,0.14525767253606858,0.3228390859270611,0.2320107839335961,0.41322581554791604,0.5423589066647789,0.401713119534687,0.5270372231303195,0.5846138817248825,0.26411724378556123,0.30681995039160626,0.44550469716418384,0.274147226178874,1.019036962809011,0.5824360028791453,0.44799532354308624,0.692021458289469,1.0674311990050747,0.6730494865223609,0.9876948644302974,1.1157831074573394,0.8097030121549604,1.0819748910305833,1.0277007116856076,0.8650610880217648,1.0972236427538746,1.4940111920348418,0.9297204699808397,1.2454773193744018,1.6086541984387424,1.4983283054548373,1.3565370380476764,1.7502151463187996,1.5054875601608941,1.5313852045794611,1.7240325836244512,1.6553429263824757,1.9420157021811413,1.4876174422323167,2.0765473102087615,1.6025353472282706,1.9926802777802095,2.069777839073918,2.3034785063900944,1.924978180771781,1.9389411237273375,2.04466593509809,2.1609895693546566,2.1057351391087717,2.1085352680362544,2.2099173530905905,2.513477636612844,2.476480060695895,2.6312433945842493,2.6702369843236298,2.2751889392110396,2.539651530135064,2.5389577311178844,2.6303506237957155,3.013596536958394,2.7698199145239375,2.876265089365484,3.028158886039405,2.525934825233115,3.014242459179167,2.88591256662764,2.824606074200913,2.697544608252354,2.5717733458727636,3.0545151123306677,2.765518956776516,3.3182980863163767,3.294386140076549,3.2039411136795923,3.132863760869826,3.3126446413569344
1.1047990129189778,0.6044355947152926,0.910978481395059,0.6415827900814861,0.5176276528626289,0.4459513470593155,0.5150561726114695,0.4258681848378032,0.4862337362877671,0.22336150678548528,0.20342404902522837,0.5557236257669942,0.47574797873632235,0.2288485121913677,0.26719854663198284,0.33610400289305,0.0,0.24279150130185734,0.34399361454087796,0.3457196780435119,0.1531722996743241,0.6319185217205838,0.4161605713029637,0.32712245965528197,0.4716595101381049,0.27001420490738504,0.16514011342150425,0.1569232376926628,0.6491764141036391,0.2599603534602455,0.4932796092361347,0.9511829770816753,0.39166268175609886,0.4960296869712977,0.6838959686527435,0.49380352534623917,0.38831614646881185,0.562024867518387,0.7208413199869845,0.9648204963146707,0.6287116906962424,0.34978637689260594,0.8601504266747071,1.2367392317888406,0.6816474471496239,0.8474309589194711,1.1854848623044703,1.0290361383298752,0.8754627211618153,0.9592588839503904,0.6806707027002439,1.399906651009033,1.094514635748613,1.0160965263905375,0.9674285105383404,1.3077122813262534,1.213650205345024,1.6636358694382736,1.406871391812519,1.1781313078255504,1.8571348760693773,1.7545322159122314,1.6576439635607478,1.6578426904235606,1.5085241592948382,1.7807816484777774,1.7062508393616636,2.1365184590657975,1.9750054185339057,2.088777660609587,2.025405732084389,2.1029488642773124,1.6761039568935132,2.088150062246873,2.297885376372383,1.906686708726344,2.7626152283212004,1.9044854492564607,2.1136878470272755,2.3631764981832504,2.4765534137537184,2.2713926524611594,2.7259089149077607,2.3969541770921126,2.7241189587761756,2.6587160973009833,2.7259209768858046,2.4326687300087464,2.440641263250189,2.8377871598384505,2.6809825349804584,2.6880712871801826,2.3447543723441537,2.9541223448390763,3.2197153383212314,3.1171803586984925,2.994704944340546,2.900038726900876,3.058597826088169,2.9764424955030133
2.129727434391766,1.8481000463648076,1.3668622349593438,1.5495584451690405,0.9440826248600622,1.1900234906885583,1.3393166907096639,1.3616276938775478,1.0174262703328996,1.1143231269295644,0.8586090709241709,0.30188282671487343,0.8752264864407238,0.6445018125444815,0.5488370868985193,0.7038143981208567,0.5085833041692567,0.2567082886943428,0.19484679280316364,0.8305495368444671,0.7752359230994639,0.7305791594245274,0.1583350248478741,0.323832229734192,0.0,0.48575574284705425,0.7811864741478587,0.6767198027409389,0.521471278562009,0.40285070067646345,0.32232160816383626,0.4299607428018888,0.467324237234811,0.5851439735436852,0.5971962495373404,0.5702895992558794,0.678678122482312,0.4612287088049474,0.45781824761508716,0.3577558236797387,1.1193374456270249,0.40203756067951346,0.7663821313895962,1.0393910228427838,1.035423890585113,0.7320290477453693,0.838843134126245,1.3573441908804256,0.7846640599828127,0.9222704039549452,1.5068552148692511,1.5507082695074796,1.2334787204644417,1.1395503103255393,1.0948905755815979,1.5418297946173887,1.9329638140061558,1.345689039360316,1.7251527777535784,1.6360898067185445,1.9237504671209766,1.1862441644875616,1.3985678262997112,1.8975357160258586,1.7347691825170735,2.0195139158306414,2.1294793929945204,1.8158644771522905,2.2142018801637686,2.0958770204890538,2.4307343703193336,2.0437880915197137,2.4055087921861986,1.9011932532534122,2.709332503768975,2.5102110060407288,2.328425337635627,2.3383861629011005,2.670761124695966,2.831188522883325,2.744874641746291,2.531763458824434,3.166110584797961,3.205524480015372,2.778081139722156,2.8910995229662273,2.731259895084074,3.048927797956493,2.7415659893585396,3.267065016646514,3.4190632851272564,2.9415475216783538,2.846433250290291,3.1822283512953025,3.2635218649998645,2.997682302568622,3.2934800886717586,3.7480350773693676,3.1823177500848505,3.214883350108858
2.1096183076443715,1.9301569079018996,1.922068889081661,1.573134042146659,1.5107777883600875,1.2267972055246616,1.2212026274610253,1.6179350097246967,1.0531645549643578,0.6828883316902647,0.9406211899064196,0.7966728278102337,0.7221210312954547,0.6971936811710648,0.852189337141084,0.7090675416508212,0.5319986488383286,0.7400476088386263,0.5707217019454411,0.35272359779155593,0.6391372659181833,0.4202073689154098,0.47213335004661516,0.48321525431077106,0.4506099970054116,0.42881017767523844,0.3805856436588648,0.40136520191331826,0.27983751735026274,0.1096198858896571,0.3728643292314615,0.0,0.518970647247901,0.2721638562877402,0.3808914366904972,0.414698154882835,0.2803315889611433,0.3203363441028557,0.19064309669667345,0.4427790869038226,0.6986677097491132,0.4455575265581011,0.6125572966012207,0.5833727190302973,0.5829104058049204,0.43181223645625977,0.3512767840300661,0.5398539978976444,0.6669206624140109,0.6899589074278865,0.8514527285405542,0.5465963153569255,0.24738776938166396,1.0985841805132175,1.119822289531161,1.0659478483505005,0.8636558503597591,1.136230896139356,1.1574254644869129,0.9035960602261994,1.0576510704139572,0.7320315271871856,0.9899777215702876,1.320633799306158,0.8176967091178007,1.2454956088876692,0.9222918678281751,1.2367628007832643,0.977735038888266,1.2651664055698326,0.9957008923345647,1.5655321173981989,1.3791807055186105,1.238465639428476,1.3904555297220682,1.4697219167754199,1.7580257288875103,1.4471630287362558,1.7485244538416218,1.6744297016455008,1.701682288675471,1.61301911719735,1.6769987722548052,1.9227870983729112,1.7989952955937447,1.9685528718878622,2.0502246494264718,1.677236912575971,2.184026470116919,2.097070548908402,2.27908122886976,2.421175270689851,2.5296424251097527,2.303090089521838,2.498364130652444,2.279090107248436,2.2982972783214315,2.6733097524319156,2.5046494525947907,2.652130476653081
2.610827006991709,2.2061946226701608,1.8744308198776558,1.6326245018696,1.5048059679319046,1.5732647098956996,1.6863063281960144,1.0320321666698131,1.1942170492240098,0.7252656918726341,0.7911998116949555,0.6872010885406485,0.709960385798583,0.7424698340036215,0.5492249296141267,0.325795053845237,0.367991250775896,0.5718422967439292,0.45089131188136555,0.43287007953900414,0.13732390311205123,0.2160755290830263,0.4009783442980037,0.22881766647696367,0.6419956620935086,0.21742996356631217,0.0,0.11631676040943972,0.4587370781181246,0.20646890359584624,0.5673220225856728,0.32561668345132055,0.6109721032019397,0.3335022476424925,0.2686535889771289,0.10859093252026852,0.3935315242883082,0.32985371191272606,0.7037831072561396,0.5542025710008467,0.40202181532115944,0.7988913271590832,0.6249058851153322,0.5549226222182604,0.3904123867371716,0.059768870602676216,0.8235431623352074,0.6224596224213172,0.9462923893417887,0.9268507967979982,0.9360702629470161,1.1236288548468334,1.1060763512890368,1.023114454503455,1.0511984343126244,1.1314477920297783,1.2115838187236676,0.9920126062683821,1.3295020076770392,1.2553029069806048,1.8514946315886966,1.6724719241454267,1.9919549457232755,1.3257525963987327,1.5393680879471745,1.9096426638684214,1.588390169754767,2.078458244598991,1.7312467996583294,2.2186557009938035,2.110535282258283,2.3563004891131385,1.8962474634390425,2.174039076139305,2.2837992611741456,2.232901458200754,2.239371654174967,2.3067230339918723,2.4465118537355863,2.7911530964000946,2.7389108359712644,2.834012266193813,3.0280611163106315,2.7851505133639165,2.744340005538856,2.608809060476762,3.1612588577053344,2.684237337083818,2.7587440289714458,2.8619940556789274,2.905733270674709,2.9667739263933406,2.8831904204355396,2.8029864592616036,3.2398719837766023,3.3854243605454393,3.0865863767609873,3.119593063899817,2.8114008043261975,3.2370655653655263
1.9775812049035562,1.3403744528095007,1.6597871977228102,0.974930427750321,0.957189651254744,0.8332638513909725,1.1227272631171363,0.996085150193327,0.664422711338668,1.069731842453221,1.1213494395831418,0.26991321136937607,0.6587591145553429,0.37051138237239023,0.6769554225533518,0.6564056399256586,0.7176643371487383,0.15650689647000426,0.40585205331694496,0.27381934911734085,0.0,0.37786153061054506,0.3584228313904738,0.06991331731182981,0.18240949734755318,0.12651232416088298,0.6089055651920319,0.21730342122595658,0.2415876387395386,0.19409498272239745,0.8099551663545395,0.20582703224327048,0.5164360297026533,0.9328236851561975,0.5702907962611761,0.5711330165573383,0.623101425523167,0.6632716314019884,0.6666916951071116,0.5368278482238509,0.5345587509519163,0.8612460335630665,0.6371107325052847,0.7211286906672036,0.411695629295032,0.9891892623917613,0.7022263129962258,1.363194808440788,1.1331538339393123,0.8796297349325197,1.2554884704090323,1.440549990402669,1.1170487915871163,1.4155463658537943,1.5883618242804438,1.7024768748608263,1.6355854103870762,1.7312772425515082,1.7418844458371936,1.8882978056767623,1.4819055981579314,1.3655180023832045,1.716824822415905,1.6670861494232465,1.5965485163491557,2.0179381663573004,1.7370965276400785,1.9235032703427368,2.0657103364222777,1.8973886013867318,2.3208062195965713,2.3977246691969114,2.479250478037441,2.2558302719966914,2.459653195688091,2.6598335821876677,2.6121754972348565,2.44082309252304,2.6971391387388604,2.4161462663860593,2.546219076277138,2.6939434076738262,2.571526414248554,2.8371352519428523,2.9151032345004335,2.6175688433059943,3.185503945943699,2.9569864929735115,3.175412032993483,2.885752025748845,2.7313209754263763,3.26005519280419,2.9152579540669183,2.942695037720645,3.2726938551306635,3.36707548035435,3.180249735401267,3.176052274876726,3.1406992692639033,3.20469783048968
6.366825597434277,4.671069876470822,4.3390976937257175,3.676443921055851,2.8931262371033295,3.1131113862564934,2.434891400937534,2.6778920699583164,2.467625171457245,2.2275360140174936,2.077578784570205,2.0453150867967285,1.8403702077945319,1.371157739300612,1.6483212172533275,1.265654248841198,1.1752262092260501,0.9968977613564256,1.2512089406862206,0.5983812374334665,0.554235433682317,0.9558007979060559,0.6577200046259879,0.5715204564910668,0.5847924029818383,0.6112222080853797,0.6939708685927926,0.5020104776438075,0.9870263341521213,0.8175603143939885,0.5144185909508323,0.38763579860340514,0.6592555723532953,0.2901649413923959,0.11025255388824284,0.5192841647031905,0.461981595752194,0.3764223840377774,0.39855502451390556,0.35001886006411276,0.7019158957077174,0.5083847257617986,0.6348352279779235,0.25096344149282146,0.3830397948697133,0.6182529526468112,0.3179556658123648,0.0,0.4894671470396972,0.4793318086212288,0.8739580609777153,0.5288477358588555,1.1606657772317028,0.7837508841663929,0.7858418592522991,0.946420410497776,0.881189182175639,0.8608966809036147,0.9226950313474127,1.4333010405663575,1.1384977480846068,1.087477544820123,1.1284742329199808,1.4865514638901764,1.001478378652667,1.1322257233836908,1.0443159593158828,1.7600620025190157,1.540903216812909,1.6147966643035652,1.8033064585212397,1.3251842404853225,1.7961631826497637,1.723873422942713,1.8083914631185127,1.8586414796031967,1.8684165117648526,2.2898543432792273,2.30269421561537,2.29008314036561,2.5101514890462013,2.1876237468004334,2.455941457788617,2.5102634828319967,2.5458964072872288,2.412224696803838,2.8037919567405325,2.7328962113059774,2.878476936813035,2.7892113888227232,2.951992818964273,3.095603948573112,2.5673533959365624,2.9321750021645965,2.7090908476015496,2.6043035679968174,2.904183943929029,3.5659395099585947,3.0521104335191094,2.9311213698525886
1.775132740205386,1.4213205883297597,1.145122298358178,1.2149245340312707,1.303842404993862,0.7751934967047571,0.9332551886523266,0.7364050903599466,0.7631670525224763,0.5680502199367012,0.3478667274128995,0.7297382392588592,0.10934177644817034,0.5793837716310595,0.5224319696107642,0.18867523305833522,0.793743717017616,0.14658044985166185,0.3939589277861639,0.13411466288946094,0.12134720777640595,0.05406029121046174,0.5172948542992746,0.4418448632357599,0.24031790191288316,0.12230162209451834,0.3488353746687025,0.0339829246141754,0.16277302778192926,0.5051718863797952,0.22563376404751168,0.22623957935445738,0.1833941702346582,0.6652521676837164,0.369087710098281,0.3553679458467016,0.0,0.5150294159573736,0.5455852638391026,0.5071798412723663,0.8845860397727137,0.6144432967028717,0.8382112274130229,0.44345691285364097,0.6043212416390418,0.7073494406642595,0.8257224881059635,1.0067213317191968,1.146577004655331,0.6235773295237799,1.1322232587753067,1.1603995391096316,1.050599203216441,0.9845461459830815,1.0832532514297082,1.0885750115104607,1.1851821996210248,1.2001104411732992,1.5507528946497455,1.6148443279955185,1.3777420136313836,1.7797781344308348,1.5811369419902217,1.5117330515836436,1.5518144903396376,1.8733695072507839,1.4922167369727362,1.5843687452945279,1.8764070105531658,1.7789436440520419,2.516363734224095,2.0056416607490686,1.7522863062701397,1.991427120068849,2.0994774277952892,2.5014170259407553,2.5621412095747136,2.032300071846654,2.4021192195822483,2.620150286354386,2.0749544886677658,2.3552780150361396,2.875194134325545,2.411913115829522,2.613247040304417,2.6522020813935843,2.4481684531803314,2.7079707510282116,2.6794801194483195,2.520020259660024,2.8063361435295224,2.5930699966275217,2.8853255319840567,3.1283256658620733,2.7935359112459164,2.864214234216215,2.879097217082224,3.3411260285546387,3.210762646893757,3.271566477814039
1.2905339216964133,1.4195695211467374,1.21167095568698,0.5179398122011474,0.7791377019589305,0.7827124234676646,0.5301391711857555,0.7065952109939406,0.3275340196104981,0.45590531829342673,0.5974126818248067,0.46659840078932824,0.37607528933601486,0.29579513638172017,0.5821687924490586,0.45295431231966,0.36653390832536736,0.2963625230970006,0.5807526277070707,0.12825913080936857,0.25675087241996764,0.21093298270845828,0.6142224180411642,0.2352377931752052,0.3008615131062644,0.27843162481021544,0.3393122477729129,0.0,0.3028502518519236,0.6007212490230422,0.25559595203666596,0.19051180877761809,0.35551377166948406,0.6009996860897946,0.35949552545361385,0.6017546687985789,0.36049391010385534,0.5046259972399145,0.33488486023548525,0.5437647364217568,0.9077376118734932,0.46679542277015074,1.0512198851737118,0.8560344737294638,0.5493531929545661,0.8296619174589175,0.9342095716918042,0.5300059242749509,1.2433596807428167,0.9096983298894212,0.9134475542697462,0.9670306020971378,1.2094977810172018,1.2437508494350258,1.3394439828550126,1.4473307360851582,1.334696788612007,1.3044359216542674,1.3149921085398795,1.1688465226196207,1.710359312535921,1.247625983570238,2.129149885074348,1.3932976389629843,1.4660663981059763,1.6724039584032973,1.7952309035355203,2.020446896245266,1.974714428531673,1.7865873298239627,2.1065266375525393,1.9202837601761402,2.0738955198361815,2.325495688436458,2.001732532916648,2.1927570324741836,2.2568200563553127,2.570069055730624,2.4180543640478227,2.236955154383189,2.2924819422522873,2.6274454919383814,2.4897731544108694,2.6007078868485785,2.6046714046322457,2.5696308559352197,2.795415821545806,2.6921115013544465,2.636845583254054,2.8261983069039545,2.62161616014156,3.0760003106963225,2.7063267453590427,2.772935191547006,3.1347036917607127,2.890416272558369,2.8776484340548514,3.1466868324693813,2.997452634351607,3.1792505103393935
1.2824729718438608,1.4219303959258074,1.298266344490477,1.1878223199021285,0.9021621567544891,0.786849972045065,0.6938571256352919,0.6447508567603695,0.5926877132471944,1.1883212238389849,0.5660249905668131,0.44956959736970603,0.4913298437486997,0.42015787276137573,0.4426287776890181,0.4393584050033148,0.43402896327341267,0.46017370550267245,0.31977265658142784,0.12889472237946187,0.27076545277390274,0.18961597340846303,0.26644546001604397,0.41330062152767155,0.0,0.17397354406178778,0.5820944291842665,0.6230813078341608,0.5579041904745061,0.5655342661884006,0.46568078153655357,0.32933371688774393,0.7295718021488469,0.34218662035423897,0.7262977429061657,0.4370843382173817,0.3942752461330876,0.7141900872901275,0.6400010846890218,0.6781684603066829,0.8681665086151948,1.026774300967448,1.2231523069729437,1.1099519764830141,0.6259819629785,1.0285726352844975,0.9557695591885089,0.9777295919222961,1.0123178979683178,1.3768275377511596,1.3684797536186917,1.23022608710089,1.386198118550995,1.6155615745404202,0.8387893029817075,1.5691419572807082,1.2953758405535698,1.4981827580557283,1.5967697748493368,1.4769165978880654,2.088701364021029,1.589599944008432,2.362900311998507,1.6451262696268483,1.5828545788568942,2.203473660222789,2.467509024714536,2.2510129707945463,1.867741245615795,2.295760654039059,2.253172892831964,2.3168892963560896,2.539283185291131,2.7116358639680467,2.575513995849006,2.130249608434779,2.472956519493236,2.5486598642023157,2.7737554890268488,2.7641264139551165,2.657617174459409,2.8771274018249127,2.8325542367522676,2.804676944465376,2.9025800611388295,2.893698619684139,3.136696080551795,3.0738852063009023,2.9150970547576716,2.8895688293354933,2.909035819802705,3.054317190998786,2.7965083576378813,3.325392303409691,3.192263019768669,2.9249378817977547,3.0595203067360064,3.132946719174557,3.19470027682595,3.4571144994615803
5.170677165196086,4.979851263443894,4.294713325780368,3.9043967744538577,3.6322793379999503,3.4832813027021103,2.9780415052800393,2.5756796556275603,2.507333212861756,1.9322386404375234,1.9139215827629368,2.2025503045969685,1.8863524037072406,1.351532638282018,1.717555935443567,1.6239045745521796,1.1513759129251042,1.6318976853848834,1.400111564142291,0.591348851162854,0.8855054690280255,1.0535324445233591,0.7604568487450933,1.018446693953086,0.9174208177925145,0.8157466949499899,0.5374440344513882,0.7303383969146182,0.49543712947055596,0.0,0.4800121072590873,0.6372801755264224,0.39860159780914195,0.6486722758641861,0.2880978278618542,0.23768356115648004,0.2461824015424945,0.5717968805657261,0.22387712881673139,0.6801336228795609,0.2545480662740367,0.7920138639297516,0.37213943043810005,0.56334795488916,0.6752484612728171,0.9819310875749654,0.5642359690127456,0.6670951092095052,0.7661453558832907,0.3185707748634634,0.6921988749072909,0.6248999690036587,0.7821152072863349,0.9589116573302654,0.8825509103423119,0.6966125252780646,1.0516152889775174,0.9557639744384279,0.7099786061343547,1.0087961321917387,1.1168499468349111,1.2341863479346102,1.213038751724664,1.102149566497511,1.2156700284522586,1.3460564785108549,1.1702604608000744,1.4792243425935467,1.29720594499015,1.4134644112007049,1.4882872882872409,1.763492992951301,1.7555271655459048,1.762653761211304,1.6786784373923673,1.9510351384029914,1.544836655816889,1.743997247798987,1.965421744580361,2.0451551885035553,2.0016109065967136,1.9828357310963867,2.1239539613786125,2.1276682508391698,2.291068511617148,2.1040471177920708,2.4177557026481935,2.509536254355613,2.16130892554283,2.316784057659852,2.390121664350115,2.523397149421747,2.607789526502085,2.6913146479814785,2.537931250100389,2.675854119313396,2.9302014443137843,2.4127494137706407,2.849086391069907,2.956406936303136
3.6481595705846814,3.19471885209947,2.8370942831182724,2.653026718368526,2.55808408709796,2.2153216536932074,2.462644301311375,1.5199399427530107,1.647473413200192,1.4197321749359677,1.953867125507271,1.6389337671511424,1.6049725640545063,1.0805315377411393,0.6874677527591082,1.1463198947226552,0.8522653109420961,0.7829490404566108,0.8731936051857225,0.8140604929386122,0.5135981859374166,0.8519309654308937,0.35233079518384436,0.8689402079610158,0.492812220147389,0.5899904356987715,0.5136808564441377,0.7333695575692509,0.4999468276003558,0.40367293281935623,0.44169426752311125,0.3915472987988977,0.0,0.5569949220505244,0.6769111347209922,0.7047107015257001,0.4645571501925616,0.6552762825956151,0.9404597679372273,0.45055450895510774,0.8876725498650213,0.300417931228667,0.2752297779610249,0.3693662641727524,0.6567258113397294,0.46091353957672254,0.6673026794317796,0.5263595523213276,0.7531920229697242,0.8656961064762232,0.4352511477412033,0.6332212161857953,0.60925374252826,0.7410288205139466,0.6932553609026026,0.8845862218560736,0.8304212104317354,0.7025346742833118,0.8495098086398052,0.8529265647797875,0.9327566860457406,1.051680307929109,1.2324236061828433,1.1942093604978705,1.1336357715274001,0.8429203307048656,1.366212155541449,0.887479016901807,1.2298520803742843,0.8968793930729966,1.459921816757502,1.1974359553875171,1.3913626730641742,1.6615269869438194,1.4919468775664413,1.5807270317566253,1.3071572468969368,1.6087484445968325,1.9764298343193705,1.6060575553229164,1.583842833344237,1.931525564241685,1.607155025949666,2.0878848600456514,1.7781525766109265,2.1207102830084352,2.24398052673852,2.6360670923256535,2.2034540627215033,2.055556494881543,2.6195797513908055,2.6880368452097656,2.6665387429702356,2.7009816874243526,2.9420437473940098,2.683834886465352,2.5548767986832743,2.6570714617512436,2.5374838301590277,2.5769467664437364
1.0622489534333575,1.0678310526285628,0.7365342205573366,0.9189393953220932,0.8124576284547196,0.7910474229385915,0.7806377046576092,0.5721797880423001,0.3234516464341368,0.44816384252683505,0.659124900514886,0.6656808981257285,0.6008794021471697,0.3072384141625779,0.185087886296893,0.04632992733126251,0.0,0.32607263971191713,0.5371425890409895,0.07551587557630057,0.7727495850953776,0.32847978237699493,0.37871617919440936,0.5065901728713715,0.07871147714089766,0.4420266458073119,0.3454422207386205,0.797636576387724,0.5217959977530988,0.006605365929303275,0.0517303804530691,0.5753316720665431,0.23076092550862803,0.5162528128407367,0.4898009220452906,1.000441301905168,0.5456456992437939,0.622145053218846,0.8209958438957816,0.9060404711938759,0.6318538441588419,0.6634711512728391,0.5782820001358822,0.6181035186471302,0.7584920616789645,1.1400350550353497,1.0169397007449348,1.200398732394829,0.8735327347454476,0.680954033531231,0.9626223554961459,1.1188749410136616,0.9783482484270642,1.2242240669586604,1.4461244456212334,1.5119096474077658,1.293174324374501,1.0341617526716167,1.329128722334243,1.0785025538174917,1.7346691169069341,1.475414625777093,1.546242530680093,1.7366733232132834,1.6933233907713774,1.597628601480455,1.7222513621945463,1.8284727986565006,1.6212292504672288,2.0557620919033877,2.3939138390968377,1.6535256799696452,1.9163981901091045,2.4892264252019007,1.9036006329707416,1.6916280133188284,2.2971275837134844,2.211853694337721,2.1015441117897655,2.3195299544798242,2.7592310056789824,2.5691186246485405,2.1487357195493058,2.456097925068976,2.601922988976378,2.5842968973230764,2.4564865692667244,2.787800060138556,2.98841914394489,3.000038622926594,2.83076354710507,2.713313627461785,2.9818127136799237,2.7153162572430833,2.688799383979463,2.955913078998213,2.8828712164712815,3.042862287544251,2.936541584735144,3.1430491773166462
1.3487204177450476,1.0117862030349318,1.0228051249701569,0.5781757618109182,0.7264144644103929,0.8879988977196689,0.8559655689794159,0.6066404569238877,0.5447337690080438,0.7270973661405264,0.487047710338798,0.646371087832863,0.2744996516593474,0.32697750814740445,0.19608659426175024,0.42183865540340726,0.5950216949840641,0.6075772264594299,0.30450181465168136,0.30681041781052265,0.2068101694661202,0.40198688230494106,0.5412949391373889,0.14168264209182269,0.0,0.4582256438673493,0.24063265274154233,0.11220234485664271,0.2764530497066424,0.4880882783810758,0.18261262175556325,0.30002865055152483,0.5643664955080983,0.6340214831324396,0.6359204190549939,0.6291637635515723,0.18769669595237737,0.4520426729616531,0.9315661160954125,0.3596004651287821,0.22255213422578457,0.8219284943743084,0.5151377708515046,0.8430102692193788,0.5214576108944211,0.49478020260202626,0.7965810607293626,0.8196878468029194,0.8937598844934485,0.7370761867101088,0.9697030963438618,0.9124012900536069,0.7836773772679368,0.9315044127767962,1.2635041853472124,0.8087482611522372,0.9087330528325168,0.9163424093227857,0.924644498538786,0.9045099211633012,1.3393170910171257,1.7433151498993755,1.3629840715936865,0.9641810461338611,1.2146709808888438,1.2266741401089103,1.2210566345890346,1.6956220310775354,1.3568913316365698,1.829636250029294,1.5900279210019352,1.7904386337901759,1.6139584528285074,1.6186439542619357,1.7826040482700147,1.8012721581365323,1.3318896346658793,1.6987256475991384,2.054516502479961,2.0274086433151997,1.9063985972587627,2.302885841522288,2.249823431972869,2.2554159119089103,2.141867409877319,2.0295228347060057,2.1268576848059038,2.614543779296545,2.072195303300374,2.4151472609276627,2.3301017990822057,2.9788859312364497,2.7629202492899747,2.9098480964914533,2.8399306910434294,2.5261791435082,2.5693495509124116,2.809818690352822,2.7320878788474,2.624007390437617
2.2516088428190244,1.9708232913906532,1.840632530263683,1.559637685121002,1.625596823669115,1.2272094167787895,1.6161942072173918,1.1764205752781134,1.0544850614994452,1.005847367780861,0.7117632729925134,0.6841041287905352,0.6770304879266931,0.5067001102910478,0.707145015606816,0.446233427398548,0.5314490822180833,0.1919962350578075,0.2836769373584396,0.6612698823690888,0.21708371730511544,0.24091155877270332,0.0,0.05542843542307452,0.1207661656994734,0.028154797453536773,0.11362974891235389,0.07279423033114973,0.46363889842129247,0.25277399688642,0.24795457084077732,0.2997665946892951,0.06433147060521627,0.10289048758358099,0.3088880535869336,0.2007458543857954,0.280282962794427,0.671224285197038,0.2712180826666515,0.36688822088979833,0.6034807552614101,0.468815439604926,0.7876163423525391,0.6284734805199612,0.5166923987643024,0.8303035495856186,0.6930389274193409,0.5552322049029996,0.728324627230057,0.8216260481620914,0.9623089764984964,0.6819249903829299,1.1989975615839086,0.8444086958253614,1.1529837243359875,0.8891380892696645,1.5418473419708612,1.5653363262815336,1.1800488208071922,1.2891978605305177,1.5578104916749158,1.2785811759175516,1.2443067955399645,1.1462288005159653,1.6732865150324248,1.4516166534838177,1.7190876643597122,2.004294706567446,1.7323176543433743,1.9785277214784305,2.148089852231692,1.806235632878245,2.0609657886128936,1.8158595039200858,2.49107520505914,2.0518139948495993,2.2972995737144863,2.2970608133920365,2.2002347199589316,2.5232936974590316,2.658431610147691,2.88823342037675,2.4188069401143864,2.1875644411585426,2.4044151217002394,2.6065075711990637,2.0706903045610225,2.8601745308870328,2.655155208279453,2.9868432704676877,2.74550748355837,2.7272730419554847,2.634760434963834,2.529771624351934,3.2550566752444468,3.229260423373198,2.7525090055113637,3.277170840227903,3.209485083572339,2.9551286527720393
4.041761196555473,3.8741049649284705,2.8354841786779232,2.6665904792986197,2.4473987617841857,2.1256153818703076,2.2762887511546097,2.0391723379660966,1.7480412464559656,1.7089263933627592,1.4818842803579457,1.4234116674823412,1.4896327753836758,1.2755287737564593,0.8404199166355504,1.4853021953337517,0.941435486276518,0.8606988778592495,0.6648965385505896,0.32778170730870926,0.8814597495538621,0.9380939167722886,0.24786786211731382,0.3754835688860645,0.5266157297066805,0.24595007797390522,0.8227894103362487,0.3168833966348483,0.5501013167209585,0.5313832569897521,0.0,0.37404118731958036,0.42566988358790425,0.16940172077585558,0.39717001204137503,0.6218235462677022,0.604120372137249,0.7705583103536391,0.24510191341308563,0.5939927649034722,0.1339561669541336,0.7099666269786127,0.4598856467173249,0.26193934015086384,0.46073149766107235,0.5107037058672148,0.7621098179349772,0.9658761645215392,0.44703779360694895,0.579730636996608,0.797728750512217,0.7250959307876599,0.6556050481261764,0.6305602649347932,0.7889746553313479,0.9322323312946175,1.0841586011976965,1.318357420410507,1.0336750381561863,1.2084007257456761,0.7422322081506003,1.3814928856566127,1.317944239061731,1.2844912569257012,1.6477332135753286,1.0436288155579732,1.6492375509149753,1.4245681999896362,1.3674148873898417,1.236608048866664,1.0848519289830953,1.7183875084091582,1.6662561218719496,1.564077400023553,1.9290912499910036,1.9170328227135123,1.6954830772810965,1.9867021380272512,2.2600884782975186,1.8264841630984812,2.3677307480047496,2.18658677398923,2.1893584198371308,2.3235096038023464,2.565095854313668,2.5814726186124233,2.6295806484493163,2.454400654351481,2.7017756873877197,2.6751176393782536,2.6244403034571597,2.6757352090354907,2.4770610822393557,2.509919205822708,2.7381688293041044,2.9910692417755165,2.8146465915262375,2.7404339205101245,3.1808091064489155,3.1211624715215827
3.6987588107199336,3.4453182898689576,3.2063971726818927,2.629477014773265,2.0775274490658813,2.3172332013811996,1.77784770775847,2.1060338967866308,1.5573132083130972,1.7810025341152453,1.3331832467785212,0.9961880424161436,1.2957645202143286,0.9754467127722801,0.9564949878701015,1.2784871596858327,1.1269130062128028,1.132321815054258,0.9089827293151735,0.9489058672499446,0.7930712290949007,0.5377568227222937,0.7429149965640942,0.5195142611886521,0.31838781523120474,0.531213504032797,0.1767809797512836,0.0,0.2527288402282579,0.39270659254632,0.42915408045008085,0.10906525727825489,0.34124684914598724,0.8982880432920357,0.4889284675457706,0.6514968053216013,0.4808167121485649,0.4323100653590135,0.4540649243592991,0.49327201069337967,0.8061152041937856,0.43259597074105294,0.4420764074337562,0.48016174636527076,0.48940014570757207,0.4292606274235471,0.5796840271617345,0.4550761732547759,0.7808683717666014,0.46300218446150687,0.6116614942574774,0.8074506357805866,0.6965859413944226,0.6785136992112459,1.0757735769686931,0.7192834875341827,1.1563809273101633,1.2727842372947276,0.9077538399053058,0.8198129986583762,1.3153394670893714,1.0183670431296203,0.837215504470878,1.1632375353907296,1.3435164656900653,1.509653995448927,1.2255832141754208,1.4127556284638594,1.2001630718858465,1.1527680746989777,1.4515246245999087,1.4374335340351134,1.9143644994462825,1.8503994195017057,2.09843306114381,1.7034577920681215,1.7260081088742307,2.01601053696886,2.2865675637709977,1.8059583892152808,1.852674884059951,2.193919182656815,1.761178518965707,2.30917770227917,2.353145820993845,2.0688231668003585,2.4558960508621936,2.365435911352309,2.4981906573684416,2.251764634515803,2.691291000500211,2.416192701727992,2.8845712179251457,3.034817326977258,2.751998758732501,2.78256795624527,2.8200584329227176,2.828583735373268,2.8823844041193993,3.0131974977036897
1.0436450742043597,1.2696689665076395,0.3695228950326275,1.049301642809601,0.4162229694717663,0.7226316530162773,0.6345822002673653,0.43664364691859525,0.367950320393863,0.39743392763111274,0.4675541689936509,0.24051229827801812,0.23904023067536784,0.883732243998482,0.644637732124421,0.39358302263570977,0.21263135393416022,0.4427472305816753,0.5489660352805377,0.08015278630471201,0.5069406018867575,0.0,0.06909155406741263,0.07346196370904323,0.301269129890958,0.6833124628178435,0.31814186734218275,0.4589036235259272,0.40230942194914476,0.21455948843082773,0.46449625746721956,0.5947275880932512,0.4869684292566365,0.4758026732178475,0.5158716586297398,0.4070368914906215,0.6602166465257273,0.655619941879447,0.9017365432501663,0.6857333644919663,0.8356412274906955,0.41137344092649997,0.891986749670659,0.5896502958993537,0.8794907483931809,0.793683307989296,1.0166673815819038,0.7883679764797655,0.9273291728275961,0.8605209437060015,1.4615428893295181,1.1523784644160298,1.613773682054342,1.2309688371143466,1.412900572594081,1.5479364948094627,1.2281288469460048,1.5127215930695552,1.5927576086014366,1.6075871200932195,1.7537472636225395,1.8230711464854075,1.9690254619090037,1.7091886371764762,2.0284733467295126,1.863485914929365,2.118725447617857,2.3947529991776335,2.0038571463621757,1.7828527691829148,1.7482654964437199,2.2091848988362273,2.211147748248713,2.337361080141225,2.111876571953541,2.460950688199109,2.2339859968937823,2.5606675361679923,2.52782973001667,2.3648445895193024,2.5882471851395614,2.128063916650497,2.585146237908715,2.70277042499513,2.622353122572507,2.7696853492148303,3.09814091440305,2.8453629677518215,2.8444784932048712,2.9099374617170497,3.288948832911032,3.029981044778687,2.7854591138505285,3.2140281238024997,2.986134842248454,3.2769920434710613,3.2485944177461192,3.125166473978286,2.9065991299578435,3.47598799148944
1.5204311081768953,1.2093443635571575,1.21152404773518,1.2289462778779576,0.9083696088990827,0.9918491948167816,0.7028710157291069,0.6437775422706409,0.4155210299168761,0.5885749112107099,0.45638162481248656,0.6815560599740955,0.6741226185514684,0.19622203829551665,0.4653111873201379,0.42132801872175385,0.6116458082149894,0.5307020099745792,0.45239343462670156,0.0,0.07983594714502296,0.21483568269572828,0.5369385457696882,0.5471286338563637,0.09413193316711421,0.5917315548720374,0.04536416899257745,0.3044933489348072,0.3120007345676594,0.8207960147547713,0.5999252156653228,0.8757387795069693,0.73187347121676,0.7767436766608498,0.5849524731851599,0.673423483941157,0.8759951192763396,0.8376952568654445,0.9979583403275036,0.7153864320410506,0.9805820369715175,0.8183599281529812,1.1678132839956792,0.8937005192965799,0.8671735244729817,0.991254873956823,1.4204088045168888,0.9460132187993278,1.2580274364827329,1.2350266397880691,1.365029385385732,1.2544925506036169,1.703390821308778,1.372459113391324,1.552431655362831,1.3175434864574438,1.474842355306702,1.6514106479103923,1.4452458779268618,1.8870345647583981,1.8143984233558825,1.8915081259131892,1.9675222735525075,2.216264633123206,2.0634855388681785,2.0476146582480332,1.9636862984175956,1.9355984193447302,1.941568294645787,2.3853226984035487,1.8958584608212892,2.4604794604098608,2.4757875589606755,2.4760675489753297,2.5907828139062907,2.110850810020171,2.36209456410214,2.3266775993013873,2.3107828713414484,2.4384394082073335,2.1748976013476806,2.7329651303498075,2.75443134526531,2.64026034798799,3.1276128647822645,2.8096958514335952,3.2147036205834567,2.963425541473814,2.555846951816381,3.255964283967696,2.803072927483491,2.985157343927071,3.0914704284613492,2.9722776436940137,3.332972112839922,2.978293310304924,2.917887067377716,2.9600235407898943,2.827099210991399,3.0379587300730932
0.8149245311985815,0.4817148939582072,0.5540936859996552,0.8116771665854206,0.7816061501952838,0.5260385132795413,0.04755680036580401,0.38625881391847194,0.43072337752689194,0.7519153800879472,0.30285693339230235,0.36041892688735366,0.11549844787252894,0.23903986894386442,0.06763032133423508,0.40519633060165994,0.1656296645195603,0.05061755141053759,0.24112345332579643,0.41755629846758424,0.0,0.34858780449594207,0.2136037660265817,0.09415456326771476,0.21176751576131458,0.2710034709049314,0.2897778879906774,0.24142507528719293,0.4204400019120538,0.3844209421286813,0.6502197583758385,0.4278886441263463,0.5843629473447862,0.41148419932094527,0.47599308507676774,0.4303816422394693,0.7018132742061578,0.3433843862325876,0.7803864218327643,0.5052749139017454,0.6044616708439889,0.6542612942609018,0.26929356035555685,0.8129261642739536,0.946797240439567,1.2703590949640766,0.8754633542015746,0.762982668538486,1.1276657440592768,0.7646390169154973,0.7979547396483344,1.1294396424934607,1.5874460407682296,1.2301323594688522,0.8238713146904839,1.6664869509770615,1.3484030955487274,1.661864475600881,1.2053806170101051,1.0223893008256422,2.0133923181023814,1.7299534236213017,1.653529149097272,1.8116057675604242,1.6881783619694115,1.9487513248438244,1.9284816596256729,1.7683592843423437,2.076138556906555,1.9969867265792853,1.847510869761889,2.11601353420596,2.0172022439769304,2.07892651375097,2.208979993340824,1.8992768871631416,2.4830304511687853,2.3716283429503537,1.9414225979533253,2.2951974973514613,2.8076188009385934,2.615270055019293,2.4029564085090005,2.792025973569155,2.5493327044763543,2.4943882089211282,2.521710665157306,2.5100881804933923,2.934061509177818,2.9221704977111553,2.7351036590486633,2.824018404625191,3.0575480068313734,2.984284612402936,3.007062712891953,3.0547739381520795,2.9410053622302232,3.1230483300790883,2.880517026630807,3.056008942248356
2.1522065588871175,2.2324459158927823,1.6044850810166729,1.6848196441438983,1.621364892405909,1.768455708207938,1.3576931258409868,1.3347821554391928,1.128628780093857,1.0512845538534332,0.9586362731989997,0.9088262815157098,0.7582644563433973,0.2799456485209806,0.4448743066669181,0.43755400758661445,0.4544017503562028,0.7027901026943688,0.28467714226791685,0.4183562486417731,0.3045096929194244,0.13182326649525677,0.3099032697442574,0.272397751540721,0.5212491341786247,0.08922041566555983,0.0,0.25115456141004877,0.3805345622339349,0.1791957434279805,0.5458594783719732,0.35779357862904604,0.6278514287788362,0.4341524157501464,0.5085672458634907,0.25015359579730756,0.47400369045868374,0.4619454613176117,0.5723268552466223,0.26785725631635415,0.5634820200966715,0.652156711331461,0.57713434149845,0.08048781246747438,0.8466571097655482,0.9957996020220587,0.689676529379966,0.6625712400935289,0.7786830911692899,0.5537700477915841,0.6159277377440553,0.8273273338460694,0.770641430334674,0.9892032970791789,0.9057579503062101,1.0611819649642538,1.1362441417010452,0.7802880558121981,1.1478364315389111,1.034955375596887,1.1695821536730886,0.9607233542465643,1.2164894967758428,1.5466968235667853,1.379944688977929,1.679888625999773,1.595038930949256,1.4534936963513534,1.8929174917305005,1.7038404463645431,1.5088017832285612,2.075877009810787,1.8349943959072839,1.7233333396079669,1.7618424056721906,2.273449232408666,2.243495318842852,2.0948783605421113,2.2052221201605047,2.5325548508251234,2.3260237494301066,2.132851774674112,2.542834325715287,2.214655367537951,2.2459712906665725,2.0899336426853434,2.1478856973207687,2.400963440294431,2.8376457543183307,2.7245292294439327,2.6227164164031915,2.7185285092085074,2.6497826128226496,2.630781310927375,2.6445113070020376,2.7238788415375286,2.8876084011325105,2.7768834222315473,2.7146937351502647,3.185768395145402
3.8958314957894107,3.5715181475721973,3.540774350252123,2.85856016924256,3.188077414168289,2.384829417255144,2.080979974248491,1.9544340915204863,1.96274689341001,1.7041388677115847,1.0115836750859053,1.4917625834018349,1.4457649724133237,1.1181991315809707,0.9359509370841987,0.6964713937042273,0.9844680990974801,0.6413710963980375,0.9234764851721682,1.114593511374336,0.7246291866778591,0.48997341084586665,0.21306671404420818,0.5798817505016878,0.6596634917810018,0.5253715894094064,0.48966675155552686,0.7792828895799921,0.28869995800922865,0.49647988904229656,0.12563140662572536,0.49927572927538755,0.49273912450686375,0.30743421284416605,0.5101924085245457,0.2372939950110986,0.5148007648464858,0.42043629607953825,0.17859485133443442,0.5205063200320996,0.4865878816887985,0.45644388063994334,0.48984644638828456,0.2629470834104364,0.0,0.6094619406704567,0.2725829195305298,0.16683169859500424,0.5048723885981872,0.629424316657051,0.24902813779708843,0.3502782935939468,0.8567489248855953,0.6935446836849515,0.6013714878067358,1.0535150301882172,1.0359500547720426,0.9529559696707928,0.9342566625697071,0.62510107664286,0.8430064715304812,0.8349846711085043,1.0197715862060708,0.8485174145837622,0.9759385397453357,0.9807272886291258,1.067013545377387,1.6854723461600614,1.2481996851146775,0.9085467646053225,1.4660794157209036,1.1932864372376546,1.5119414524846615,1.4687823950259755,1.7814890039285967,1.8856198640558812,1.8328668047171224,1.3864751191972147,1.911591099674574,1.3894875252479704,1.9246314276630514,2.028884920453379,2.1109782627740756,1.7519334367639363,1.5628506875201307,2.4398038811897003,1.7522539021633765,1.8575077728170868,2.2282769931326243,2.3790407295821243,2.3155681092576295,2.1721964045485063,2.3365219119042226,2.196512511193376,2.0769458099233233,2.5669597318170787,2.4899810007428744,2.4962319703340903,2.5287785547479533,2.9291706014514087
2.146710175700452,1.909071967054146,1.5370870852238383,1.7531965246027426,1.4050467302278946,1.4446430609341974,1.100327465898891,1.3566180887657247,0.9318667146276312,1.1527908392763297,0.8669203187035865,0.8600166169892205,0.8324489764840859,0.6745870164809702,0.5578220229099013,0.8367031789939325,0.6251244061375729,1.1207500096885674,0.5604721647800623,0.530773929437359,0.2796973184889264,0.6014378707109316,0.7528879436539029,0.5756988004935497,0.4497374197711199,0.5523959406323211,0.40269814339278653,0.5288755662597779,0.0,0.3521184637225616,0.3186431524711182,0.3866337219824221,0.5654596476068949,0.5986543923172043,0.27400280876872607,0.41446005471700964,0.5135075327002987,0.3338760914788459,0.7853227390742266,0.9554321978434057,1.065767577896473,0.4880827324278858,0.6736991398449739,0.8211555752424005,0.8906302729581537,0.9598252176456175,1.1203510128398548,0.7417838532991254,1.0543024481003869,0.7138444774496957,1.3494834066932988,1.068936947564909,1.1154093479894573,1.5686639572278231,1.4889107385517697,1.4640348250508453,1.576370086078736,1.513754247711958,1.6794183853398614,1.8386815980004059,1.7429521199462492,1.786114685503783,1.9058529524955965,1.8750487843522414,1.6452499450384899,2.2115894594683283,2.14493745625429,1.9565654056879787,2.093868442073351,2.372133409417735,2.137383046041638,2.245060619244903,2.6778652602550963,2.4313315304844743,2.640566887641814,2.618431619884639,2.3544101632876355,2.8391703854431185,2.958286746081839,2.522305677554524,2.6655468289041586,2.7935204338649164,2.658385550420949,2.870028095689456,2.8949834626378532,2.981106421396234,2.7293305564163894,3.215956994503383,2.8949550618132136,3.169870765588925,2.9761005634481776,3.1111491014433597,3.036161548217578,3.5060016166939043,3.3139778515806526,3.391968875346379,3.077874059908126,3.1487286205739586,3.283130111440169,3.423979622019914
4.489658123672388,4.056620534771092,3.342243902592813,3.293019677429168,2.819982604917133,2.3620718698189567,2.4310258989096027,1.9273812242792925,2.300496538451595,1.9815104184544818,1.8565333423532522,1.857284138881326,1.5741838921651894,1.35645811030877,0.976654142471757,1.019026014379806,0.8698685134104149,1.1926145217737645,0.8477127135342251,0.6950237695199917,0.6473044033597475,0.4577587448981273,0.5357530403816391,0.8459030374766492,0.5174259000860104,0.7983295285738947,0.6015388100042021,0.43415618018033264,0.27454706154167674,0.5029703915904662,0.28027137995238505,0.0,0.2241288158589807,0.2507623908550993,0.4615188369012415,0.10703877550738916,0.6509391214895448,0.6648308748896952,0.9725067737746063,0.7288761931410885,0.33317604479616314,0.7925632663761846,0.2362097674651249,0.5836423087809042,0.39956591082644977,0.6509556900839328,0.815986492110012,0.6718811369749815,0.6723146410375609,0.7445056230612455,0.9961301127855453,0.8392063570633184,1.035219716333419,1.0606061331994763,0.7376042754790237,1.1988499034406495,1.0778845164375586,0.818807378676663,1.1075275279126213,0.922737048515021,1.1094835073483313,1.4983892886307864,1.0852649621342447,1.2392033438654604,1.496634512993074,1.5313869778738365,1.2224629404884606,1.9403293983978571,1.4116757536016316,1.6918962005287703,1.2915086331278864,1.4953032082502435,2.1248789278655416,1.7151069931564145,1.5223292198291585,1.6213131745125455,1.5838040836943694,1.983415742419922,2.2446249937760783,2.4089086279454115,2.449834433422197,2.1887903235573134,2.259708361534983,2.611724168553895,2.270156855945176,2.2019146669043206,2.559248568846918,2.5320535020867894,2.271024815088291,2.417368057131794,2.4096957522627633,2.620002504365022,2.550611938120321,2.5195313341222256,2.5410452508557775,2.5528595000965115,2.6171230895767845,3.006240379271837,2.9599868951551613,3.0383532251575005
0.712861475064269,0.8214481185166544,0.7190118632976308,0.8649580883889509,0.5398866247985037,0.6643569399729277,0.5812236721820696,0.6441252863553153,0.518928821045181,0.5385461110633258,0.16191631472079138,0.5469240411790857,0.5399292059271161,0.3160622748199078,0.1505292136022316,0.03455466774239113,0.34805212740787184,0.2333133815038142,0.4951694953815977,0.48541273712870137,0.2487251863578681,0.3866909381859962,0.0,0.5999905389710758,0.2963227164007094,0.3782704007979678,0.393891722810201,0.2471973371228504,0.40384356270975275,0.3159081951242282,0.09840161832544503,0.5986837932683322,0.5130405884178693,0.5467344721713676,0.7666380750134252,0.7281721179412841,0.8787883980771944,0.5080814084412602,0.19408020133654347,0.4395827399220842,1.008086185749237,0.81487852698395,0.7917322579817636,0.6663441596800563,0.6153378714883164,0.7427114897538463,1.2362151471643514,1.3180373689432976,0.7807569601616233,1.1429554121900658,0.8806480485294124,1.0773142065540693,1.0596717585487685,1.0781685421372273,1.3118406526734994,1.2879307608784583,1.307038945391259,1.1546255575140183,1.469549920253126,1.9432456956280433,1.5643690273568467,1.72273888525452,1.6052476032139822,1.8640076971944257,1.6066110478171165,2.000338771875745,2.119635524486071,2.124450236769899,2.308382256537092,2.027370149549103,1.9200461876175847,1.8534781540137395,2.390102122301686,2.5652339141954386,2.7602834311374664,2.270365969696881,2.4647439493006225,2.1157883594338838,2.407863214640521,2.799351998089609,2.3873862171642433,2.692438598157585,2.762374662375013,2.483803376202129,2.208091007283974,2.955006634396513,2.7419951058591003,2.9119768438045615,3.2154114957067517,3.021491993369187,2.8120152330473775,2.8356057102435237,3.0382801228038883,2.574450901963033,2.880780891554826,2.893888719563135,3.1799908304602855,3.4583832814827264,3.28082532752075,3.420661439196534
6.1749966266308896,4.950823325239053,3.8908411883282064,3.4928573113780033,3.114833647760868,2.7417870123110184,2.5901115426197414,2.243309084789672,2.007000497466354,1.4977186303153687,2.241179867376019,1.7346909039790646,1.2291875134208112,0.969244415611076,1.3590420056495809,1.359408011983195,1.0489220134515627,0.6561394847637629,0.503284265157756,0.5342076949451595,0.8333195687644697,0.7612781724656017,0.6225977215142287,0.56929694121267,0.5837107602703995,0.37294149042593716,0.4037605219131777,0.24770837520811284,0.2130709468682106,0.39300491769489554,0.4470756131636051,0.3628201794484589,0.527758259728742,0.26392245217204646,0.0,0.1713913828301834,0.17036462825280907,0.2913337415914228,0.5391453543030273,0.5714577307057027,0.34599740692523184,0.5132873534633227,0.2928749395232124,0.9252306663634862,0.27529452045710556,0.2759390836622373,0.4102185153718274,0.44830099368859777,0.364373486370269,0.5930535675590782,0.6489562396744013,1.0117089033415496,0.5994193264528604,0.41293838563825247,0.7788950421593945,0.6208538799967194,0.48107471234468946,0.6825054476992527,1.2817052585970963,1.4799965970128817,0.7032016542545989,1.105507934092092,0.9483305645474367,0.9721073297423644,1.1170617027903909,1.36078481230685,1.35930017248603,1.7533291837811902,1.6089753809908558,1.5626195482478629,1.3786739258261562,1.7837781119933531,1.5370370188894462,1.6472743518989716,2.2060269279493383,1.9977946937709028,2.2899504098258916,1.7683952379837358,1.7661593258632635,1.780749548035839,2.1159842237236717,2.215863869299543,2.1232419359395927,2.1621357168753015,1.878933543973929,2.3569738880508595,2.448497836355095,2.21901366338124,2.704111591352021,2.5969453766385655,2.287583900933999,2.442666802861421,2.571462145765114,2.8200840102942806,2.529976217088411,2.7625041392268805,2.664314114383192,2.6787254261498887,2.672711328534838,3.341215911811034
6.652516738170977,5.085113421115899,4.157266782347666,3.7886956543768164,3.6728209858067125,3.0267350447690475,2.7689693438042475,2.690552182843664,2.2773246387122192,2.0462816151930383,1.7651614981201966,1.8560721622449705,1.3719152579743472,1.4514937607109744,1.6223831806280806,1.306042412542677,0.8707162747830193,1.0835295857943024,1.1802110279670046,0.566359652821049,0.41119624612825945,0.5937483915613466,0.5817913107221919,0.6237862897632933,0.7707618736107626,0.4882810261537056,0.38112259057762365,0.8593730538216313,0.5195561608492749,0.6662606426564839,0.5506688795240713,0.47837542950706435,0.765259642908438,0.49540963045876296,0.28287589967404614,0.6031334949666469,0.2394321893332485,0.5133245227190688,0.1902708459104545,0.0,0.4830742565981492,0.38526424384388136,0.19658768288633155,0.5047838361184258,0.5169869286913205,0.2855829734263313,0.2784468579296444,0.7319972713108651,0.3805299722961024,0.5417839005534528,0.6050328268321206,0.5337702913587155,0.7310676653713877,0.8437996742563438,0.9031482219237059,0.8515850825446147,0.39649977093086974,0.772959711779567,1.2693197327826589,1.0595306998191987,1.3516885064444466,1.0857677727774675,1.0730870139570534,1.6444573636985034,1.0165479429961266,1.912593464115787,1.5051791546092836,1.6978398236159187,1.6149027764698793,1.2875117285983677,1.63048328209533,1.7563695767675647,1.420873068996407,2.037887155121261,1.8476579797415589,1.4382021571086447,1.781543818191011,1.9458112668859435,2.160671321225955,1.9711728436960883,2.265411139313148,2.1595176571109924,1.9019230538406688,2.402838447084836,2.3004973844157846,2.0611389860628897,2.265165513330647,2.338053809247036,2.453364685566296,2.3455795184583863,2.2439663311811557,2.3184070774562464,2.5732379021249123,2.53504159824033,3.0669561188495145,2.7742047041975404,2.7017370448615416,2.7976151382645043,2.6558434804834192,3.022261105020469
4.197826428092853,3.4337703589410644,3.1396708546910617,2.8776436224213278,2.837698759791639,2.272702344704383,2.1137620922794653,1.7130349831518128,1.742394945944616,1.9694367922924023,1.746915195892658,1.1028295801289332,1.4253883901865922,1.381435762576837,1.0039508033850222,0.7301142424346168,0.9571767027955413,0.6730005140505639,1.0747936550930994,0.808166170511452,0.6249892062066653,0.45097578408537053,0.4172392543128449,0.7268824141360604,0.6643078854378004,0.5990675387114504,0.7350946447791031,0.364006385408878,0.06901614328750938,0.5669670233400161,0.1153133604665797,0.4687599742308102,0.4144334557649181,0.24015074135052394,0.2306160067119336,0.28500048737459416,0.2898623837549046,0.5176548869699236,0.3409033503600547,0.4152804636573393,0.0,0.5186931883955577,0.3726198859251735,0.6323933973324465,0.5231555322560713,0.22101671628011665,0.49095972009297917,0.5718628432703028,0.3669368337187269,0.836680825619835,0.9289824196029048,0.9101590566334181,0.7795593440740323,1.0171965830500476,0.7932167212975649,1.1371834979058573,0.9773451577437431,1.1729184116489701,1.03245451716651,0.9357362242286946,1.196846439652873,1.0555894715432874,1.0561005894278406,1.035036283001043,1.5290075620494985,1.288464708628295,1.6919884363964357,1.6835208976641933,1.49577707431434,1.7404249650916928,1.788746459611673,1.5192470248228034,1.730140464245503,1.6768618399264827,2.2819688888172127,1.952384350546664,2.0767010585260994,1.8108725863611266,1.9869514316373955,2.3844120801923854,1.9847446196318668,2.283373170729474,1.959496224272117,2.519147687552353,2.5652083511653174,2.469839266476786,2.3926740594106164,2.587643292293759,2.8459086476634106,2.5569035839282552,2.2410805053848595,2.693543362835605,2.76848543778404,2.8136697756506024,2.5011854511840053,2.9456509664833455,2.810958499513873,3.067889786465045,3.196406280452152,2.9277822367470456
5.051551787224573,4.616426204807853,4.228723789648209,3.50436403761349,3.3430123471727793,2.7573085387538487,2.6777597082223625,2.241015133947945,1.711836983005865,1.8858442596468858,1.791249521195807,1.7957352382513765,1.4606844423877465,1.4926616365456535,1.51943666823305,1.1482853557738082,0.8976889891522433,1.2118540404382916,0.8783211079153794,0.5757137151677618,0.6863397079190854,0.9309481851716477,0.8181099484851195,0.8160007000083258,0.32715397069781815,0.44172100947592696,0.6993301576169912,0.3672769385925143,0.4437955758701442,0.4006556111173616,0.0,0.18028919014407307,0.36308511035346314,0.4622952832489986,0.3597885109343597,0.10005319968326454,0.4237865126785447,0.37331317909114325,0.15687118820695645,0.5553837914227184,0.21078886091667393,0.31276855362203726,0.6945562974097967,0.34163284932503046,0.3370866149639866,0.5180062599129585,0.5844919782952793,0.45832609403174196,0.6116820113832855,1.0271491915351962,0.6988303692234918,0.9170819019719971,1.0522461590770344,0.8052311912660564,0.944175712700627,0.7063758156072986,0.5947951942008061,0.9994274403515551,0.6472801322606809,1.1739488225370298,1.087875963704331,0.7547127672413723,0.9212068535835307,1.3626638192047569,1.4021588024199918,1.4232392110494754,1.4667825890591946,1.428988012960593,1.2659395535790292,1.4503397544764223,1.6200812510823344,1.5852063153672216,1.3463815499436063,1.4438590753261753,1.615515628863248,1.6527315089576522,1.8065824693733408,1.7854217835116284,2.060203155072875,1.7651720806379725,1.7493881891036427,2.227457904353388,2.1622556052343764,2.016258448688811,2.158112875206749,2.2629933962799367,2.150181904022231,2.3724846833984703,2.4104873895428636,2.3144887465318664,2.4210961296668625,2.3700868825012,2.117865935507295,2.9120965392548417,2.401260562287179,2.5742400330432726,2.5862656094310825,2.732562766547625,2.8306328299241965,2.777437723865818
2.335012594867255,2.340191116235964,1.6891337454572213,2.180187747518451,1.6024045678092094,1.6707444490094723,1.6574408176606674,1.056207504777296,1.3884819153291517,1.7091699949831902,1.0379848197428814,1.3238849816316325,0.7973598550382768,0.9575149080829082,0.40582379949252534,0.7145439180571387,0.47068141847151956,0.1447635660534985,0.23764149129214118,0.3650831805187451,0.37740749362434123,0.18629622006003999,0.3522276335712604,0.44908348305310497,0.0,0.29185076719478076,0.2715013198463936,0.10758374959156036,0.43377677891149524,0.039004033847616526,0.16196638165108368,0.4604609875521053,0.23085796995823493,0.3880039411364713,0.5762736350090112,0.2886825495426386,0.6284794744513285,0.35905297357198585,0.6227383095742614,0.49555494001441325,0.4612859010531718,0.3597878014135283,0.7086463016443343,0.5292638442597415,0.40970432460926887,1.2470455743216071,0.6958715522383621,0.8921547589806416,0.7764365509485476,1.2893502353505948,1.2502331762848762,1.1371959003799113,1.0998020629180871,1.3573383538761465,1.2843672246056919,1.4023908151325042,1.4536939460332903,1.199670612402711,1.5950303849204754,1.5092783519558637,1.6473518679378198,1.5324693485985819,2.254430897298917,2.343902262927516,1.9827919739764859,2.090357399036458,1.709214551671348,2.7031389955908764,2.127877950377094,2.3572859776027304,2.6038300821830216,2.415733884141602,2.6095992427365644,2.6499562761437403,3.045864588368657,2.767482592690971,2.4033331072681996,2.512224636461875,2.7581958356522644,2.8945032294720985,2.9493489044689998,2.7385175669924777,3.017537216626616,2.8873641325414727,2.972116471692951,3.076536692485041,3.064952137181576,2.763104022996396,3.362043693069138,3.195941462640265,3.4219728084234387,3.3021965833945597,3.7461911531487235,3.355811124613618,3.3933194319760513,3.0773199910289595,3.1610807531660274,3.3027658681162197,3.8124648543708783,3.2554120483422455
2.734259845451618,2.387715052749229,2.5612688000157107,2.4503272208696103,1.9867265390673516,1.518622603752112,1.663436775903648,1.5054245401743085,1.2126776314953336,1.2362363776393845,1.2232847468806103,1.0024195867856012,1.4153830247990413,1.1740915392426388,0.6283532757704116,0.9416105870626019,0.5638147936071967,1.0845375480499317,0.3444948689202363,0.3381868985355272,0.0920702902025976,0.6208626602180338,0.34560832590142,0.38749341163523354,0.723389461851978,0.6519476667749426,0.5709304970415303,0.0,0.41118725532156297,0.3491451724571242,0.21827198633025802,0.4798747799037386,0.27878550540211755,0.2644004662541555,0.15548919287469865,0.6645315185358438,0.06466962854807434,0.3356224203716973,0.5642233785572284,0.9053093301538411,0.5774047960512902,0.6875186027080069,0.6130710626748641,0.7015118470597184,0.4175725141025186,0.4418145874970474,0.8002817816143128,0.7782309549999358,0.7175716171555475,1.2322295346897665,0.3792107791719541,1.2639123239672116,0.4147338197566999,1.0930501398451025,0.8482869154362156,0.8941682744423751,1.0871903581065059,1.0909700964302527,0.7901789422024024,1.220446576625676,1.2581267964964855,1.254850672940007,1.1637678795878106,1.1763768043385152,1.166389485372397,1.441384012136428,1.3419260638614379,1.211024558061757,1.6540609965023823,1.4014580664662049,1.7619460225650503,1.9640405835443566,2.0089463337364517,1.831093621249975,1.562786926250741,1.6331418076312811,1.6642379665880522,1.9329118286821068,2.053382593470939,2.2784704541427114,1.7757760200079975,1.952094022577393,2.390261258103589,2.221190922638975,2.626671923054211,2.076678687618424,2.4832668419600026,2.0538627067894986,2.628145095736482,2.307136859504002,2.49851372819095,2.557402390335337,2.6715309720047316,2.8974143393599583,2.450920739243138,3.1415997540169585,2.8583026016151045,2.421090482707374,3.01559259292911,2.724917469783154
2.402343799393563,1.7149542904886275,1.6608168403342667,1.5964411858016092,1.57325764367544,1.5906593700477814,1.4958538739354594,1.492744111301878,1.4320547288162118,1.054240911635894,0.8208623662143228,0.6633319972891147,0.9126954443118667,0.9200154475197184,0.5551310319285374,0.30501545734555613,0.7500626386560896,0.8636138185277318,0.29152658046280955,0.3503424837105378,0.0386744312876246,0.2802611245331228,0.37140388248573686,0.5127058409282128,0.5294059095292276,0.4102543351041277,0.13299785577889267,0.3230911946935997,0.21927588013167032,0.3676294384635259,0.10254335635532108,0.3914286127430735,0.5601909668348561,0.0,0.6707268212225497,0.4195173377450505,0.6791754808385253,0.3037518723119117,0.8238909600832294,0.6227223925836718,0.8490231581653305,0.5437809815035735,0.6085101677966556,0.6462138193115159,0.5989808599643922,0.7175924022164253,0.8061715289707028,0.6850525142591728,0.8604078445838628,0.7705727527138784,1.1042284180819237,0.9998047861108788,1.0207815203438866,1.1310685593965033,0.8909833982393156,1.393995221074098,1.195712655576063,1.2272477081628903,1.7220460753511482,1.522146145691785,1.5475990111936824,1.5238998279746774,1.802771142513862,1.5789111048143987,1.483441938985134,1.6527941835899895,2.007742861219427,2.2468312294717343,1.874238473505411,2.188635561208983,1.98915966614506,2.20424313297271,2.4621478578312015,2.522797088796569,2.111163613699919,2.4588029328347574,2.7297632379817145,2.188576049345894,2.5946781146757623,2.513922410105671,2.351149390735511,2.8148780593047746,2.748305305414295,2.800333359017362,2.969084641211868,2.905869172006266,3.042884099594378,2.9702334675166995,3.1493505090061014,3.2529062023905517,2.800629761021291,3.0889216312727683,3.268152694910846,3.045946020875242,2.9357724050582092,2.9533530311637506,3.0535058329242624,3.238471270355337,2.9719783221343796,2.8492192407503296
1.117912918090493,1.2327315082992953,0.618310742193815,1.038301345489275,1.1820150309497706,0.5976230396742537,0.8704652313790184,1.0223516999074356,0.6254342845833882,0.2739962977572823,0.8261533557127478,0.6713259986086371,0.26262113464597014,0.151096406069275,0.3295918864575871,0.32279193289624963,0.2761685157786715,0.051087980906681096,0.24489836921146413,0.14397772476775827,0.005492690815305679,0.28578838386444083,0.5462280629064473,0.08454092148894432,0.19247871962004837,0.1337274885703632,0.3294298741248891,0.1687365540705894,0.3495380678085187,0.3605093199205136,0.2838179047101246,0.0,0.3383869089015388,0.20019381261503,0.5976774502366311,0.6451554825751149,0.36183494267682725,0.7562868139691385,0.9814222986112124,0.42676753851778315,0.5117462256508922,0.5797783228931923,0.7776416110767013,0.6178327518982627,0.6251908740226373,0.785042370824792,0.8116145445190526,0.8116661395376212,0.7568695880595264,0.4371369403830734,0.5490589744423353,1.0640702998908989,1.0673586878156183,0.6879197682659886,1.1272067894867153,1.160567693485465,1.2933086169078933,1.1449177263831096,1.4086527595920888,1.2784153657260795,1.57041809959237,1.2442622176885312,1.0422736961639139,1.6599782153536378,2.0196027167544983,1.5753139449663927,1.7663350903502373,1.8734811403758567,1.723816116622693,1.727936564868001,1.7446387290685461,1.9733700904879399,1.8709112106357377,1.8730661890670852,1.992307125720325,1.7863497374511539,2.041909831738085,2.002029894989578,2.3998117763861107,2.5051803972566997,2.6189135873122815,2.659169256315179,2.209725020467456,1.9681648340357807,2.347808303687211,2.59894857916586,2.6085954564402787,2.514446251232423,2.6225994785122957,2.3690273852183825,2.8564748307083967,2.522817872245305,2.7222703481750035,2.7792472460245676,2.957816427660255,3.1903114678288063,2.7823141280681654,2.8688730865876195,2.6554044128538106,2.5449187659147334
3.8096800009028033,3.821142840087573,2.604969257533954,2.5700414509059986,2.427021509477674,2.352419443465987,2.078001425035527,1.6024496160161945,1.686238920638969,1.5703454401842762,1.485325647576289,1.3467520965048916,1.4587717747399047,1.3366779627784702,0.9913785572118279,1.022162637979859,0.8917781674432117,0.9614328885224488,0.8073338867781477,0.1445751907037991,0.6972709995062782,0.7418114490766055,0.7500625744638558,0.5557938830296028,0.46195986107651166,0.11485734522308455,0.18377649062711043,0.4183637109960596,0.08980520157171057,0.2180430839766565,0.0,0.17095453742699718,0.40524896932146426,0.271230659650044,0.30003995371441583,0.43898809885603995,0.30475632030866073,0.36591231089301957,0.4863330854087362,0.4415077757569872,0.4301118777940989,0.36794769543793926,0.32507063399709324,0.4252203233414864,0.20589630813843307,0.6797472374974802,0.7117658771818025,0.3203747061690283,0.27565322860811037,0.7387233961817206,0.3415796141180749,0.9262245609184134,0.44884370685734964,0.8395140556215814,0.632911666601359,0.937409375628496,0.9357226211990071,1.4798059312388165,1.0168057081625879,0.6012760509518635,1.2114138873637064,1.4615639822431366,1.3289751518029735,1.2386635391007932,1.2643826730200072,1.388620881260648,1.4826927615328955,1.6573437946769722,1.3899994339373265,1.6480503780790077,1.8971619979828986,1.8632634068821687,1.710493966010846,2.4779828001544004,1.9223865341273267,2.0091134289759562,1.8666753957649025,1.9252231916526075,1.825768667517698,2.279671155239198,1.9639199897663637,1.9899861646231294,2.033268708492482,1.938177224456176,2.272306480591766,2.4332998229114864,2.5599923654171235,2.7388610620424405,2.502467248975348,2.9251297530124756,2.74129877705896,2.646205342668255,2.785631767862201,2.643860513129516,2.2331375935679407,2.6158426367952092,2.8688039028073593,3.0387669590602346,2.9212591977859166,2.98880829623309
1.255337344080873,1.4717861869853213,1.1462999695758942,1.0450207490838288,1.079171448760082,0.817133594947677,0.9412003273952276,0.9064095602272033,1.0974577998208623,0.8578315988563432,0.6146085244962336,0.25739957988252016,0.7856013849159673,0.5983138518185438,0.4651445668992693,0.5250729205268936,0.18345347559799663,0.6297001785363108,0.5382949892780413,0.39421830007057856,0.24044847813115133,0.6097655627967509,0.5320987153973711,0.028131282571250082,0.5625286813915196,0.5510561614981846,0.0,0.5678643208635492,0.7893570858841485,0.9334927476013419,0.36559599574291113,0.4531117854009725,0.5399983596163143,0.3719173373924285,0.2907235340455383,0.8606178021067752,0.7564528083901738,0.8399163688371516,0.30019781346699226,0.7040396228232684,1.20111823179003,0.8515825684002927,0.9614334849004944,1.4783999430996086,1.0014241899412966,1.0815987819313388,1.189524232260199,1.0390778421084068,1.5334871636089265,1.1394096046999262,1.2665720292043083,1.4180083116174806,1.3841752041557172,1.6592292540916755,1.3263224863670828,1.4435542886122175,1.8870589607288242,1.5230431116334966,1.9599885510123212,1.8117981430161407,2.105618663086629,2.032505093521838,2.263155728754958,2.035290841718231,1.9903593890896012,1.993746392977016,2.2450679313445807,2.1981997838548732,2.04242234648045,2.3226725269140047,2.168962369500399,2.424288230884912,2.3841330835802044,2.518995718811489,2.754050709875246,2.738008890460309,2.361857980736758,2.5350076229589966,2.5778414495394593,3.046250492980022,2.8088114112701206,2.812221432021687,3.133546003519001,2.954205481301095,2.630704560178243,2.7482395964887427,3.0935338086863275,2.72319277647264,2.5790411382090426,3.080734293398077,3.1640190407526703,3.119471777827801,2.9837170000257345,3.171941605952963,3.086061735643799,3.113778607972705,3.2777334666357767,3.1158500492815193,3.266039592060949,2.9068867236749725
0.14247507282760774,0.0,20.35422310692328,18.37846458682637,17.509641107637055,17.13705287345561,16.487529685100093,16.3696840392435,15.728288248333977,15.50935880853766,15.706562294983566,15.096594603706043,14.835709872010884,15.053471752375398,15.06808369518597,14.597886277812272,14.89299875194401,14.316341523240004,14.257209136253339,13.782246177920303,14.603837373571261,13.765271429258316,13.984653918695185,14.137222689194978,13.707305132424816,14.098464063539083,13.837171836106036,13.83803703362471,13.84621713017639,13.82456956978696,13.43967327290218,13.729011334092505,13.383971863525403,13.852560489299027,13.532512765845796,13.673638466771736,13.24211582308082,13.776664685588345,13.74584496521594,13.271848504574463,13.764197156727047,13.322178016825578,13.46971031378913,13.614779323604942,13.704245501633864,13.325317199658622,13.47441087841049,14.015211012215584,13.190970376420392,13.644106945523191,13.977596934506385,13.552052081833585,13.997996328786275,14.184231573702524,14.249562002425723,14.178074950682504,13.72376535802327,14.305382396241827,13.964721745309475,14.091519672532472,14.02840256893799,14.402251876613194,14.347459614956087,14.366256420242296,14.303391882792889,14.475099455648811,14.371326809175367,14.66250498369927,14.722282633894292,14.700694986361007,14.96916158699563,14.962026231768938,14.566151273560338,14.761940025885622,14.979937066880057,15.075773417661516,15.427496816959357,15.156218295847204,14.905380583339209,15.663977216078413,15.120973031425835,15.355540976949591,15.22108220595346,15.659351996453623,15.226272014442909,15.09194753375556,15.259129709641659,15.831369733122635,15.596172212617105,15.708725969719895,15.637345502294652,15.811107637031073,15.596697755930258,15.661728069111001,15.955890298936671,15.620439794980536,15.956909128277895,16.31342355768292,16.280494864439646,16.10311325987793
1.671420334229099,1.5053834156394732,1.464458047190206,0.6157527587441933,0.6513624615574489,0.9476638715967312,0.9235956007799366,0.4396480225578756,0.49918130963049734,0.6197923711218802,0.6093957008985598,0.26787474401285927,0.7251563674523798,0.32372561883592255,0.5900447498836243,0.4650289858990426,0.45339866169834764,0.36822807331669516,0.49937811366641327,0.2999111247085864,0.5909015836785318,0.38070633575948065,0.34931017551987154,0.3639643180579295,0.4869919354679695,0.08654232575209342,0.19507979342171033,0.3478168550868741,0.2917976583988864,0.019531687030642786,0.516253845393793,0.6815912939590216,0.43255595724164486,0.5141861937306622,0.07029579741356784,0.6575876447869433,0.0,0.5398085386082503,0.7002950223693496,0.5411685478384367,0.439285779563118,0.6499220992192942,0.6896979967452914,0.7242572596096437,0.621082816723348,0.9083050131382162,0.8202059059290185,0.5441390789400913,1.3159532315608775,1.2780700516146553,0.8830648873374116,0.928610598929156,1.1310979783630302,1.0344230392606395,1.6007354143678967,1.129714918780559,1.2998145742015037,1.2172645293926916,1.4963357280154046,1.7901664957001078,1.6757800807683871,1.7652059425050624,1.8201171365373536,1.5780416373932926,1.7911081273904887,1.699605268146131,2.0977075811560226,2.165940320564717,2.0766060099649692,2.0016796716631635,2.120614267158821,1.8919947523949503,2.3711800541770955,2.134880305861831,2.326791632357107,2.2973165694104267,2.5645118435700454,2.7999511746780783,2.8426023824423012,2.3328083239484734,2.501808102486841,2.5373621093026415,2.9559632854501743,2.2613634805559677,2.6347691360808803,3.026223831906421,2.69875883831412,2.8767345743032102,2.71127944828611,3.1206310462320026,3.4048094795463477,3.0490380782956983,2.991165231683464,2.968026683660945,3.004282565646111,2.7674884410666643,2.826018675043141,2.6953464329178303,3.3191224020789605,2.9997446089756075
2.899466895080664,2.802228918109698,2.638608942791816,2.511527002348167,1.9537498444926023,1.7874636697831736,1.5561485408051396,1.737570193775305,1.5845265149455976,1.2451641934048894,1.0093069662025052,1.4107450584115693,0.6357486188606423,0.9257269133211707,1.2222145290106674,0.620510977510742,0.8931399932945787,0.7761935214887785,0.6338663278173389,0.7621100054209542,0.6944152791474991,0.17457849632824285,0.36979758721680867,0.4877125949461849,0.0,0.47587422562742354,0.8748757912379226,0.2852045429122594,0.23521841400679477,0.42854101139808165,0.5796196098135926,0.0022807707723337955,0.5044201576711043,0.36409329487853803,0.22945081829062985,0.2184835682930899,0.22498745266787878,0.3615698812407029,0.12317531191708042,0.28583952998458706,0.28934200107116936,0.4296584900788485,0.13948577375332682,0.5519280331958942,0.014864954322247215,0.6635834382010799,0.5463629177390867,0.44297297327036134,0.26590810512481156,0.510042140244499,0.5862642445286212,0.6060740469086028,0.6823472121091907,0.768114946387982,0.6369617384760176,0.43228295153701524,1.0649076411035203,0.6816582170993044,0.7571170810434502,0.7515814707919315,0.5126499943263401,1.0136093908509398,0.5255802626528769,1.2276682028093955,0.9755970297632359,1.2791855429251822,1.5052935804541043,0.9808481246213994,1.4701265389165528,1.3809822703351546,1.4174909265209106,1.6810668829131235,1.6459064167550146,1.3470521344426682,1.2911740744392777,1.4052658658056423,1.9792101904066115,1.6911628671365193,1.9908158923455144,1.6328106673600296,1.1991515465067089,1.7724884883267702,2.1860750291356172,2.030106500394144,2.0399167891022607,2.2080689187563856,2.196096500125778,2.0786268842176856,2.6706017865212264,2.116062748844964,2.3639611872255895,2.3419641396242348,2.2419166444528855,2.6891643669169163,2.492296994713051,2.2490940262990247,2.5466489244473287,2.7531957592155507,2.7913781597422336,2.93433583067009
4.152255908677937,3.951963051926061,3.5131387369215616,3.0385591887335757,2.8196707949670596,2.361127136240235,1.8749636038344413,2.589682943405027,1.4930421069809192,1.8465522613290517,1.708549893810554,1.7956042888874357,1.2234563038365565,1.2203523541144747,1.2875673180922877,0.9708737167280255,1.0227003632995046,0.44294643957797675,0.625497286068665,0.9123800391284664,0.5623195058714607,0.6302884711836896,0.34093718537347684,0.5349748057348975,0.373267838066468,0.3168406226973044,0.5119505371102218,0.44625727290873307,0.1591453450970075,0.36511753626985843,0.520958350173176,0.042540180938145156,0.16531075012806618,0.0,0.27342825355444766,0.43993349278878924,0.3092951106671826,0.6744903606031762,0.0876136497199056,0.18600493518442107,0.1348013073032277,0.3405330114737666,0.26618996640703685,0.1448739930855183,0.36809394019151576,0.5027703072887348,0.6574930787715942,0.22277076932216744,0.35031131654337244,0.6406826268698058,0.6986998497226136,0.870185824499007,0.2574286754898356,0.5222299283152463,0.9306444748509808,0.5543590296748793,0.7151320973060944,0.370866082543742,0.7284228193475855,0.5912639154662553,0.8765132062020271,0.7303455547670499,0.6974748569797189,1.1840177735302237,1.1519573742578686,0.9414435381018063,1.150828583553663,1.2278422408286271,1.1928445968392651,1.6465585653736703,0.48286961088365743,1.02103657284853,1.1663249196714904,1.3744877642074886,1.9078793283793338,1.4969844938065613,1.749056907762398,1.7102880781773493,1.7302420892036139,1.4660992999682776,1.6638252531509803,1.8274938009022303,2.274525893605425,1.7853158067881942,2.0531050196164813,2.1017225987071413,1.823508372318937,1.815011082358339,2.3063565447020835,2.067382850756424,2.20170841694949,2.042234167414483,2.2862332203764097,2.1091385877027697,2.2109352370644046,2.706451407662172,2.4410278723762,2.2495870474515485,2.4017218664952473,2.4654144105732065
1.2138843831269561,0.9317014327156912,0.7174494112088965,1.455493834778709,0.9864787183326058,0.7042686494255044,0.5839718394998332,0.5262466543913362,0.8491318389938911,0.536138818696795,0.4596428375483903,0.20797315463523525,0.26257712768237873,0.23836978483887705,0.3955231192949302,0.5463634029342135,0.2749728271100107,0.08214580539284455,0.4005429094324686,0.846300193224323,0.31260047711265493,0.0,0.19165830250042504,0.6244057527410689,0.16338612276864595,0.6665617423255394,0.2481541828445586,0.3228185868825584,0.3588290332054047,0.6255470713003408,0.5312934534481784,0.27160284413483105,0.552484462539347,0.17099358294153788,0.5283581535945583,0.21041538420745098,0.45251771444404376,0.43003724783526387,0.6695100186699836,0.5823225921259692,0.7447871199569356,0.5861048990913247,0.6731066929178642,0.2652290752084454,0.682692600783497,1.0828382157992564,1.050923221297202,0.9595203137638872,1.558974620526632,0.6033700408826981,1.1683669830497632,1.3689592649153202,1.3754234350018777,1.3122611738771042,1.201384935425006,1.281327881209652,1.098975696327928,2.027454959761915,1.2496811284233136,1.257103431248451,1.8252095202658598,1.4338037050312629,1.6241894846702358,2.144245465079882,1.9570638841137171,1.8473425216878798,1.9157586484626918,2.0542354335083104,1.9810173680582306,1.8429057741227588,2.2606087970046875,2.016142502229405,1.9720590828215112,2.089125681977807,2.2230655042697904,2.2907630864171082,2.5688238164317294,2.8265464407382375,2.438873327417026,2.7615336114088915,2.483721032221844,2.5848997793274755,2.356219061995585,2.673936243381979,2.926760988451793,2.788925578693151,2.922112193966715,2.5465936140406793,2.4354719378603917,2.876985917167282,2.998470560948853,2.8389153003397674,3.324579346001176,2.8818279963379148,3.3627414076053164,2.688948578495552,2.9406626765018125,3.2888607238029515,3.316138858776604,3.7164454871449166
1.5702273025621416,1.0513980566626007,1.294292106277334,1.1828564810177866,1.200238867315587,0.862755820253108,1.1847098413521753,1.0975816067064308,1.013343293497261,0.7167768884466685,0.598821281168501,0.6017049548461486,0.324839235353366,0.7082856684618957,0.8672972048330099,0.6020613208962509,0.405214361122221,0.02172097475496315,0.5428874171303004,0.44097226036570625,0.4237434150497563,0.4684398626121222,0.4267428555404926,0.4597469261995002,0.4055478520824174,0.0,0.4241287650285006,0.3087239869144245,0.22989620129122912,0.5977384679461544,0.7704409070419462,0.6172986985020383,0.9050830353795192,0.8463018261888173,0.623413303479678,0.5745748645162543,0.7622581712298686,0.8504696400330793,0.8392628431567957,0.8162096393468055,0.6482725575531454,0.8401428127635491,0.7353376598634522,0.8738748908760741,0.7760872116376252,1.0577383392615616,0.8438165771458053,1.4232341874770054,0.9399422656111369,1.0540357143963632,1.2139850762855495,1.5072423096318541,1.2026753195690087,1.2581357095629198,1.1727595672969855,1.2450523246659433,1.415420532019139,1.1257586298878053,1.4809695625408708,1.5061661987993542,1.3609108925173903,2.0162891520356077,1.8075702212865803,1.5466389062052386,1.6857676566217759,1.5985938466353709,1.7565494150130903,1.9881542649705164,2.0687053529596895,2.22751767014098,1.898562015311251,2.062772322942859,2.079516961712173,2.123935968607448,2.012582813739698,2.0317376644408647,2.465043604232589,2.203846077097092,2.4675089951596014,2.6994906000912877,2.4705305809058533,2.502909289587384,2.3592108872875244,2.3077526450621253,2.54637322349952,2.233268901053714,2.651716525282554,2.4337435133897305,3.126032145004075,2.816778769274542,2.885699889947343,2.748866240150491,2.8985023450389704,3.209311539446926,2.9235301142453807,2.814713033185825,2.9573560344438903,3.0804240601903174,3.279513097954002,3.088337738330271
1.4509907175527204,1.7207088989031316,1.5238572572962852,1.2595276037066956,1.0515059773002804,1.2774773664120183,1.1618693066904786,0.892511311714582,0.5129806563702992,0.5782443443677003,0.5763694573426701,0.8207448691810715,0.45940491154676977,0.1657176403360463,0.3201322427360189,0.7841074898977958,0.6603999369182585,0.35044432733857356,0.21537844004921247,0.09413215261672647,0.23939578253889415,0.41229336518742876,0.285966956638843,0.32085411561592103,0.45714456829270134,0.0,0.05295276526202386,0.31953645131650354,0.3102659649443549,0.3808405142212248,0.2594086094023016,0.34229938719938424,0.35576043868517715,0.3974776217222278,0.2510348361616419,0.4149748481265103,0.7145130500058201,0.6730685259998896,0.6808738793460716,0.6997787141984997,0.6781668816595285,0.2557438679607156,0.6602629577331758,0.18971413301048834,0.7104955576057836,0.6923847858808472,0.4055149926851822,0.7385240269826419,0.4746624717907917,0.8819858000735881,0.9244457624345284,0.9640071223846078,0.9318262567919948,0.9009993196065746,1.0865025361631329,0.9652577395370496,0.8701757691412606,0.9065448377265586,1.3228766743703968,1.600802273333283,1.3414423304249272,1.2568612921824993,1.2597505255778092,1.4771953600172445,1.4561914879299191,1.5995432518025137,1.9022298198577765,1.301649565432351,1.5556315196709054,2.0513060257664506,2.070230483971743,2.296226216376837,2.3013826641035884,2.041993899512514,2.015138279865395,1.8772054604272395,1.9173183492408796,2.2395335217436525,2.158389964011958,2.7457407231878914,2.325610001745975,2.4542156640959814,2.059368686619395,2.4634150386364926,2.7810316123521197,2.3128615693429015,2.730690648852553,2.3449739695977865,2.618574397431603,2.3863139808347054,2.9729466168714644,2.780262072342108,2.9563643846091097,2.6244089130966177,3.1308523799653862,2.551259448755479,2.7750554777180607,2.90842396978411,2.815099999451043,3.1256751336030995
5.2925240998752745,4.606755285786269,4.441586491418493,4.172686833982096,3.451758155535172,3.778707178675104,2.753588138695301,2.95607307077894,2.495636364595411,2.235308432642162,1.8359855984184428,1.9596508079979156,1.5564958629646668,1.4004589916559809,1.4437889828755672,1.4518262465169762,1.2950792985508617,1.0108044869574577,0.7521413505350978,1.1376661602553302,0.8215443593323286,0.2730019014776879,0.5279900592262639,0.28382559891990944,0.7418114027647817,0.3031961739655795,0.0033973385467085393,0.653459925163423,0.25845815189113,0.7798322885443802,0.3863295969565801,0.07705631150220249,0.048233473940646476,0.17834612809711814,0.6299991767952076,0.004169028079278547,0.49643663775417046,0.03964003801815963,0.4622943705309801,0.418880822678835,0.0,0.12631099990454153,0.1380488171418488,0.2583871561900537,0.2564430879086572,0.40642144473194897,0.2502730423876329,0.32489990829769333,0.4967862050077052,0.2114692305333854,0.503847919083606,0.4839957762741829,0.3168970992967104,0.49693486093658024,0.4393487225005579,0.4588553641246005,0.7715581983511619,1.0069061478680652,0.7548649979290509,0.823118972211919,0.792026980165895,0.6885448189533445,0.8060961327264611,0.7666442981003243,0.8680231219681875,1.2370419955831604,1.198539541764383,1.2173931926766404,1.160768444729019,1.5330563725862145,1.1962431541171679,1.174843686807927,1.2923693555711218,1.4320550707303976,1.7189945371706177,1.4476703926908776,1.5564851428856823,1.7998654062246793,1.8128349458335364,1.7033027910528276,1.847360339581389,1.8971099573230372,2.031691975434958,1.718646480871307,1.90887075811092,1.975578063646557,1.9989405914675853,2.2663184957298004,2.1921842357080106,2.266030856700814,2.2600812962222836,2.8742772528864737,2.032864990388619,2.6814746394702897,2.2189691618683103,2.5932862663037657,2.329972062225627,2.3874018586166397,2.6272101299082546,2.746582167495644
2.046674813076752,1.6023863328231513,1.9665368075388514,1.490742593463521,1.1580674494176204,1.4860228710017545,1.4434935428101348,1.0911694049402882,0.9201005988321267,1.0929418070067154,0.9161136114378312,0.8468511918305452,0.6468313689226708,0.781020474897888,0.6296601894106679,0.9719258572036029,0.04279485378141956,0.5870863857177415,0.45928605882790663,0.7869321807719558,0.5109791804018844,0.21302866113569685,0.7579761416022261,0.0,0.42276616282700274,0.38626375298992954,0.12102013680885015,0.6238469827742303,0.7758433562541036,0.1606435962363797,0.4433190638132736,0.144709034348665,0.1296850644249492,0.4110738120868209,0.6957140832967106,0.31539020987809785,0.23788264893933153,0.3208969437510216,0.754948804830299,0.5472829060062754,0.595203593168474,0.7499304433983909,0.7013873042039069,0.5529360371504186,0.5315463836058143,0.44122638677244375,0.9347669115061858,0.8706111583576455,0.3587905000178715,1.398887373075402,1.229997895037581,1.240513437879251,0.9060918391181989,1.500940559051056,1.1433392659492156,1.2027234227602541,1.5503820279096878,0.9058591096112281,0.677349871248067,1.504737024515867,1.2710785847544983,1.1361199647224005,1.557538229202466,1.5748147048906826,1.6756609436520105,1.6101973584472926,1.2431104808500582,1.7895534992886297,1.0677852500567244,1.1316031851490003,2.008589558634256,2.0929826087913135,1.946254235868988,1.9961627611724424,1.8327404727600864,2.022182717266027,1.8596638431124788,2.2215262084649865,2.258693328645524,2.369177572249594,2.4464206280319765,2.6976650848783095,2.3700166241975076,2.6186542078519217,2.050693845818124,2.691949745770902,2.7069431674682356,2.5325078454657906,2.9179157083670084,2.4517321795503513,3.05699999855765,2.576625382052274,2.8224912185524715,2.7130832177870836,3.09446459315933,3.0447188997976085,2.715273807326824,2.8750509760792937,3.021908053311538,2.9414685690747113
0.5500219703163336,0.0,0.2729080411740901,20.429706571159368,19.064562488393467,18.066198862547267,17.725209418923548,17.223895242821335,17.116471448048074,16.74995974448918,16.561466079660462,16.53851427486438,16.302996108748136,16.438288090487294,15.886291528085383,16.046987107913452,15.836779035619722,15.576491752893988,15.314426914220476,15.402739009078532,14.913224873114425,15.127147988540106,14.916992562092776,14.930028346398977,14.697321858359594,14.976285228608193,14.830617666302434,14.978317357990381,14.494066627908508,14.766082889730379,15.152347601603758,14.533869959602807,14.843217221227285,14.767786008337639,14.326644676484841,14.898901725677257,14.709676630986465,14.857497061181647,14.443686956136647,14.53324800785688,14.543524631094671,14.790975823804033,14.287298221756947,14.482956809901408,14.850653501512403,14.579939073829314,15.068927067033606,14.920062024916907,14.834509202923984,14.771957898017583,14.768521491413953,15.20936053494092,15.064303718961352,14.73962322618871,15.045361885914616,14.858392841287813,15.284690276891947,14.726797054529142,15.09119474889432,15.101844347876069,15.194241487456841,15.626137016125439,15.199114630016707,15.513926028645804,15.538243506594993,15.56165663809606,15.393808541269443,15.499340305086491,15.626929574697474,16.046739672637973,15.848515109874814,16.363728024171305,16.24475103645517,16.07390276159284,16.334758200746574,15.919479161217009,16.22826918765738,16.37793345008809,16.39828397750519,16.36508550145442,16.995057036233643,16.435845716204867,16.691245834054804,16.65241604208082,16.771402923090957,17.285049417977415,16.789692800784586,16.89702893508533,16.839100427285846,16.615895958599484,17.19547018966093,16.865704397237888,17.27134243520581,16.84321409393167,16.953981880120327,17.114562452399312,17.176309541174877,17.14290409854436,17.428826268381815,17.07812950293315
0.6872424432129112,0.7270416824251402,1.0041990261746356,0.8113037892623094,0.8256030986743266,0.7101233668496274,0.8251021792208899,0.5871967004735161,0.6275769789588761,0.4674975749703343,0.6884502113029534,0.4118644717881548,0.5527315703827007,0.0,0.24180824577289428,0.47628288632321514,0.48103199505080774,0.48187141157277047,0.636230269503244,0.46941411585745385,0.36235736481564906,0.5684288833933664,0.6483782582604167,0.5038128867885536,0.36144201637250717,0.5287335501148878,0.4378037306009457,0.5264085943383225,0.5814369482299746,0.6477343747473938,0.7557527731099647,0.32966260050012686,0.5621967053626609,0.6713259074353086,0.9633242023243902,0.5525874886694773,0.5659312689573888,0.8902405658371126,0.7913764635122877,0.7922251580054187,0.7218368033073617,0.8024294883696363,0.9911049866431387,1.0112524057905112,0.7108537580563095,0.8972415138883711,0.8155897662636011,1.0389005479495648,0.8314363747630686,0.7699405626594906,1.5652814769409051,0.875345071396378,1.4223909846845437,1.5900689946695792,1.3035185618343146,1.4127871022519454,1.678033402446598,1.3912396954272896,1.6981620755836495,1.7311177867935506,1.355866078572582,1.8501492052039037,1.5012007448933211,1.6578066219944603,1.7888193696932078,1.8194453614661867,2.226311906342236,2.084380560680218,2.0891411217850617,2.2044308690753525,1.7998437961310945,1.9293256791818134,2.178653703609095,2.5805497733947735,2.1251315320900197,2.4435366094693656,2.5300246346177655,2.702160640126401,2.582818189871242,2.2405749293456694,2.5702391181840163,2.34509040564145,2.7334261308256043,2.5681672064796395,2.7145254999803097,2.6877236098052713,2.544521825312298,2.6667503602035687,3.08722635751913,3.212283461052545,3.5365785183974783,3.3235969486480013,3.262571426753789,3.116655821522757,3.1357941762629746,2.899391546097311,3.2364370282566792,3.3601762828232733,3.0951796457258833,3.1517807182536277
3.9358591467405493,3.493387146465336,3.1059191568976434,2.505605990079763,2.3180833401126097,1.8888185981868446,1.8080553682750455,2.2783611727188386,1.731269166354851,1.7452263277292417,1.3823411966130763,1.5303783307922476,1.7638509748681077,1.0274661504843756,1.0739970263764107,1.0315798740928237,1.032845702951688,0.8514561919166272,0.8961326034165804,0.8827769116538153,0.292216169298511,0.9763198999337774,0.6463833428111503,0.3852077101105049,0.4969112127552062,0.2114185149253629,0.2588069713980854,0.2845943982050265,0.4825410917158379,0.4897202567752057,0.5351231532056886,0.705506066903828,0.437542027477102,0.0,0.13929910748005092,0.825513073537298,0.27953758907738546,0.7447371724699909,0.2951566330624704,0.5744921877295663,0.7996418667985576,0.6469135878841659,0.09817676132427344,0.3993369468792949,0.39255477079516865,0.6556602039231727,0.5725101331033731,0.5845206404763736,0.4933085088065656,0.6324782945855301,0.3449843015917988,0.6308513924386858,0.4194628533095841,0.8102774515775533,0.5182206935162714,0.4279025082863388,0.7728898670492121,1.0080789921717592,0.7563356484716195,1.0537598624647675,1.1332975438239643,0.931498425432828,0.7360531440042806,1.3974974808704346,1.1107568535531982,1.0355464088981154,1.4538936610810556,1.3485670363637023,1.355131659304588,1.5493418534964576,1.6174796898446981,1.0269933817462729,1.4471786539488658,1.9362767913215553,1.7137317375413623,1.887537868203374,1.6094785066021444,1.9764333200405098,1.8919563829833645,1.9974303223890395,1.960302430172698,2.1578780330861296,2.366617560239547,2.4652611815240455,1.809010936998492,2.447257768053401,2.4798927060228966,2.6598895561100484,2.2158659164237253,2.393141786325362,2.481817019642884,2.4618736544383104,2.6139768089383395,2.8520222379742126,2.5411963800216864,2.5315175693406022,2.5844919124997308,2.4356593449247637,2.2480362052163265,2.760390305360536
3.0788719365775084,2.8570846870253863,2.6424362527241936,2.0863192387922673,2.087593131451179,2.287122342475863,1.524566066720526,1.2042495729015332,1.3863023040170326,1.2615424525723853,1.0904622931975751,0.6606205573739832,1.0466706294821506,0.725397858564591,1.0529813269688297,0.6031257357408997,0.5285065596532341,0.737195474017291,0.6724669139130413,0.10078167595260012,0.34334995916150923,0.33045628527332305,0.5390294190833345,0.29170114525489055,0.5427162298804085,0.2453751879074222,0.4093585635287589,0.40318294730757565,0.20339282608231635,0.5679463282465669,0.0,0.12122016950940484,0.024916629516845035,0.1510419492906916,0.29458705845902067,0.32612138179973194,0.1010743766268547,0.35487528561077397,0.19944421685115366,0.383781493872668,0.22650571604664727,0.20418630344855693,0.44108796712117737,0.9167497761792518,0.34116219295889927,0.7440194518400816,0.5802114605271225,0.3142933809734423,0.8550075940184101,0.39833172559446695,0.2888805171925384,0.7115634959665389,0.6969056397415407,0.8354745590175394,0.3599992473036213,0.9531069576615394,0.8876837711424397,0.7535229260786505,1.0393862587039404,0.7876141244988091,1.046441474770802,0.767782446888539,1.2400619885095132,1.0472372713787568,1.4549608539293217,0.8563123541933866,1.4675128878166444,1.1043283047259393,0.9720104266417717,1.7564241953119062,1.8396411501070986,1.5595084344022805,1.557546042656341,1.8515650502482064,1.5745995720096921,2.1233485439245907,1.5790009883156912,1.715571513009838,1.8089081457725715,2.250122278487124,1.7915233461826183,2.0810335993118425,1.9545439742521165,2.3682964248401905,1.7492459047941793,2.2442720654690937,2.4892311191239127,2.24681553716929,2.420623431763394,2.644747569654305,2.4644904275435895,2.9329337519230823,2.4109747241719734,2.6028814329855994,2.7263432024876355,2.6864002974905024,2.5679692912947267,2.8116129534230634,2.714560835896158,2.8953879792824164
4.529829048200014,4.239759780088431,3.6674428699520902,3.1908899403040927,3.348551365972167,2.707598998739847,2.514671662799948,2.342129458211332,2.4528340444543026,1.9545930589239369,2.228246687882633,1.6266661967315947,1.9157856061112248,1.8089159640611854,1.2242954790372398,1.1638770034219839,1.6010014458866557,1.1906042415744764,1.0683819876525131,0.9381071870430624,1.0938386335646015,0.7660182516877612,0.6188620561178624,1.0347324242624598,1.1078038573008335,0.36671588719976533,0.7380544408440972,0.7066360370810454,0.6645802511920511,0.550310691483217,0.9197018386488445,0.8804682678614402,0.49938246025401334,0.4543907114588315,0.19284208517919943,0.7610665791396976,0.38971350748318834,0.8540119826786867,0.6874814385824628,0.6013153388597487,0.3861490715711362,0.6150682930332856,1.0028269446397733,0.0,0.8631356999388924,0.7341819545826755,0.7611133662051017,0.5748731232457125,0.783878863294083,0.8201464020588514,0.7397795513543226,0.6804149166361917,0.5766959929641509,0.9869610256155905,1.245268394450516,0.7780798384919887,1.2463306688901081,0.6164144769293571,0.7780653739673973,0.9693319732682575,1.1141857889018603,1.3444156386776882,1.4549031016393847,1.034206648909656,1.3174372204998281,1.3360945380912561,1.2724174248254982,1.6623686387588474,1.4158098376914854,1.5123755185591001,1.5996495614260038,1.180029584392356,1.6290823095800278,1.7062332557446105,1.6726759098196737,1.9323552719794979,1.682146124327172,1.9727243580561318,2.034937644471407,2.103476883700271,1.6067643025707632,2.1474039201433754,1.8869310472338157,1.8888543951634098,2.279522354681106,2.3810790518825016,2.3505700331104613,2.1697171928858303,2.563103296506867,2.709117950325112,2.5918680366986564,2.3641390066288217,2.308607479399324,2.703713900701345,2.789190208796132,2.582643236286014,3.071608714307583,2.8465931868848564,2.641621991942035,2.6796402973112343
0.773218525526806,0.9988249497046269,1.0900423078181163,0.8236591231917494,0.8145080920485395,0.637817592699438,0.2776520983184412,0.6207486548205754,0.5185701604672879,0.601537086230552,0.47720881463206055,0.3734190005878322,0.4849769887284996,0.5138566221323977,0.17399122800714117,0.13404802877886013,0.47872210105505,0.34010543145137895,0.30389636548842525,0.29871108806075064,0.0,0.4930800290888726,0.04713877894181273,0.5269101972090979,0.5467871465986871,0.4161168155148456,0.4486835863623426,0.6218054118785385,0.369512184963547,0.7516906888500507,0.5151563631503961,0.410725032567834,0.4722457128527733,0.40379940840886874,0.10737581973058674,0.6008860365618389,0.8191583473334845,0.8337872685029684,0.6674459422666352,0.7045542529977844,1.171912656090523,1.0444482143901865,0.9101641705949888,0.7533783933957388,0.8070458252791308,0.9968837144476286,0.9046526211766963,0.7188410624201236,1.0762135563473016,1.222411848442647,1.5606341019080805,0.9158041496455098,1.1484348463058858,1.5364614635689815,1.228811445688713,1.341776951345766,1.436651986871425,1.51101403131692,1.445165786446033,1.7153787918181393,1.7154587003854704,1.6383432858553917,1.8429023884324458,2.0672473123782193,2.051172342017642,2.253557616273504,1.8464107546117265,1.5651273487134887,2.3685546460299296,2.343488297001846,2.0548867188334903,2.2091264571459437,2.337586968397348,2.245601215096256,2.149840331917451,2.0860105734728407,2.8346917166232526,2.319311237358905,2.548569711733558,2.396149309047562,2.6820675694121423,2.2109454975750307,2.2034528710564203,2.409742749194768,3.0516923977283685,2.748271192369584,2.9737076823486834,3.1535048486896624,3.0910667370409843,3.028590195947432,3.202190751451708,2.924435065358656,2.8976087242912083,3.263964248901063,2.7392160079250107,2.9515791506539184,3.4014700657953707,3.419304684174433,3.257173306573778,3.311768842920676
1.2612271069760457,2.0679569631728167,1.322276262345321,1.2858537597101272,1.2377709798609136,0.9442950278945759,1.0021865992067323,0.8506084216685501,0.9772527597022691,1.1856801233009122,0.8100874745013353,0.6514625741675797,0.4442319852496919,0.7762532752659705,0.4290422398488083,0.3817773829998714,0.6024801137851412,0.6385042171527662,0.8039597151178146,0.4735735479073515,0.02571546556046833,0.46837852834285876,0.6450146926545024,0.4649418777806904,1.0053381902813534,0.6952919462614773,0.6150013080727899,0.5105189067904785,0.47541455698271307,0.6255601707029594,0.16070204019875334,0.6810839788027288,0.0,0.3294254669057306,0.49151148355668184,0.7500256987580372,0.02404400148396313,0.5878414009590909,0.549482828857748,0.8947403233918028,0.9048406699908771,1.0294606321362831,0.512465814238535,0.8914018295412465,0.9162561949983132,1.2142540131890698,0.9829351937632804,0.7674730738824458,1.3599895627461773,1.1131086803123935,1.2214010354818932,1.1283489752821207,1.4899648702698496,1.2327500347060472,1.410598038699371,1.5476637252966068,1.786626473998309,1.384515755706616,1.5763226286677128,1.7918804412061125,1.7714600319053364,1.904412524255667,2.0663431441424525,1.5911359514251355,2.2000549628845274,1.9986351759725824,2.433030899789296,2.089098290301264,2.226869323051618,1.8909322934824164,2.3696649850147384,2.1028964902210223,2.3167650682553873,2.353813976387338,2.6158082922671273,2.5332744631603905,2.4587323023714927,2.7876697109981965,2.806751603997016,2.8554630614399397,2.6267008531121494,2.401506836810684,2.687022015421663,2.5521219939640805,2.6112845168242043,3.0686309062488757,2.7765081318623626,2.840271684310606,3.005813324535035,2.6923509777429278,2.7374606854081396,3.3464057563633443,3.1468167427432707,3.3948400788594437,3.3233181336562527,3.227965980825461,2.951560424821837,3.478516687468483,3.3665713392626007,3.531085864612061
1.2860732367641106,1.3676078159882348,1.2222288286675322,1.0951992851842753,0.996161231636119,0.729875426310759,0.8932343657499846,0.3960265004189001,0.8289621088844417,0.7569266316399847,0.6498827584911471,0.6065312561140885,0.3420931664146867,0.40777858798841393,0.3909166315180048,0.16517685803098736,0.18636553955941437,0.33876913019470045,0.4858688873377428,0.0,0.08860927521029183,0.046522311975762065,0.6005781389921836,0.020558952655129303,0.5885511921421145,0.42580810844525274,0.4291974245342729,0.12343473259088533,0.37558789216943467,0.43375694705200196,0.6982866069133618,0.223139734311129,0.6127445519025922,0.7557392554836682,0.7718846718009473,0.9328185699082301,0.8505286331978859,0.8348347712138597,0.6484210755339923,0.8494037287736997,0.5824528702878098,0.6452962970248795,0.9523326314815606,0.7841712880618967,1.0012050742147416,1.1389455507122008,0.9323346039112899,1.1692969499422876,1.0620811436684594,1.45252813498246,1.5904939283911634,1.3615410032939916,1.5979137619428183,1.1898677049833157,1.426657088705534,1.4199491622349232,1.697754150370569,2.0795088778164423,1.9001954897821935,1.7649999887629324,1.8450603098425216,1.844400260880727,1.9074592378495243,2.211388528618416,2.058083542106038,2.3197713819731565,2.3812408199036224,2.2947787582136794,2.422924658865531,2.4672836290138367,2.5467340855698826,2.419117095537578,2.8976318221798163,2.6906341076096876,2.4967224696302797,2.4653239698111395,3.0602459608572143,2.949641343820252,2.8657840679018864,2.797505493710611,3.1790142486141537,2.9680257710372207,2.6994402466444694,2.9257311038374016,2.6677730541655666,2.2544891149232154,2.83970104578893,3.106143131149901,3.0567728116219133,3.1572845918328785,3.452273746579925,3.1270107200010226,3.143094033802468,3.6742387310942153,3.106962430591471,3.2978076302767736,3.3719182181902436,3.219279256245107,3.398230293588364,3.549750128424199
1.8816085324474887,1.5659744082937408,1.510257245975712,1.4246160489581765,1.2054598586345264,1.336171093267854,1.0792979584390974,1.046648382453979,0.8938055064191968,0.7831953495863093,1.091193839469998,0.7508739232427608,0.40872821023398664,0.5448751853734741,0.39834684060105907,0.73862686632771,0.1329698544068183,0.2793511774030293,0.406466995405772,0.24911921755387745,0.5596870623731949,0.0,0.7571806930811142,0.35492563432542923,0.014408186794685918,0.22457352430017963,0.5519646983852002,0.7586189143308744,0.25933760942452366,0.3168028068587976,0.3544692425124669,0.647623012252879,0.6199256823209005,0.6624677405830433,0.9963057714500057,0.8213065803349977,0.5400662851861817,0.8405498799631008,0.9785144008681357,1.1259044923271215,0.803170705876326,1.3789613906020843,1.1935073315945264,1.0928876000544,1.2466447353046863,0.8765745085755263,1.5127429218172157,1.5154265815531165,1.5308774227695476,1.6254561522331716,1.8304891855597525,1.433952523012442,1.8315245950208219,1.60191152134845,1.7193115629026305,1.6118990657210155,2.04704088921803,2.025350915690499,1.779514037893719,2.2880880671375543,2.189674878702471,2.277231923609813,2.772766540453258,2.5445377578542896,2.7079293093633723,2.499690503964203,2.5257125885511975,3.0930124736237588,2.812375327815868,2.984545539475615,2.6185783213101743,2.8123368065073038,2.761693230104324,2.588932109955106,2.631956135120408,3.6639907065207282,3.2573002074165736,3.2327073546062444,3.21750755873655,2.9270979078858126,3.398276520530736,3.341060714788295,3.578721141346392,3.516858174586563,3.2417010148368526,3.267979962569907,3.5453066604174808,3.411426801725078,3.628480222182997,3.2683288487916116,3.6394135690040734,3.3464496289117065,3.3966044435849483,3.514468332404718,3.9579312490678618,3.5698728043149686,3.615393246062059,3.6732038486458087,3.7580195309385616,3.576032644943769
1.6854518803882232,2.263577274594164,1.6413690536071073,1.8101855471944575,1.6572641226324123,1.1911726775689004,1.075755024300733,0.940378831887374,1.2000259116241363,1.1318484030250655,0.6308457457463508,1.2684455079922472,0.9204850521625065,0.34168955345726104,0.2359241315204006,0.5435611893172645,0.13450808807903059,0.5575846964545477,0.731286575571362,0.18695182192915638,0.4912167726211578,0.17592860164970503,0.4235811249502408,0.35208576887293574,0.15827541020757785,0.20867484977568118,0.3784729837269829,0.09018466875511422,0.0,0.32856927651351775,0.4128924162764882,0.27613470438693355,0.4052201648065079,0.5474510000858377,0.2952925418096406,0.004590067417810317,0.5128707626857612,0.4756934739891481,0.24884846382006032,0.3219264809115696,0.5185490467380891,0.45017420007463294,0.6232877870883407,0.1479938383498105,0.656627687082656,0.6015799610512094,0.6351649324434536,0.39913026059327095,0.680019700697926,0.42821543259738704,0.5182886683908077,0.8488310957000031,1.0140458695087826,0.9031418854876652,1.0994739576745474,0.4580821739979388,0.8738056448486891,0.7095102147348946,0.8339647512122106,0.8567984687372991,1.1380585988573912,1.2206894316931134,1.3910307137137234,1.8173524003398267,1.5870754885360014,1.734802248050805,1.2861595956990115,1.3217132844185056,1.1757522725025584,1.1061559312567422,2.0414375602613166,1.6346065575868973,1.7537437034032148,1.9102900808086094,1.5603894593990901,1.9408108781292004,1.830841141571069,1.957344831137645,1.6777178174185234,2.231341013331546,2.20725589156204,2.073307741083143,2.320458099741087,2.190612326554694,2.5208887473639674,2.356530130123824,2.3699276157192433,2.173016864037459,2.2602860733140613,2.071099806714246,2.060647926058161,2.83313676578007,2.572047054318011,2.819496329730379,2.5047120391687603,2.557887876152309,2.505774119924565,2.461777723075949,2.3956023963890143,2.491856386981558
2.0869957602508062,1.8192442380425344,1.630772412015995,1.721385799073408,1.6743769365255918,1.3167460968690303,1.0022314976472604,1.1612196791527598,0.953262950451407,0.8681638438246075,1.2287541982619974,0.6693369087690488,0.7467348924495223,0.3864625083615234,0.46419502362389586,0.2510462732830696,0.6093771392354626,0.6640183076613013,0.5688085491371737,0.0,0.42074787034547434,0.40426615715509584,0.03226446840464803,0.2281998584998295,0.6116222665693982,0.22949518344765174,0.0293400537308095,0.255132938427689,0.07773351912750393,0.008954224997451021,0.3700607511215477,0.3624755682185139,0.282137404860471,0.21466746175833862,0.28039995762250136,0.3230799574915242,0.6476209210395876,0.4823863689406327,0.60442394276415,0.6119575516328961,0.46232446442915,0.2994779106380534,0.4597740695360546,0.5964347644994277,0.7114946483204445,0.7391502871859998,0.6127105019569701,0.9768472105451789,1.1441435739457848,0.9106226393293451,0.7658374911344374,0.690268083520726,1.2430232985144496,1.2984363253918882,1.5609995785310478,0.7573567782211832,1.361505884850244,1.4655774462757183,1.369354109612205,1.2584081019076887,1.3811888497755138,1.3070360874948381,1.4841652807104193,1.7129171068197824,1.6993716355088804,1.5368662616671802,1.6092885586351127,2.1434276940963475,1.8160166112440361,1.9445842001551537,1.6851793870464338,2.071173520688875,2.3692944825187983,2.1446053105011575,2.5053817789086086,2.2203158522934583,2.26817327721829,2.442641852089304,2.490537003400016,2.659541614150948,2.238625625524344,2.7320976984579293,2.4823984513891784,2.756992246895722,2.7860521439536914,3.0074271880602605,2.7646223904479488,2.8188391946794393,3.2160834752574754,2.9673181265549946,2.8932338226738015,3.280820571846819,2.7148021747160076,2.709662986566224,2.9307089870167307,2.6805396790441502,2.937414984113266,3.205459472693212,2.7447838228742096,3.0029413846998114
2.8376242213205956,2.2146858981615907,2.3702793802021276,1.9382502222524387,2.1103996830357357,1.6842978366467491,1.433156746938831,1.5162722860848223,1.3613613342966637,1.4757244006632462,1.048367889345874,1.401911306856336,1.0552928560383439,0.9967530958158495,0.6643353991852905,0.3198866405096279,1.1915203033598551,0.41535410727394506,0.6598397711905637,0.46337920232594243,0.36985016160523543,0.3362835438684151,0.33345579734907815,0.054283761461388025,0.3974459299920152,0.11675659839930397,0.424611360338794,0.16425005675266569,0.8861535341572999,0.80149927963744,0.3334476250178593,0.4525568439032046,0.05953797349905088,0.1335312343723576,0.19581596606062313,0.18944541780895463,0.15211809180981817,0.6478796439285013,0.1862177287649356,0.7583900691529788,0.0,0.5116553973631621,0.45076368766947716,0.054417987330580786,0.5898220874789892,0.5696295492067911,0.607098264594196,0.7200549528769411,0.398968544010712,0.4842092910080513,0.38733161678361583,0.6571545404072356,0.6681394170263779,1.023436437582724,0.9309149120166982,0.8984470346521078,0.9199089037318746,1.2770667153155415,1.2278671345760124,1.0221793657344733,1.090684967930633,0.8941628008132696,1.0633556651285243,1.0173670046042531,1.2833992193012307,1.2297823837577955,1.4078846789978243,1.2840119610203384,1.4198690178709636,1.4548823600382264,2.014202618842571,1.6932545224628655,1.5400115487873407,1.369927188752989,1.945498172201967,2.0444815283389453,1.8301235208785016,1.8341211417465075,1.779899927328593,1.9418564723671299,2.0321338251000842,2.0374418700873296,1.77218619048816,2.1703672566677596,2.5974857860092726,2.243134095575659,2.140212952897162,2.1025319495325654,2.4433851375652402,2.0531689739212666,2.5626226572813593,2.602653533398545,2.5422945888579314,2.70733434746278,2.363157778369928,2.554692514783671,2.5599729536180504,2.7329649411751475,2.364864759784826,2.8807942769571007
2.112852352014789,1.6126201046498405,1.2677412807250956,1.2440099283613097,1.2099749234317194,1.3853371994900403,1.055100522017863,1.052797743445458,0.6220776765926335,0.7100507641716156,0.7006997221190474,0.6959513705042752,0.47880978460271173,0.44741529689808246,0.4376267848957891,0.667192852313093,0.03684178793291615,0.03279424923284857,0.11542654034882815,0.26091050474856914,0.08779458778358595,0.6498550028083852,0.3366417900413765,0.44276213337051296,0.0,0.1851207563758681,0.15232779597738855,0.3514859061008444,0.4559990405140901,0.03862341116862744,0.2868880916710008,0.2455565615913553,0.07466515265758211,0.2867445367270456,0.5666147496063392,0.6323692770731988,0.5572981937354822,0.3799559082026942,0.2438256655236799,0.4213393724403449,0.42491702085087546,0.40399473086356785,0.420256250752729,0.36968325915679756,0.7519853216106771,0.4893100761903977,0.7161326243681767,0.6131331404064557,0.5684339802160618,0.618741056745959,0.784523495770955,0.8536550588888421,0.6354360947144784,1.0669905813751264,1.0133364620262206,1.0814723227529637,0.6020699081660954,1.0265776338303052,0.9416542631215954,1.3158852787901338,0.9950480933524837,1.2991862303273667,1.1657972989391077,1.2938294140068312,1.4678935404173732,1.6943440534916068,1.5614444003255823,1.5097279710968525,2.027657323807391,1.709897633311071,2.090118705382398,1.8615088070815116,1.9211300801818574,1.7936626774737512,1.876707373318851,2.2535213178903994,2.3888007670834863,2.2274612430813985,1.9001134324204312,2.082049545116991,2.3482104864110074,2.2929273845446048,2.3288252610257576,1.879383326609446,2.2737193914847484,2.504100390912912,2.8390297080316156,2.7430476876779277,2.3905645858762927,2.4572917000416705,2.804957946422194,2.7129124896777324,2.6831900946106995,2.8317323296724997,2.32473497794396,2.9487026936176246,2.354291063449807,2.6707576791841117,2.996938248642854,2.559398590891922
1.6536552606084935,1.22691545016602,1.2566279706798937,1.1360648853472561,0.9193755624302273,0.7359429947428264,0.6433138875014386,0.8509550199583416,0.668292407931828,0.8300868056889108,0.7495357210684706,0.6541951998795614,0.6096162555333287,0.20624028431779529,0.13603850636318882,0.2154169949897362,0.4761045086380751,0.30945351039074787,0.25873867726635247,0.12687738503453794,0.388835395577674,0.43943592951939614,0.0611773480807738,0.10146081458631784,0.320745999632452,0.09329522029509008,0.3158893387350119,0.0,0.19537946479460722,0.2763805864511024,0.634143418630627,0.05141829362557182,0.1819702736739064,0.4263945246301777,0.22681536129479696,0.511081006862339,0.5400397804377981,0.5213913956458054,0.10907842782563648,0.7194590275433868,0.9402657802332257,0.6617097433836836,0.641934513558402,0.6452240403385847,0.5438696165100314,0.7334718537972513,0.3916228621067699,0.632315304683976,0.5638722026189189,0.6806615267684322,0.7758515217809983,0.7551888103834816,0.8457501008358896,1.088743503505805,1.1986684536344985,1.1670284578723642,1.084987217482599,1.364412854149096,1.2604635355034794,1.4135214625367016,1.4170345143513323,1.285540225708809,1.3718990385989773,1.9061993498090732,1.593220263735203,1.730787397515206,1.8676530829411337,1.891442610113879,1.5258814511156498,1.8437393180751993,2.274128639671579,1.8195812516210648,2.0166915918964445,2.376384935524472,2.0821507357110587,2.3709440266735218,2.1257336537195943,2.176172585941975,2.238852766904534,2.0925031198537614,2.055041994476783,2.487935464705261,2.1145214757986945,2.2792819864853637,2.605868562251141,2.5827823340485896,2.775787694337515,2.839269060876214,2.5463204930562764,2.819715442381886,2.8284724564563835,2.6735678408661716,2.9096680221445848,2.9892226623593583,2.8650693446459545,3.039489715502283,2.825197451044966,2.962262273543862,2.916669961676922,2.9567073691144383
3.123173106383753,2.9206663144662564,2.7103001877664035,2.4976543422136643,2.271838361258265,1.9859651462564862,2.096888605924418,1.727752059660686,1.6345490844696062,1.3217726943058015,0.9276866023238064,1.3755943398833779,1.117598314063791,1.322987059939928,1.207932718551218,0.7936349720555018,0.5320267170172777,1.076058837015072,0.3685269746261426,0.7996966167125237,1.1199215039152222,0.4883086547873532,0.8789116538168482,0.34900222700174055,0.14880093006765094,0.5630504543714547,0.5864344146564591,0.4184305411033531,0.7009563624203281,0.5099155928628996,0.20269960908845697,0.41648100527234,0.2734160156016241,0.5250059525871968,0.32393356783575555,0.09578269970694109,0.5288551828010295,0.0,0.45566453618924996,0.551968219276846,0.2775077006441933,0.45647163806114044,0.5568269096924734,0.5196030915097047,0.6621046201598304,0.658715838427133,0.6617526091491381,0.39818328825508154,0.22879963697173977,0.6748341909705182,0.49783911220065846,1.0876594220371238,0.7777207464011973,0.9111451475204273,0.6999803892106033,0.9539713645397434,0.871078755526586,0.6077525631128768,0.9179987684691042,0.7528606910464006,0.759523976607591,0.9325237611777322,1.0031288748240819,1.2442336105566074,1.1623735457540807,1.7215561338416059,1.4455960246294932,1.1491800695677732,1.2054047133686208,1.260434053179413,1.26330134791435,1.452710201244484,1.725763621253666,1.4696318481183699,1.4409501362558395,1.5963008661573426,1.8685534663911092,1.8751218135550705,1.9553808541173314,1.7463090756846587,1.7761302468910003,1.8693214432872693,2.13196919154095,1.913820099460244,2.4439704935683118,2.0690526028760097,1.9770077929729144,2.195609147538633,2.148578411144271,2.6342873658455552,2.1207676780435243,1.9771705060058675,2.157196576499908,2.499825759973696,2.347054005057382,2.645906069824324,2.2867265849385063,2.7467584579968793,2.6989729811647294,2.8778362797203734
0.0,0.1145767453934998,0.14868683756475576,0.32581783443533513,20.891198663356583,19.2249203834319,18.291887024958694,17.700262545517507,17.487100671196533,17.42744252963638,16.980982302927764,16.801696468099983,16.78936311192131,16.11162728824104,16.194826008628855,15.856067714952106,15.93534347274165,15.930399137043926,16.152852641234087,15.817501585775908,15.537889316812898,15.030471898335351,15.398319325300216,15.249396381506688,15.305835237828143,15.175096645023729,15.180276053489496,15.267294276805742,14.96442017982973,14.804864933729878,14.85776770453138,15.357722998971294,15.011284916293073,14.632601667064632,14.56923919156785,14.721439994310591,14.75248432333674,14.906816953627184,14.794290408453802,14.663023916606962,14.828368042770224,14.64110071752026,14.650037932714106,14.63494844883727,14.715102962419827,14.862178614539268,14.717023756754466,14.724437513087665,14.72129371920688,14.855585081607092,14.814681171838345,14.772805931146717,14.862551227749044,15.226574070278197,15.294572231763512,15.42037012691338,14.715029157793701,15.139624653858917,15.070770883184228,15.421359831900606,15.266548932755187,15.626215433290588,15.729133425500299,15.398455275609047,15.880815032097624,15.525013534978447,15.900258169319171,15.924159250093203,15.696221299672748,15.690165665273724,15.791518391518936,15.670908598027205,15.842817916156747,16.37809590104027,16.44009150515609,16.211080823095585,16.078248095541927,16.331529040746933,16.182652497819088,16.435963299006684,16.556145760585856,16.319441041380294,16.431102886900764,16.784763110565585,16.515189552786033,16.709463433561684,16.729863783482166,17.132599154599408,17.24748221313018,17.06321781446279,17.0252340593676,17.194873160644846,17.161665240134607,17.00643574072255,17.178344875903633,17.171909417946303,17.153955854130157,17.429078586085414,17.467992485205787,17.472295978620565
4.053175913671172,3.1979327032426568,2.842520204673672,2.4970899647194464,2.7401732847225304,2.136316877344747,1.9875663170272304,1.7972468165706665,1.7409025705356598,1.6026943139108916,1.1092459407825395,1.192111764018854,0.9703459822784346,1.2030958090674169,1.1695332195763406,0.8424291505469235,0.5248567013723537,0.5560101840318836,0.8982700041453242,0.3902480866396445,0.780709106954216,0.38271511523084456,0.1478635067211016,0.7005820044638469,0.16613385119995883,0.3234951281182248,0.16523847868860386,0.49041646904791847,0.1619911934021303,0.24849331632682592,0.3100279138323856,0.3828204607454424,0.3450475160339863,0.6049538918979813,0.014488201054991379,0.1575365611405246,0.46248389148369284,0.30952229503093776,0.0,0.34810717120833345,0.5047237357028962,0.01478216083227224,0.11368599635524745,0.4053620735797736,0.3813421018997758,0.5321039966615153,0.22121846959456448,0.16587893444537016,0.3216056707852779,0.4415522554897464,0.40162364051449373,0.4119393997083449,0.71302000031638,0.8920784792209453,0.7075183898361814,0.5446126779349036,0.76484802291656,0.76891927055593,0.5322727546466837,1.0350083003850123,1.1295677910375517,0.9473342601617922,0.609407179134763,1.2252941082022595,1.334226521055193,1.2026258508688876,1.4004935255274198,1.1918208238238677,1.240154000597542,1.3925240503714633,1.4608267147836784,1.2068098619827516,1.4481672495663886,1.6043180387142932,1.9094328101459048,1.456908241965138,1.649771839901053,1.9031641766747853,1.6873351398232543,1.9369716853412164,1.824313752779144,2.0339930251329115,1.7657023989968224,1.8807433131252935,2.328837508766707,2.2316026584750333,2.065108229933781,2.233474728831979,2.4699237052123273,2.6046250548931695,2.7947205382840856,2.206141187778808,2.261296429024153,2.3953796653036648,2.512179104417573,2.2631388440470595,2.7791105621526846,2.818329318196131,2.446954569195146,2.784650224592511
2.9019541832075753,2.41961317089142,2.352435428615596,2.071954721087799,1.9546146886636784,1.9908584891982386,1.569991749017472,1.5252811820777072,1.5162091767231622,1.4119049004318693,1.0531413285357356,1.4430600290736937,1.1018247570804558,1.0396990812519888,0.9120052659040674,1.2620252326371997,0.6068932868612134,0.40237401977186416,0.6267019656933552,0.3782451879270248,0.3274600622252475,0.469191792569406,0.4929836468667901,0.35352802359715874,0.5086523621172052,0.42575799427929084,0.6794799724602729,0.24529028117501106,0.36304471594078436,0.5789507057902661,0.4209844657480879,0.36347328610503027,0.0,0.49973817815483024,0.11979570052938726,0.43399348163701745,0.3786739644794874,0.332377066738216,0.5085640505384657,0.5736479884102934,0.22294619424296158,0.4579124591289627,0.611835338315446,0.40721359490632025,0.6376506191317599,0.7181202106061875,0.6814213250782597,0.7060620104667894,0.3231145761098553,0.8514969582887311,0.7409465766594963,0.5394851865695038,0.692807159189055,0.8492970665162094,0.7952984246263668,0.8406346610228059,0.8776237028378393,1.0233509487128725,1.1012938976869524,1.1938168944694212,1.1425751663883172,1.3534539621722068,1.231278784822548,1.1835927113064404,0.8821477274147203,1.2323201012338831,1.6769178841693275,1.6375242884988541,1.5881681670283925,1.5587634206753513,1.71007767569907,1.6048633405142922,1.4993518846829286,1.6159343989855532,1.5655044029763374,1.740050418986078,1.7641067474886256,1.8828458773787133,2.045670189526394,2.0790563162450084,2.167660797984297,2.061543237911067,2.169653480999564,2.2661789658210267,2.6511881178857237,2.1760352132351315,2.316426022912431,2.2198149616740395,2.15221625722873,2.2415718199676604,2.5894860325157154,2.304676431393961,2.6755351419218876,2.456989400205604,2.5629740387139,2.9526412625469263,2.7705616443944407,2.799218709278083,2.560280396050967,3.0531554087917883
3.689346263138429,4.228043972142551,3.5374984992431884,2.740783096533203,2.643819717468471,2.626555126736257,2.5176944588235024,2.1553706457207262,1.867447242735242,1.917903070398438,1.608695156827519,1.9890870644678387,1.252313679302862,1.3449075310338046,1.4551899028910373,0.9160557036939494,1.2768795889817461,0.9782780663445418,1.191363936189818,0.9169770862027029,0.8719362765891905,0.8342243430938776,0.6836439501974478,0.6722671585539821,0.7761714032748781,0.3566738057554346,0.3629824546382405,0.8058258466287658,0.09993379340669684,0.1617388316463444,0.37148330472224345,0.08289325282575,0.7294082742974091,0.6230981616303772,0.2745028768979427,0.6157700102738968,0.4954455604210395,0.22234331487684145,0.46069819236060283,0.0,0.45960492258241104,0.2975738579564151,0.8157189893257062,0.4734816821749579,0.3635055461760519,0.4278063991081016,0.12098129643858968,0.7794638613527987,0.6247131328320492,0.5272141798682917,0.6254114701578448,0.7623469996988899,0.7694087896117612,0.8758684824905831,0.9665714968104364,0.6516767323157673,0.8222277594269869,0.5260949105541464,0.6584554643937022,1.0475957096732547,0.7599829424540196,1.443820921644825,1.2387410374092696,1.2893537101280774,1.0306863134541313,1.031080766679505,1.5664039792067523,1.215651545594584,1.5616934921082883,1.1851695030416618,1.371235104823226,1.438345356242868,1.1459336878830495,1.4646863425689745,1.7130519496574905,1.7376550746355512,1.7754474843422656,1.731466360004184,1.747020791975885,2.008250153092355,2.3058824947508896,1.6286398879565578,2.189739869847582,1.886236499608568,2.424059237046734,2.5600792116050926,2.193193954854145,2.1796653523071754,2.3109506982525545,2.172828297223216,2.3028597014008803,2.571445553503427,2.2459077316839,2.602709273982331,2.1896422140163097,2.452264219059863,2.7745516792517435,2.874052018723244,3.0086620862283304,2.4021094293553418
2.1855383529467094,2.430711865320898,2.252223020526433,2.1097948207679558,1.9032661313371477,1.8383793123589918,1.643082921471425,1.2828726197280904,1.4977495339649423,1.1791996744749476,0.9503559736438554,1.240405186994325,0.9358331441376979,0.6733416048583667,0.6049937931261375,0.7725792668240885,0.6957682755480175,0.3909325743032319,0.6688662349481298,0.2436244703742787,0.3821552762808498,0.24067834002961952,0.666187568986361,0.3365869068955387,0.9887249376716944,0.5311560352548508,0.6604930966234104,0.21458541062526493,0.38411033321392196,0.5531599747401792,0.0,0.5834904913340022,0.12377331020534399,0.4924209460678952,0.48641396022005345,0.3831250621115707,0.44058308637735877,0.5555291116902055,0.30453567428714834,0.2645400682485608,0.2810299845610409,0.6787651660585432,0.4703656765263524,0.5849192231207887,0.9069919968027573,0.39099086899190283,0.40137836146084105,0.40920234501038877,0.8626935981647286,0.8127989101133046,0.972063443147043,0.9838863825280075,0.6168414031301008,1.1856724323958865,1.0106464225088558,0.9589474692181899,0.9924804619031082,1.3230380566321394,1.3267326412747789,1.325581722712963,1.4675805620059492,1.4594611479093569,1.2316161453245815,1.1880409643141903,1.6141004860702335,1.119780146399732,1.1545613076863912,1.430704171932188,1.407467499216768,1.7497888011885756,1.8705736896885483,1.8355261021329756,1.627139400729419,1.7801738586341127,1.8443993208105987,1.6946679626767018,1.8159610372213635,1.971964043464963,2.375373430284867,2.142094230233724,2.5243886969914584,1.9076765956383852,2.317573987280934,2.393456165916593,2.7860473739625355,2.499423469823853,2.4352202640423712,2.424900220094166,2.3344184957251635,2.4668877133145273,2.2955446600538743,2.421993183741616,2.8469148936042536,2.7749836325626625,2.609953638948028,2.3888507645929344,2.754627097869786,2.8758473241705005,2.8335852989190435,3.080604281677754
1.3700243233102736,1.3736058291322273,0.8316049324074015,1.1022125346077214,1.2188019963179286,1.022850144116683,0.597067365395624,0.57019460416128,0.8968638902872108,0.7387426347814916,0.5728167374195596,0.805702726038545,0.4663033979579261,0.7002446257066595,0.6220185073731734,0.0,0.6472865600573989,0.28670333945733084,0.7298170986188719,0.6984105227699633,0.383851586468305,0.17826761374294264,0.30366200612195193,0.49414464164456184,0.45477381705299,0.5408440551553273,0.2259434018001727,0.7869999386710127,0.27575613789538167,0.7370918542858327,0.7339630710942657,0.7651450373614352,0.6639597151069019,0.8878160062749405,0.7175859756077276,0.9788603225178178,0.963652265229717,0.349717431893799,0.5313944263020556,0.8948934030546507,0.8793292950177918,1.0454262482514238,0.6889715823256246,0.8729170618809015,0.7508486010372817,0.8808920369507103,0.9200429485665733,1.2137192926391673,1.1774615202823036,1.0879225938957955,0.959641536616541,1.31527132137564,1.358982975073575,1.4457903892736717,0.9532169722582005,1.4379630891870185,1.6227878487497023,1.247025076568212,1.5856597616605157,1.7017725241863513,1.5539391693819535,1.609502743553314,1.980640903849256,1.6450553517803925,1.5268406608567062,1.9539445686923536,2.175815972133737,2.019131936528293,1.7655260950553053,2.184440796955954,2.0026029097979396,1.9503291938019593,2.586487676944742,2.029153494978676,2.1194572257028703,2.039601248470241,2.20457032693432,2.535234446241038,2.0789370537617344,2.438182580009734,2.6071974161966374,2.9118446428978935,2.5066821499717236,2.3415077290124735,2.677668314533772,3.025342860212959,2.4955608377760363,2.7340231832137682,2.9213759337915803,2.603222779780623,3.0846570147921675,2.97277658459938,2.902275431897401,2.7945931196069758,3.1173788480804028,2.6852025746961345,3.1499814319007093,3.1618156798578987,2.862632371233854,3.066731869743144
2.5503497740034895,2.3526219327816484,2.134428625836634,1.8612438798748911,1.456017338196153,1.3972297251729149,1.2610060842764241,1.3209917033729646,1.5095986542001434,1.2981028008211286,0.7570987224411088,0.8226737686056751,0.936096801616392,0.6763521917543951,0.6377428452276135,0.45158305331082893,0.5857142916509517,0.0512229492378502,0.6997117364826,0.42060794294851434,0.4845651500766994,0.5148522083318898,0.19617382060653554,0.6044251771129492,0.6799572839549111,0.4192312510276377,0.40681500047091923,0.1254600890956219,0.14326229222537812,0.3136384084407684,0.28229640276208556,0.10143923091767704,0.22106473134664206,0.3633886573296987,0.0,0.272025785720329,0.4005824435406744,0.44499884923702915,0.4926493371013265,0.011151649964103783,0.22713058712928813,0.4758662260041344,0.4625730401879107,0.23769259752840277,0.22881269243248248,0.33755715526791086,0.07342440690040064,0.5861953121061401,0.4631355448599006,0.8577296930813496,1.1533796733258637,0.7328985281474321,0.5311040184317548,0.9307441431113759,0.977031711343157,0.9704068458390775,0.7069731323652828,0.8168139671349159,1.0883076674339502,1.1951684142944856,1.0752013329178158,1.3481014458572442,1.1681800135036084,1.2926560218642162,1.432868812339903,0.9658211408872717,1.1234281486435265,1.1560304263432997,1.5349107352470668,1.5896398591632082,1.832912995444154,1.3110152931235532,1.574510254985265,2.041318646345381,1.8179341241876337,1.7287967936207593,1.6820585919755864,2.243611993527516,2.144636881616716,2.253035832381947,1.7648832036601263,1.764780433376906,1.927388029944602,2.181806225563008,2.406097164051751,2.3882863755417816,2.08621612673943,2.3794418033329094,2.179556167937047,2.3182373581797613,2.5260292256982098,2.330718220172134,2.396772118477852,2.1867245020028356,2.524261526606505,2.621495128143657,2.412340928277356,2.488092873087332,2.410757138671272,2.854504716090954
1.3447456737689745,1.3012202939756428,1.070470363788008,1.1749214317943526,0.970791552927885,0.9344696791453213,0.6975240631697464,0.7354200083901432,0.7107390122696948,0.5562567211383147,0.8232329748461158,0.7692102920657451,0.46808842240459114,0.6170170319219999,0.5904911771059709,0.5289031549091945,0.7753318156254903,0.0,0.5770933381484902,0.6344465749190977,0.7137519392521288,0.5043225103764843,0.4938596148692582,0.3380451543926206,0.8123435234142207,0.9974266857607859,0.7389479904915834,0.6028811031559371,0.9849313559805477,0.5686240891405063,0.49271231647854563,0.7407955898437546,0.43130662250613483,0.2838207756238642,0.8164629936562982,0.9477303875758132,1.175176624843706,0.9748596041847328,1.2754462952146373,0.9612608785921708,0.9119423889759606,0.9525450534880306,1.0902063016953658,0.8258656957410935,1.2490335947598403,1.2826943948964686,1.325565757804556,1.4680440797935912,1.3268391345224906,1.3794900986025471,1.6264058725619446,1.2308098775084897,1.6803155387307154,1.0931416714081426,1.3298654625866178,1.6481353117870032,1.7588694834889544,1.93667497811726,1.7698911167543425,2.3482953973555034,2.3205546133537247,1.8298059360144947,1.7451142910206983,1.9129714866176766,2.2607472881526363,2.06458862173929,2.1176875689508208,2.198857146741444,2.4591718891630894,1.864298627809994,1.7515469976072762,2.6147985706460464,2.444366372079065,2.715507514653199,2.8613284803970114,2.357607931124525,2.7692846088640746,2.752332245524661,3.0992302042282223,3.1575775798944523,2.634110540104251,3.2697331066720796,2.537472333058238,2.982930590698066,2.8727998642864794,3.2714821423212452,3.124901214239811,3.127225346112821,3.108363829927116,3.1488958697887863,3.2250135489249434,3.4282172576103793,3.247807443998605,3.426223640463908,3.277560750234505,3.2952523080176075,2.8188480245828433,3.253723432383021,3.5718457667428414,3.1860448338119642
4.2710867336308915,4.166662095847368,3.856153578463271,3.293249072782352,3.105048857440771,3.056706668630703,2.751336163014777,2.197089164051272,2.2549065482212587,1.818335311900622,1.5825869521971363,1.401451489919605,1.5996451025597676,1.222301853397541,1.0670118296428974,1.422268615234156,0.8772552630279371,0.667271576192082,0.739680698167799,0.5628923800758443,0.8046863024220681,0.7746884537084018,0.4117601293423441,0.5998585079836456,0.3643474958571993,0.40618149094818357,0.2605742066064991,0.4344725964343912,0.23461144206350326,0.32156259904004614,0.1635036399671712,0.5150677782873103,0.549080407482526,0.20144093508601557,0.1615019754263951,0.4225153952625522,0.024855254691022566,0.16167215636719945,0.30068686635703123,0.021010695642811328,0.0,0.18593464208816712,0.45801062926605063,0.11586128089887815,0.5461690068947416,0.3255267760915874,0.09510457789494886,0.49519418580080377,0.15798390646858707,0.3345024474349234,0.33084982559343423,0.6028536019198665,0.641246925299404,0.694685125106254,0.6916325024702967,0.4522422243673532,0.184934162008334,0.2946225384747674,0.6313306232881626,0.8573601074563157,0.6314154907081839,1.1576408380120764,0.7492039904391437,0.9370476761869408,1.082160861792616,0.606299092606438,0.9495893928901893,1.466527793499754,1.0613799924050706,0.7074912484430396,0.9514926909374015,1.2771593629082467,1.2066982552305863,1.5108020202505816,1.676230212402066,1.946974311003368,1.4243903721766227,1.5736030117076965,1.5602263877946143,1.4101767276128232,1.9848532364301992,1.4510246545406922,1.596549273443447,1.80724271553205,2.106240104966643,2.087874651055321,2.0437903146827274,1.8621915119609849,1.941976909404465,1.8732931979406313,2.059421752452854,2.2925806673403812,2.2323955812334404,2.257311138242356,2.2717740122350847,2.311589618400067,2.1375822195256546,2.3459606005042666,2.3743188618044844,2.5061741523412344
0.8361018498790074,0.9264892522072401,1.028589919911461,0.5082541466812636,0.5508661529576759,0.3957311447756826,0.4546236839850568,0.6236265206363107,0.41453082277182496,0.21404536684185516,0.3668239254861554,0.4539687427127497,0.43561271708406046,0.15549050270518983,0.0,0.33611069739543353,0.44930694317002917,0.4007295754298479,0.5683197238212223,0.3667269013300647,0.4277610073123945,0.1227253928673715,0.09044499356244096,0.0014602720005996161,0.09077341854059284,0.7709764166850626,0.2681797285464267,0.5448678119518391,0.6680888183281688,0.37663356062626896,0.6970142142218023,0.6956589835701905,0.04197823741336748,0.5122461311967665,0.3335481437291392,0.6921470396824354,0.5502462939141104,0.9239438040221106,0.50878042768894,0.8941107347456914,0.7577125640184761,0.49722072284619045,0.7240920494498404,0.8177005126090471,1.1231090062072635,0.7995407071953871,1.215651955003409,1.1485312702657229,1.0556027962233099,1.065274208622954,0.9197569617770736,0.940480194651812,1.4765542141348913,1.0940320333039093,1.261474381276706,1.712598331320546,1.6500125425393861,1.7140722943736897,1.7698823583758685,1.8648892964177097,1.6873596473172263,1.0213288192042302,1.8576939797574887,1.6764750522691543,1.3766279882759278,2.0884647892684267,1.7500206062307626,1.9804979909303295,2.132695357175363,2.2652127141378227,1.564935719055537,1.878401444672276,1.8333654237931825,2.3260072249478387,2.1314614212985585,2.377426084339218,2.226569242840343,2.5687801724226436,2.2899281970749588,2.2277881714304595,2.344455752472202,2.2452450849968617,2.8236218957548136,2.4944279959931084,2.6130836867562177,2.7370454371294937,2.5437835553319754,2.880191011731954,2.44515825308598,2.74166467067519,2.6992178863467498,2.772249749469543,3.0647194433800298,2.8248502035422387,3.161057723117514,2.8643098390693087,2.980194935290063,2.7422973164014426,2.944636605473482,3.009664846636147
3.3588748085623017,3.217054101506566,3.07247525963081,2.3985357817083344,2.6790317051404617,2.5561885719001047,1.7870740559890201,1.7668852075628738,1.4982910272934031,1.1277722451483996,1.827208107140093,0.9794883261819542,1.0492200751102896,0.959570885534692,0.7989374646234442,1.0327179155570452,0.9143935008427686,0.8652263110422869,0.4649987943899223,0.4830982090313167,0.4196403107925679,0.12947364715774157,0.522200211991791,0.5513459783606436,0.6248179004706227,0.5690906135851694,0.0,0.11262732472092196,0.11919358808179048,0.3877126100390669,0.010543964366291902,0.3255098924211026,0.07923652103974987,0.14667822163376343,0.36924750076815016,0.35893715131737025,0.3795742055762652,0.16494879769631332,0.46899183409314027,0.27402476000096954,0.3594384970393403,0.44920573256853835,0.20990589193530873,0.09434810646649261,0.5555724286174168,0.4509713435723661,0.5157774546879779,0.3552244019833086,0.4190693533690819,0.36328152651128853,0.604275177728594,0.48957087986580916,0.5044924382384739,0.1381729265847511,0.15266513735819487,0.933405985356762,0.40265291439351003,0.46261072741380715,0.8248815494509465,0.8896396750638189,0.5529311910782493,0.6422085856764852,1.0383944437631136,1.0358610066295277,0.9796753166425809,0.965067692059133,0.911007754020627,1.2277826581507103,1.1901054944509255,0.9848356796945019,1.5510928235140078,1.271503693610983,1.2426985857207384,1.5583419744419018,1.4394450445713467,1.9235490480332391,1.4045354476590397,1.3544169542628381,1.8992849431996657,1.859862481410003,1.8210266546517566,1.87176920250689,1.984584204233661,2.044049844614106,1.9299687523304296,2.0746602531489593,2.068304625159495,2.2535392906736327,2.475905704589616,2.238763363107756,2.3689495873888706,2.2804063381699926,2.431890224625027,2.4638839657719096,2.5770108891727137,2.700420229983008,2.4068750283675637,3.1043626474452672,2.9921345295433,2.6013670059453524
1.5014446088653202,1.3014208917451242,1.1379389374295954,1.4168965364151376,0.8862756445574327,0.6565497225516346,1.052591239727498,0.7408836897206221,0.715445804870118,0.34913714459239387,0.6594554504936774,0.692174106448114,0.19255719152606332,0.0,0.20911526534085212,0.935485138563859,0.6418496005116694,0.505013597808718,0.27545630954549694,0.41713304906900817,0.7121006121670597,0.5871744916186472,0.626357132820651,0.5539581923300538,0.28668029652655314,0.3489909273261649,0.33151720255145634,0.26563680848152416,0.6550869759045703,0.7363389253127082,0.5712795502177173,0.7696103248734545,0.6635577100393313,0.697155609038866,0.4708563362397715,0.8885393849391932,0.8556110819963045,1.140020087362494,0.8462933178418126,0.8872876189907437,1.2868220572640467,1.3458251145796467,1.214205307875659,1.3006890948467955,0.536189560461569,1.1879790758050603,1.5026242540154335,1.3939669308127982,1.2107807593889426,1.6435068713435221,1.4428246994680727,1.5852124748809864,1.6956012458325453,2.098985582896834,1.658747853980774,1.3902715083645738,1.5573894863529851,1.9256710278401847,1.5401414699533689,1.7894656349508118,2.4262073663893915,1.594165008357134,2.1830576547124068,2.375433759573305,2.160441293463169,2.218485267897936,2.3937718945260116,2.276186184573067,2.5079254419802517,2.506142461389885,2.5331001676908222,2.73120801984512,2.5284956469989694,2.8851480763489654,2.653979645277122,2.8016374031816653,2.636137186077999,2.7614613746350045,2.7957925347398103,2.468926496387489,2.6911052879122366,2.930157719696304,2.639054157431122,2.680829180026379,3.068333547198332,2.8349092197991688,3.175516536477712,2.905873358741566,3.1625794189890506,3.189286294151657,3.2527052729422508,2.8004629647468064,3.121930433849492,3.094917748873197,3.055460035146229,3.0669184156138236,3.495641110792697,3.335122660777458,3.0105606332980024,3.4793527608347503
2.45853936102492,2.0899127105561366,1.922687420055036,1.7085184027261597,1.7263611654106334,1.9594736012448877,1.6868645683015817,1.2581042716027575,1.162216103508868,1.3041929609246594,1.0629313472816264,0.8258590155571088,1.338221689327181,0.6961156632986505,1.0534678246000464,0.7041898141005909,0.8197208638054558,0.4881936011214325,0.46193866648059867,0.9049786100227397,0.7762673023971711,0.3955103954668626,0.5652401765902759,0.5303722074421966,0.46457330296691524,0.1036636249964129,0.13136710219433034,0.5618721225135239,0.1892199571298292,0.0,0.25614616646362975,0.42964864816170767,0.40380867396802067,0.6976128374244919,0.27494315658946356,0.733740585355287,0.6485851105052127,0.4397991142048685,0.36036591510648286,0.6816888535265377,0.6495601452389632,0.5440422049063667,0.6444792688998309,0.7872128030853514,0.6975571142410466,0.7909823718219773,1.0105684894289872,0.7378353198815812,0.8516530265138105,0.7849434285555432,1.1401620648236062,0.9856246434494054,1.0644063747502042,1.0654724722522246,1.0512148071799672,1.2010029788011742,1.2299855135961586,1.1559481912763534,1.4440377049728195,1.5356813177704218,1.4986371945274222,1.830483903249906,1.7298755744907197,1.8818081006793044,1.8579028983607149,1.6806537989227497,1.67601229044055,1.8000852276888022,2.2804506928837416,2.1756519011577105,1.8822232858707117,2.2949188193680143,1.8815747674223324,1.7718665634936457,2.1041130884082797,2.226286513797895,2.648311465588831,2.4178685425662927,2.519505832951131,2.4108256075964665,2.519414895863429,2.8468474683818474,2.2591665162829084,2.7075550593708346,2.859246032276813,2.4901906140050194,3.0696024669962814,2.92657539603759,2.981914458152625,3.0949214818282176,3.19829207075143,2.936642053303766,3.056250963417858,3.193786227579187,3.048980003120663,3.484107100613665,3.2480379844898852,3.3505849254037283,2.9875498425061924,3.1882845481656243
2.8925724996747757,2.1282103093778417,1.9500927817824572,2.075796671045513,2.147645642894039,1.95130521366017,1.7391714395762605,1.1502416187297158,1.693068449267022,1.2160750158667923,1.1774926687155354,1.394179241803677,1.3202280123143009,1.1506918845421215,0.7279452710820404,0.6717493868123103,1.027133190043637,0.7520736220347075,0.9501453089218028,0.48381392447927496,0.8773347533021791,0.30691241528654345,0.6085363635597538,0.16226584212833117,0.7518176463932527,0.766887452319116,0.0,0.295639676698384,0.6860671748668885,0.2558730282718322,0.5866103125311177,0.274066315274343,0.6825910165967386,0.387639291809748,0.5584089281133462,0.3865130833568422,0.6377049662231418,0.6377266268915776,0.6203836244359504,0.4900770305987656,0.7384598013421293,0.29733278640874694,1.0493128667378588,0.4688805403367766,0.5165870167705773,0.5520041610475008,0.8001743767734126,0.4871908035050154,0.4878213809114573,0.6144258991864575,1.1255130805094709,0.8888901162014147,0.9210194346368255,0.6482406246717716,0.9038729752732575,0.8175010500149984,1.0878412185436197,1.3346704907437452,1.1065706251542302,1.0592813914800185,0.9592973961671127,1.005415640809062,1.1064635310989388,1.4469414913601515,1.176304728254486,1.5058357897063424,1.3956076180686523,1.5304647892627052,1.464047286791427,1.6541779897787148,1.8742545247770046,1.5786429618047233,1.6873199263281595,1.9207599614556035,2.0854331931472885,1.6914276873812994,2.209236204545233,1.7221144128988755,2.2261604723697808,1.8454743995463936,2.206606329838362,2.245806018839975,2.322381669283901,2.234020718843457,2.3243435801895007,1.9626766429015579,2.2955444878623528,2.5069189674653654,2.476752062596102,2.3197611211008446,2.835847225717824,2.5475355235646493,2.6620144571251227,2.738783107888903,2.3838655348963833,2.5814485266365583,2.7105494724730974,2.683087166054765,2.88078555047737,2.5768027164836376
2.2841265965477042,2.0146601377048725,1.6059372682436681,1.768023616152174,1.496141803926701,1.3471815958469975,1.48899466578915,1.1966687068091488,1.4301171324166084,0.5848337012999423,0.9379591216616419,0.913925630664874,0.8167476635128637,0.4958519109898809,0.9270096438298019,0.7661312956780364,0.7857398043938737,0.495601143277991,0.6466271979516627,0.2935185158721261,0.11487359901311933,0.5912541698334621,0.37248670142920304,0.0,0.6145537408635171,0.07187372690398774,0.728833541805809,0.43971082167319153,0.3351084320017925,0.33058828495380865,0.2782203162353163,0.15352858160921912,0.40437191999994226,0.49010271859853916,0.29498640871259596,0.5500861527605352,0.46534718685821375,0.6057140198155828,0.6993571879600609,0.9837609173178166,0.6919574149212302,0.531969531603167,0.9683638135406838,0.9125610182764063,0.4952618269274076,1.1383073270388167,0.5802582151266336,0.792505708969113,0.8189045838517401,1.1113204583064196,0.9851206918941244,0.8674279625213579,1.1342917312871847,0.9186515782267719,1.3344084132017464,1.2221102794446352,1.4110913995988987,1.6144775049406341,1.4940809040889498,1.1899536055652362,1.5042552033933347,1.7194150687800693,1.7706542625084758,1.6844732773119375,1.8734695240849497,1.5946546500045287,1.7975202492451494,2.285345120889982,1.8810347301837211,2.103117951340163,2.1764966561350896,2.320808184512657,2.242204539628389,1.9667355029412086,2.1099681266606076,2.513401190840394,2.410835754738308,2.2712168377119326,2.597499286141222,2.8070103773474777,2.8025676806197275,2.5548542561358545,2.504125537702002,2.5767748309180867,2.8932081816874238,2.8819759835072176,2.8679974213570887,2.8742821712151922,3.1525102147678687,2.9463970515229363,3.0538232423925358,2.804598594331978,3.047310420945138,3.361883220992805,3.1169153153062545,2.9700664902474614,2.747537445091936,2.699815670567588,3.0060925145663404,3.1457617382740466
3.905094293542094,3.3113620997985027,3.160455426264461,2.5863369474351696,2.5998165850954305,2.246315070135891,2.3211954091082827,1.7990077900525545,2.1597253914029135,1.9808180780926659,1.6207470435721003,1.3753654468899956,1.4359426532667907,1.7640451198350728,1.0529637575295592,1.0454764464857487,0.8570186357115599,0.8060170551716528,0.6885431741785855,0.419780561771093,0.7225769615303204,0.87167520079994,0.3387238755192783,0.3001557984905059,0.5777433622867623,0.3261521421558342,0.2843983278611688,0.42935422313466454,0.28164556620343717,0.5574234895289489,0.7637095469253286,0.47856591113062663,0.5657638849013029,0.5272084607941405,0.0,0.2645829654400611,0.4944331739509753,0.6688623950638419,0.46864790827560476,0.23745596519400003,0.36722681069138297,0.32260927533963724,0.6413212160038473,0.5975888101736739,0.6917268377901369,0.7018066248844459,0.6251286077791267,0.5846934232520038,0.2005090011395776,0.6344173916750915,0.5463908999421623,0.7737373277983561,0.789444510444584,1.257106741782005,0.9756314507465671,1.0502704937843088,0.9260460426897854,1.482892622400298,1.2346940342586041,0.7598699464299532,1.2319085100322216,0.968274084925346,0.8393264960979483,1.0896030279800133,1.2516107462798072,1.387595913093259,1.5978504946943932,1.478984262829032,1.4763673653785485,1.2550520990802152,1.8707652155995778,1.9323762726374358,1.7090941485414124,1.7416397598110773,1.7972422319780765,1.705000968521242,1.863535979823011,2.148223714740597,2.256943213682524,2.2739070806259623,2.057482767270125,2.132530142952403,2.1829510265747647,2.451698773552339,2.4202929939677365,2.4953936071438836,2.2108491628401925,2.467535550665291,2.7507285689080536,2.434204964487444,2.822629263127636,2.596162752644817,2.2298851175722536,2.815494851373396,2.6504488956581387,2.976367180677437,2.8027429601265066,2.8871741010785517,2.7540676564837465,3.0495306618164815
1.2138024903684066,1.3720932426866739,1.4269918731151758,1.2331687382839576,1.0510712028541853,1.13336312242018,1.1934714679065799,0.7573980664375455,0.8384417003253972,1.0583114442570114,0.8459653021357472,0.5102345305091696,0.8174039587470698,0.5405176854631293,0.669723409857804,0.7684632005717056,0.10956472196195755,0.3350173300295989,0.505944921296873,0.6104254026479428,0.2904828543066085,0.2919468921752397,0.26423408327783626,0.4012153061443815,0.016013312077090447,0.2992250626153048,0.0,0.3468626268037358,0.653308228384816,0.3988882960040083,0.5835621637782147,0.4618893311196821,0.6372729449583687,0.6663406319272802,0.5406235214458732,0.5571810688495678,0.5173719571661817,0.9497474297460933,0.6026480506848966,1.1580521818021676,0.3838817411607671,0.8483239180668303,0.7200915472122755,1.1961206219758989,1.1032268098918347,1.1224884728931475,1.598525795644285,0.9296549503029112,1.338477878238491,1.8550983500307456,1.3563670106746066,1.0977803850647732,1.5597245001780173,1.4810115110218725,1.5519530457894177,1.632364338696446,1.4501488441948176,1.5640340180670353,1.744775184583732,1.9283033907381384,1.9094180153466045,1.6975285862570182,2.138460410342347,1.86933455367552,1.6883868846781098,1.870350328867815,2.6463025276488406,2.0636438842739366,2.2679004661666493,2.228078601529665,2.210826021417441,2.500639209294313,2.5386805226355253,2.853963369008058,2.2138967210188056,2.129054109488978,2.7752561727160394,2.3280590688034923,2.594123446581607,2.62142895174296,2.5877599375412412,2.985796994882163,2.6668717884227835,2.9348300830348126,2.516286462384487,2.92053268828556,2.710526113137977,3.0276130025617913,2.6291534916042814,3.2149631115264317,2.9576073524685054,2.929793600905521,2.9470122499954083,3.224810836680833,3.145045061833729,2.9229691882758484,3.3918042465129243,3.19500725256699,3.359264007570472,3.3381936379460218
3.8497015549507587,3.4586956291798323,2.7798232195340855,2.963704058654219,2.799991527138463,2.1020010485478426,2.1733207251156124,1.8181873435621245,1.7559247971482481,1.57470101771856,1.2310786649481997,1.5496109165481275,1.1675299091205869,1.3440950839004042,0.9936216107815596,0.9439013846087665,0.7479951103676967,1.0470456267721673,0.593751800750498,0.22228900625412784,0.5687036004208181,0.6405883201650635,0.21233989841939582,0.40906880898056563,0.5595038458918911,0.4656606681846345,0.26908719498972467,0.27859285294659664,0.28709558569555504,0.30243754705026227,0.6969749155448621,0.5449478634076801,0.6415217285416066,0.4045144327449748,0.0,0.29562764134442254,0.20027250116256212,0.16145915464311678,0.3558611470767339,0.43241069762381734,0.27575978187571515,0.9283044416219184,0.3462787676190935,0.33082074114073023,0.866501835703648,0.19490602635425702,0.2841023133971863,0.9418521702463973,0.505707986232192,1.1023370973072186,0.550582240251007,0.6853389123848039,0.5476111759856135,0.8953126984291266,0.7688752250026027,0.8312322925560665,0.7675166153744133,1.2967640338431323,0.8469977136066333,0.7888693570855416,1.1062426889282762,1.0598141157966356,1.2033498316007716,1.5449578060651596,1.6698809789192595,1.4181144527557468,1.808023676815381,1.4645146559285696,1.993592217976186,1.8853410797134345,1.6437648622469805,1.7115192888250306,2.048408902247843,1.7900763125038512,1.8385600646586635,1.8212486006761068,2.193925034390171,2.249062298812058,2.17605640035662,1.9489708361218039,2.263920806361549,2.458728793995233,2.188021800064364,2.3568859034022225,2.349970663639274,2.4505788095644867,2.840521754547037,2.5044325257558455,2.4255281267612983,2.485828030686614,2.2624670082362357,3.258086159800442,2.7137085287158698,2.590285551009435,2.926751216494189,2.7321683716360834,3.0201601472336996,3.0383865003734947,3.2444427360947117,3.1684368629155593
5.494946582297729,4.8617006542850305,4.096673104464244,3.6359878251061772,3.3088469117917576,2.6567738025489476,2.9027946048874753,2.3364801103384796,2.080214811430638,1.9515840009995529,1.450043578330268,1.8219737328878285,1.2306120986633946,1.0435927465021155,0.7560502586505127,0.7960497511949391,1.044638590702185,1.0055474611072537,0.576550392588441,0.6906056227613266,0.6191258184492732,0.5015802981011284,0.8293860469879988,0.6183908727476162,0.1552489699212316,0.597793694497847,0.19903903587919558,0.0,0.07315827804915642,0.4087858529671795,0.4250273007740173,0.37662289725610165,0.21285757066845967,0.36547324368431156,0.2768069991095352,0.04185894170202786,0.06619748581569951,0.325520675832621,0.5510378094441126,0.18670245035449362,0.3189579034627723,0.38375328154643285,0.4766864598157863,0.2739592739346506,0.6774587610814891,0.2960602845607845,0.3380161445323129,0.2971510771011072,0.40938797612018085,0.556478462209812,0.35646423771132696,0.6404794243010681,0.5578289213278449,0.5627325288589624,0.5473807838595466,0.24120541843609367,0.6862289450498942,0.9628987957770505,1.006838863565461,0.9176925448615147,0.9447040675144063,1.1518738235008623,0.9162111448062547,1.0186047044779531,0.8587569134949256,1.1547532331872343,1.565731342861353,1.1269457758693697,1.493555283599715,1.2596741701870933,1.61188750446793,1.4525298839619012,1.644555302835661,1.9353370746684213,1.5939697385802791,1.1887184148778793,1.6873028413858915,1.4181866490391126,1.798379307284744,1.379667018308922,1.703440100192406,2.060984429595317,2.125089708513583,2.0350614333517463,2.1035963816587753,2.447050947447762,2.1608477065032314,2.0847412295451537,2.0026419854074398,2.4468606647303712,2.2432935184759675,2.2675174647477245,2.1527852687406828,2.3914176095297055,2.360479948337984,2.7433569860773197,2.4871915849234707,2.4273194347782283,2.6474757804621074,2.55472777498424
0.9718388261624007,1.0317114296151022,0.9641138641973601,0.7754979533432493,0.6817092946630652,0.9105648962249635,0.8034520181074072,0.3875632692513591,0.9198103278277205,0.4079843984969216,0.47583634607541825,0.4506682342847661,0.5907079072972721,0.23090091174817573,0.6919252686138613,0.7817820150042589,0.0,0.4546027123471177,0.5909154232416594,0.6439080133876605,0.31868499384460236,0.4598755077130452,0.6377376864071422,0.5576466526550004,0.5676261280057364,0.6147849622895034,0.481628118342881,0.5090511390724703,0.5891459543421664,0.4171560482354817,0.7535258256788016,0.6097245913320943,0.945492360350892,0.8190062652345436,1.0460451002513391,1.079647151291848,0.8104946327196725,1.0319793709909124,1.291458392866918,1.200735885130685,1.200333507096122,1.0732348199577721,1.236721221955765,1.1632715660664914,1.4838325635495515,1.2987239482698474,1.531298475338879,1.269855781418169,1.0209916652561581,1.4921123562381826,1.4176711823619321,1.58929751867284,1.7934804998876714,1.9411625996309603,1.3192811966022617,1.9641747600243278,2.0227103724342435,2.0967240309917266,1.8354007739383515,1.9274026840400325,1.7925438680031682,1.875358736959516,2.3223686760407993,2.394364299310382,2.421437402479487,2.4333460334719135,2.5305042096134898,2.114423035582181,2.580374895605768,2.562970784803067,2.4016809519761715,2.44251331052428,2.5127021010164086,3.009931428014621,2.686668390429837,2.6983344204805597,3.015691192390591,3.089736623797169,2.8452820452697942,2.971143733585013,2.80626788420264,3.04819392920653,3.331559767921533,3.0322332268870937,2.930064514447892,3.047891819837705,3.114150636133413,3.210301300975452,3.4107403942684407,2.68323130768319,2.9246497896620305,3.1430655511798484,3.3151589966443495,3.212392042930862,3.508877959164792,3.579397786574294,3.6405080357900417,3.9112317105545955,3.900419490747712,3.6663800333394967
4.255922174981471,3.774380917514943,3.1844724490017526,2.842977905842911,2.558262112073848,2.644514094448642,2.422145524476658,2.2832269352753976,1.5481505907003026,1.5328933983408675,1.1619745947460203,1.2153916947297567,1.1480991031295407,1.4135707890461298,1.019367525633342,0.33195853494795635,0.9760771866364113,0.5150593990771721,1.0517563989235814,0.5116527278398308,0.6691369805806122,0.5945578819994655,0.12465304337068872,0.5601210955228897,0.40178464424329086,0.46342150149496497,0.0,0.011616658202303398,0.4572243693981175,0.2603805755046107,0.8090003627229709,0.1257115870809109,0.4252668708572589,0.4081121588487342,0.8158288003950425,0.32131569963067186,0.2933140005776895,0.5786594906302138,0.7228600091606232,0.6698018508153254,0.5823382134062189,0.263314080258235,0.28594200333305864,0.22349207694005457,0.7425366970071483,1.0879069243015387,0.3493548233001764,0.2794029560471696,0.6281843357771741,0.7264849000067919,0.7358182000016029,0.841927555097401,1.3949449610248479,1.0087102210623087,1.1088008549810606,1.2407082780759673,0.9409676104575162,1.2154048136292879,1.0309722931560792,1.5543103408169223,1.4331044235850108,0.9236149173954029,1.4822575076357438,1.5561867058692442,1.4496005666083072,1.6140522161952262,1.69494047583839,1.5157469377060906,1.6190138005549812,1.8791191913779528,2.0877356236160303,1.6094620730300022,1.9648864119903529,2.234194673868604,1.7191039869106923,2.2502646471304217,2.182980775484353,2.303834895828004,2.163604589305532,2.3813740351189665,2.333289277783095,2.4497915209613836,2.42689341841778,2.468241980332966,2.4298939724441944,2.9812475947177006,2.793637367047399,2.728310948950199,3.0526914058997683,2.702546616160319,2.541646869235219,3.165370266130406,2.490438299881891,2.7452303193885754,2.8799766817312964,3.157541121930297,2.804287769678517,3.0669899034530275,2.918556384471998,3.1251494860866202
3.5302016070165134,2.954146901626837,2.6838259541547504,2.2320880620260812,2.5685135908631036,1.8554219417108317,1.8020403668604903,1.3292381020142958,1.1170934398799695,1.2755525518763662,1.5287621793409958,1.1422844246306685,1.0610471715645424,0.584336503268867,0.5000856668433897,0.7335258105729281,0.6498813622872834,0.4018255023791504,0.5555452281538553,0.5657568186463457,0.5378287252922558,0.26861719135383133,0.16533902068187878,0.402356784935364,0.372974569218405,0.6782055729097465,0.7961436351769517,0.3142583257008731,0.5558364252696748,0.7883899734853834,0.4150877072126846,0.41712316605502586,0.5154452513253975,0.0,0.35093331415757945,0.2715777957869374,1.0817214026984239,0.8338356464958672,0.4718926405267645,0.6485683298219467,0.6919055707781379,1.1138610434072476,0.9643905466722344,0.7585854477809892,0.8107777383019332,0.8837560761795729,0.8967609871312767,0.9173369077258222,0.8491120156455647,1.2978208604862775,1.39045646673455,1.3114299593378558,1.2805285913954396,1.436223277908974,1.9325197259323073,1.40069109716425,1.964415397550722,1.9826691631960909,1.9325456429197043,1.945517981499572,1.95933942965444,2.020950599155375,2.0942198369234024,2.3940835632177784,2.678060031989455,2.6839605039536014,2.743737008204162,3.205512873175694,2.9648492956362116,2.76365264993772,3.1137330627714572,3.0248738296841946,3.1007247649014342,2.937988068901843,3.223976486222247,3.3739571433695854,3.1086314915032975,3.140672088491451,3.24847575353577,3.4886053794045164,3.1217320774355475,3.214875429625229,3.1527305430174852,3.558940002775101,3.148646461326562,3.439326395404633,3.5172351191030824,3.637807994547087,3.920496720918587,3.5331111482115762,3.940671685286139,3.6975232885862734,3.8192699429888304,3.848793379349397,3.48210000423885,3.317490810196224,3.751127521337777,3.9867252710602212,4.249073494258964,3.6207121206435335
2.125934038850197,2.091829309431107,1.895545264186044,1.9451157503517873,1.623441323209164,1.525928662439462,1.529411343623993,1.1208498250604109,0.7583807532423759,1.2136828891619391,0.8361086068715835,1.030296053950991,0.9611636793176483,0.8704869883660304,0.5565117200163581,0.8797226862061223,0.6587603855549506,0.7956091078145189,0.7694832402995289,0.6288805576523373,0.41663523704119143,0.7976612361875226,0.5203923567708237,0.5085663791235238,0.39085821591252845,0.6576811048282707,0.5902550442962546,0.32694433999344596,0.5252884794807624,0.5928389327618131,0.46288004929159143,0.5720747546841576,0.4962427032028014,0.5405400436736532,0.6821527362577307,0.6965691090342148,0.0,0.80595682915569,1.079037074926136,0.5318276854706738,0.42670472586297237,0.5226118372764024,0.9047694894902456,0.8745625774198746,0.8105622545495166,1.0311210987229593,1.0830426494888261,0.9971099785784769,0.9770047781474069,1.2784958609891266,1.752688861946547,1.366294889404081,1.6252637719564298,1.3387735024797305,1.44176745849661,1.8437742481445998,1.6228535725935682,1.8255754227609255,1.8214612731987163,1.7452005018220156,2.0830447027946697,1.9216103686440427,2.144669947004731,2.6038595242455482,2.4806646736813036,2.054952752260249,1.9430924304940351,2.1822638485634123,2.1988146580744523,2.389845636841489,2.369013439962332,2.8849746149180273,2.9096077620614142,2.8702975264662474,2.7557235694664612,2.7522006731363273,2.52372084136921,2.778450423101198,2.7335920290762488,2.8323936232053875,3.1366569710651095,2.8386390495923663,3.111889076429419,3.357118507704625,3.3586219752340387,3.1392884559245413,3.2523164799479627,3.1131666136313587,3.4306414934460303,3.4930259850608625,3.526399110388793,3.5907631389311785,3.4126754247304074,3.605685837109741,3.7146424226263033,3.535576053866782,3.653142673738005,3.6892199723542287,3.366254090504933,3.649254492907234
1.931369983689537,1.6939073319967708,1.6275484340199586,1.5627239318302397,1.5831406516901279,1.113906948242052,1.4722973797771264,1.2516910328775719,1.2488536505762884,0.9419106142184575,0.6662023196819948,1.0474912794852056,0.697991430237936,0.6925708247603648,0.6355272511017525,0.7002107113875677,0.5625562163912576,0.46928600920117347,0.540744930691865,0.6163746163838066,0.4535081542553776,0.5313087696931387,0.32600435446843434,0.5526728048268765,0.5612564652393868,0.6582067773934579,0.4583693245434777,0.3492301710363144,0.0,0.0815239526811613,0.5398567363167803,0.2266028585733313,0.3745424247438045,0.44836008922504966,0.12688266707007223,0.6056764985170098,0.6284450019937431,0.6560742849795691,0.6601156105400303,0.6830972336733705,0.5509355817444384,0.49609937463004705,0.7280617515600483,0.5221541156877567,0.9012345840170308,0.33665894907336913,0.892382116522537,0.6298259330593989,0.6942705915950071,1.0593527608776796,1.3658281948911242,0.8997135975419468,1.0984540758573882,1.0976903177078814,0.8610494183644075,1.3307129251140868,1.2135299252241598,0.8105541892331161,1.065325180525285,0.8514048151213132,1.4437626887024475,1.4475268804612345,1.3859855306620812,1.48971557209404,1.5002110014829686,1.9049282095483004,2.0544970254123154,1.7797212115733263,1.3206639852522084,1.7865760854858461,2.1084757163665575,1.7889286852527295,1.619387146034308,1.855655593559808,2.302687682874021,1.8957498195210558,2.342500339548776,2.4750310742020805,2.0265879688967434,2.3789159819229493,2.390814249881698,2.763070784809125,2.632698450554761,2.3030522284621124,1.9034322151881202,2.6888604395854063,2.483805070556661,2.8202307810787612,2.6757862163409083,2.7393269558648985,2.762749757012914,2.933937145716799,3.0198495340048854,2.7592870463259143,2.741937996252828,2.5177937821845457,2.756709077694696,3.0159039079741827,3.047597738520631,2.7212313378476107
3.2489850497692974,2.8500720887388606,2.400239805138737,2.374817751621519,2.2967367965117678,1.9797774290824766,2.0265103680254892,2.226630040328123,1.3055415255570342,1.596782401800473,1.0700319075876141,1.468091506540885,1.3682221910515775,1.2375736444084833,0.9708825257930229,0.9276189380092443,0.6360482364112201,0.6872113997260882,0.8904044133896516,0.4113763276502329,0.7717771894086365,0.8053748498867979,0.4955380989944391,0.42499301692190805,0.5006718049121233,0.6986809396138689,0.4995910450710852,0.2720522647005428,0.339225715068352,0.6116762275758081,0.4665793284681996,0.6296875358731011,0.48432339345579756,0.29220280797463083,0.30182048472454426,0.5508640712902135,0.7900698795171426,0.2310280518099681,0.48309023767755477,0.5472056803181484,0.7655372348024994,0.0,0.6201333022619657,0.8047597441712888,0.45873070385965775,0.43027334362753145,0.5351031791288658,0.16010903535328325,0.8456089382428349,0.3371323754046447,0.8445867432244398,0.8854810492740928,0.6129085552709306,0.6340134026556576,0.6341570647440395,0.9936388828060121,1.1365718975481034,1.2354405138427555,1.179372700397371,1.2292829406601324,1.3211099171477674,1.1000237397006902,0.8517758371388151,0.8842188151308239,1.4085371530385533,1.3390478858601949,1.1114389708782024,1.4363596036565145,1.2448692196709121,1.6412556693146367,1.3355930237503397,1.5072109224567907,1.430611021260292,1.2524594511306848,1.6555078790382165,1.8114244476828123,1.9375253289692882,1.5802053117829207,2.0153802336656117,2.276278070010237,2.3055946079490166,1.5543484332967186,1.9388718883512919,2.4189103194489103,2.420433886611777,2.3592204233642473,2.12950539497095,2.531261541158935,2.494484056436688,2.1548983047681514,2.6743056798929157,2.5105357467007092,2.6688228216424985,2.4569582936364416,2.6938699591742417,2.6468083193395966,2.646768277775239,2.883465089025682,2.5051384000452384,2.3808437577439268
1.249287143560311,0.7592366375049178,0.8945904030532663,0.9461547115408262,0.7125394303305637,0.43021098368452826,0.5800453571000812,0.40539369360716293,0.927929343809053,0.469288524371974,0.46537098489906903,0.7610518170116372,0.14852748826674578,0.39163522770238757,0.6195126777046092,0.7213188020405088,0.4938137181483846,0.23206942282222265,0.8252464794115131,0.0,0.27384725665277365,0.7824419509061187,0.48602084964914916,0.3062043830115364,0.2235172233877485,0.20808861987062954,0.5429648949364481,0.4440105491483646,0.5473285360148274,0.3158659334036358,0.6558603092868776,0.6446169699947113,0.5281742005668821,0.37592232277332016,0.5669873147883209,0.486025501211671,0.653198015957317,0.8402719624665345,0.6830118901105191,0.8817306293854816,1.0413305668889663,0.6037611476219311,0.5527929211184066,1.053781579547044,1.2001398610637235,0.6948822061714885,1.111521360527183,0.6249199043749076,1.0893966610762895,0.8735221850079746,1.152624877961136,0.9614370483458288,1.3304472274749823,0.8822425754631826,1.0205182869500486,1.4331559361438089,1.5138015113395316,1.0952326107963035,1.3429656928673275,1.373917734214917,1.4946975719496916,1.8203188588122963,1.822193626395734,1.8188615753962338,1.618147559102038,1.7571125644346566,1.9096322562357422,1.9657256423506375,2.071027288064048,1.8166510641621798,1.7285920004186153,1.9807798376346533,2.010229798006783,2.449879579999319,2.2635949186785815,2.5029069002134,2.3843094537425102,2.4130762540973514,2.5948439446310303,2.56931777554869,2.743560795236341,2.2614592897358,2.7287146247045726,2.6714258400784345,2.342703024713142,3.2581508844044826,2.759777767556727,2.8067933075221525,2.869082893068164,3.0699886296768604,2.799411843900007,2.786074363070469,3.0120392737462467,3.412196185646657,3.053635786101079,3.0367108643532426,2.8002915555749226,3.3006934259525025,3.3135990644932214,3.0786535220787243
4.592002078758579,3.802393060851511,3.3830145453210108,2.906982171024765,3.0258958298560543,2.5402222412473385,2.3975723411862866,1.7364163029673705,1.8038301645347126,1.5989704193607324,1.8979947520069587,1.6928905143601547,1.5952198305334946,1.3835829244255144,1.2394025182207482,1.0650896084059358,1.0833510870448837,0.8318121631254325,0.9466176829746935,0.7026920279408451,0.7513543055135141,0.7259388067871324,0.7788598803582953,1.0036279128820045,0.43969550716204786,0.5121644922927722,0.4897408619903789,0.3767532117712875,0.11107033580581849,0.18303125213861904,0.44947774414532127,0.3927479298594303,0.41931330699362057,0.4368218013569738,0.28577002120422,0.5514208027604539,0.8180373572393709,0.0,0.10775403596640487,0.5634283599899916,0.6520128593374821,0.18130335311930956,0.541511818653678,0.2839505463162535,0.8862077554147572,0.7880233961981169,0.6166719709469248,0.2948945983299378,0.42304442479602855,0.9127633018102728,0.7504269737607299,0.7677412402686343,0.9391549385404439,1.0631199818979216,1.258375522394287,1.0947244187750869,1.136727114238541,1.6874176425835614,1.1214907183657434,1.508673100949963,1.3319775851086035,1.3232595018892592,1.5407218454819507,1.7423384533839972,1.6776090216580002,1.2216660254227278,1.5768059074651433,1.458842077200277,1.8830080306360308,1.9051641629302836,1.8211598992789177,1.9851372509536311,1.7045282895033012,2.1618225940640983,1.9417029229966047,2.204047216788549,2.1999777220253236,1.8360810873976874,2.1843718198262643,2.6577210522349723,2.535151623744678,2.7130432245264657,2.537204228192021,2.761254211943214,2.4265677567081134,2.7323436923042763,2.8654669345745525,2.4499053222343647,2.6872903261971253,3.024601710242081,2.909394290671713,2.6028437270097733,2.898524639258781,3.0038825653125834,3.4089575525266937,3.3376621804974747,2.558474142644023,3.1124577177175645,2.8216039312521985,3.4255902286440367
1.3953054453936975,1.0963262464910724,0.873063201119443,0.5617209695677712,0.8165243867343008,0.28185910777543555,0.559740388427123,0.5297908447547801,0.33966107440863347,0.633962282357535,0.7047826912497328,0.4302206863029543,0.39157329558676324,0.08831699642813007,0.4606279680969241,0.07545480959561068,0.38005590946723267,0.0,0.28523505692608886,0.11560163832708703,0.37553557897634526,0.03577794525674349,0.44514863124356907,0.16672589023400342,0.3885046956490008,0.11796793215752821,0.7897388348781593,0.3121152444600348,0.30326791937920383,0.06085231158842319,0.2429613893277125,0.012281612698087585,0.17862055013551803,0.35498370147987757,0.6794380829036779,0.2988039520937349,0.44189494074450586,0.46113210107662717,0.7461703967276332,0.7038410225332274,0.5001579690403553,0.5305614361200863,0.6400205975692952,0.8904042348887717,0.76977954139711,0.6450974484878031,0.8688774909520642,0.874272606919865,0.6510170939069759,1.0404347604991457,0.7578620112949803,1.0101135897516134,1.3955140564766122,1.2412403613354925,0.9395456172046934,1.429641457167035,1.4404743376432663,1.1482704775719679,1.435554940934054,0.9852695272635739,1.0080468821417856,1.2524031886610736,1.6154674755189493,1.9378245703364332,1.4375828922705676,2.171054043183849,2.117479060729268,2.019560962585837,2.154182312705723,2.1621043058595806,2.3331983408905916,2.0096334180979394,2.341895995644114,2.449655069787058,2.0962320456957197,2.111217928399425,2.4463386784629098,2.054781251902268,2.439576132913368,2.375846354805857,2.7301411156003486,2.2577521951349535,2.358808355113359,2.019972889924345,2.3497809194124795,2.1091837412664542,2.6612928213104663,2.9452304562314655,2.5788098150064744,2.6653335006626246,2.6539582814141536,2.8748657754843503,2.7731897575361923,3.112272448696272,2.553755841898804,2.6501460992542416,3.121436388837326,3.0182622896627596,2.7083575162612394,3.0194910495023226
3.381817220652348,3.3279359931373733,2.556543182080885,2.404189616592573,2.120595401009524,2.0689910005961707,1.7149828476749853,1.9076855504070895,1.3927697587173675,1.2649880603663402,1.6046224779918834,0.8617419604082421,1.4016604691363401,1.1908854802852336,1.2286225880029935,1.1362684575114592,1.1044811552748524,0.9973528900224,1.0172361377060746,0.7267404695792532,0.7786014598033137,0.7988812696748884,0.3357633042652832,0.6211843309944776,0.5874676509650545,0.4033067880226717,0.43990900161527513,0.7848996494183673,0.061526511878362555,0.8397906944054299,0.42210620153136524,0.7775929367149885,0.48223447912732453,0.10251064256997822,0.48316595269709595,0.4327394220101297,0.4209727386947151,0.0,0.4255139514035591,0.5588237978644077,0.36729292142150527,0.599255862617591,1.022221373674789,0.30006748233290637,0.5908064197437799,0.6918776804549989,0.5469385125189348,0.7285144893680577,0.845811674000867,0.6902862446595162,0.885148992429361,0.7808385509166094,0.697216284224357,0.5876262697238293,1.0964706776150148,0.9331215750189159,0.9468677289975904,1.0871114454290236,0.7409076069037859,1.1387630985068409,1.0786321043688343,1.0364952273396817,1.0117924424636477,1.3674126129962403,1.5408972815075934,1.3672615143061595,1.2562346156640132,1.360912706100331,1.3728583687275915,1.1288520845053966,1.7600231143994538,1.7102846256867963,1.658948434791272,1.8022892428628996,1.7575169954881975,1.6005885335756123,1.8159080387497184,1.8181493558745192,2.1330774700058033,1.6597324774094329,2.002111977244283,1.8707552268480008,1.8431543797828098,2.081346934742129,2.217037702850165,2.3204582090391526,2.2709050501603176,1.9099736665239693,2.5219445600958252,2.2671037875250413,2.26316823454407,2.333622372804699,2.229202970283401,2.2587824641087693,2.530261473448114,2.6110666919454832,2.3752178818865897,2.6263679327730856,2.427024159897959,2.468576126280926
2.2587232278374536,2.11604586224054,1.7562599001347223,1.9654304489137964,1.7611540317431285,1.3930835227972693,1.2430166274063836,1.053840257800399,1.083113638713769,0.8816247067652547,0.9738675600276174,0.6488250982444299,0.6836301367801525,0.6414570572156251,0.7278605043712325,0.7870785048150815,0.928285795466838,0.39675446502849,0.0006218462455649387,0.1212206690168891,0.3971827277297617,0.0,0.29982741053881057,0.4943777085291359,0.3038350634377629,0.3243142889687327,0.5158248427031502,0.19492053823252675,0.41152326943890216,0.3190952084532164,0.3161191495090865,0.16433510239212445,0.5187381900552275,0.7073011060842447,0.4694658878074023,0.45985405076291386,0.2066420963129474,0.639479899529249,0.3315551722707042,0.5225735731074685,0.48988069976253,0.8058036318247943,0.8927402891433793,0.7508445505402292,1.021296130039346,1.0196110253427904,0.8082971324189216,1.270327961069171,1.289196294335536,0.9182864193737821,1.0369888092807678,1.0662786286956347,0.963711392625445,1.334861871975498,1.078522410534596,1.1879726855800143,1.6292670002671166,1.6797250647994275,1.488173208485815,1.5626385830188774,1.9665458637465356,1.7876648713430576,2.123725244022296,1.9831505889799637,1.9026949823239718,1.9831532185114966,2.035549945195214,2.405999529335226,2.0380671646364377,2.0719830123894525,1.9335342153631032,2.1204542756402063,2.204789886690662,2.532030979681032,2.3101892037509337,2.950389760437119,2.4249943904680364,2.3266532438374092,2.1378821911533343,2.4993452461250563,2.356690445590818,2.950771817473459,2.9106086105338456,2.9967523015788373,2.6563022245840635,3.1341763119502595,3.3114271900774703,3.2698088966456673,3.0724943045928796,3.1357496070594095,3.201335380489887,3.182369657583113,3.090310331667606,2.8925921456973853,3.4101760871934914,2.9666631003162784,3.5664201511617577,3.0963401815028853,3.456720146131037,3.1587504198228693
3.9651637048038246,3.8089786415273785,3.2493512588119984,2.9570063118453085,2.633674711106467,2.58045758252843,2.2071993646896413,2.1489696195976613,1.7841788488353671,1.7545032145054762,1.5049248730075035,1.7150356473085182,1.3045567048954645,1.483423214602439,1.3050127969036396,0.9808723597303199,1.3838744106685557,0.7460238249410871,1.1051358538625546,0.7750129675053365,0.6585691854583491,0.8018684602339938,0.8395347831037192,0.892113376198651,0.6122646675106278,0.26442950419289524,0.17139127902203732,0.31553845895242816,0.717816988841129,0.5952110604712857,0.8034622499366506,0.32636104179905523,0.2978088596607087,0.0,0.45518522904812286,0.6250509563047437,0.7183730225732159,0.7517489402652728,0.6772272560113137,0.20153253162868978,0.6044580926823055,0.9217907577642226,0.4930492566076019,0.8369791552151806,0.7827703659923362,0.7198973641225397,1.0477536928749362,0.47712465946528226,0.8942673621326929,1.2544473861376044,1.0596869132608333,1.027205281658766,0.9863233620693226,1.0878785083570524,1.23095883823102,1.1005733025302984,1.2761295800274652,1.2281194775681232,1.518612604533951,1.7662725403207062,1.5734178543788229,1.610385409929716,1.8729859054854199,1.436240490730576,1.5089074142746792,1.6407902590496004,2.259135148198567,1.9903970801153648,1.8437106890144026,1.955002378473413,2.329091807088176,2.254580409361914,2.2155700229539033,2.199944662062018,2.1790100019181633,2.108252644289335,2.192129366125174,2.9554119401421524,2.6163741235556994,2.281706862524617,2.3736508870369093,2.2603219053859487,2.841406992892278,2.770963637041076,2.937892885635481,2.6790486201580546,2.921836469113874,2.5488191695600193,3.010278419540686,2.7863152213354994,2.574893173263611,3.0186788035493457,3.3456901863511668,3.0482253676684117,3.183062443595979,3.119737341402267,3.2218141761159984,3.1675208302817452,3.0203647344813476,3.6893784068828204
1.05273777584053,1.2100148584007027,0.6330925768859341,0.9007169424412229,0.3830384985430033,0.5435721028553768,0.537219273226043,0.7952514838889577,0.8594415291067534,0.4242012926615324,0.18047279678421368,0.46207016566180137,0.24391021134358404,0.2830135664739615,0.5666531800710235,0.13007432514317507,0.1368701181872538,0.5164653581823337,0.44370473277469635,0.10508461557371973,0.04455710788615619,0.5200421441011809,0.27348025378225493,0.544794737849891,0.3742949284632182,0.5862249954879548,0.8553896421003984,0.652795001367851,0.15275838404819275,0.56505906619911,0.0,0.0360778692078334,0.6001004526527822,0.709796612242485,0.43808677043885424,0.9721496544310657,0.791734140558761,0.6139253453130404,0.6680170964055261,1.1642691255011517,0.5117986348738963,0.5997918538472256,0.4040639289203476,0.6783735902633321,1.0603703990775912,0.8853743812954775,0.9919704671320986,0.6621326813112578,0.8626412817037661,0.7147770180806372,0.7351172052371595,0.8329150452259952,1.3114826265688908,0.8444899508850305,1.075126501442547,1.3304369013453652,1.43584604974804,1.3232523429984173,1.6298596681727169,1.0702799263422502,1.5070543190191152,1.4594343241400196,1.4475942977040361,1.588292465646827,1.7063070340502442,1.9121326566117176,2.045148216242559,1.6880232299962756,1.9183860415761025,2.1048273032434928,1.9315888262812315,2.2211943594498784,2.116363804470403,2.2626745748299157,2.232289799011369,2.4138802075684573,2.5315895605219474,2.1684370136974955,2.438473401457564,2.451294934988397,2.5315611261754896,2.0706581493950864,2.54876995780333,2.251150206165832,2.6162899817655827,2.366577824271271,2.721118101935815,2.686745064912781,2.8067005863451833,3.0790944085132423,2.9696895454549512,2.5292631606220723,2.622827058796261,2.596695298830145,2.7718068200976056,2.669018259738273,2.7127647256026535,2.8430209615936057,2.967771739721016,3.104893403715259
0.8967710777122786,1.1930214386074436,0.8229733520678213,0.7581823451615985,0.7934677701035824,0.40808947456214817,0.47718114714187543,0.4204020588312076,0.40129945437803727,0.5005222537702405,0.4708764977681348,0.4721286238227975,0.422798521218434,0.014496534321823518,0.2861995236162116,0.08255079538149523,0.11985351469360772,0.40500518550400955,0.0,0.3497684302553825,0.09662131279093522,0.02754685037264082,0.31259491563434416,0.15451101360990016,0.16535524851625993,0.19616531430304995,0.6303412346310147,0.2026970530134644,0.6497509820813434,0.285259043602748,0.38225147569407625,0.16981018724291452,0.357275013217798,0.00011554854415685156,0.5862541272000374,0.23089243784089497,0.47796627839585426,0.7163732851130895,0.5520072862453009,0.6587847329320979,0.4836135483383721,0.7726832768874115,0.8966188424975776,0.518900143074914,0.7534724373067476,1.0555326823295932,0.6553922647143633,0.8144086599411313,0.959207676334616,1.0169131773318085,1.006078156541097,1.5683444766303296,1.1191590185525122,1.3007064140237574,1.243170993013626,1.0721610098342431,1.6433709040086626,1.6822010254647797,1.58547282161798,1.4612786669552573,1.7914155815483905,1.8247348147734979,1.4167449011506061,1.9880431664904155,1.9243094555380083,2.1233489289235745,1.8310390626135078,2.326901937510778,1.9993962236599945,1.965669606556828,2.224277510519249,2.0776644335300265,2.222663112235873,2.061197191680831,1.8932029370176622,2.3016668077143425,2.5062241449475753,2.441414659843362,2.634795476604138,2.5618306571640286,2.625567570676578,2.5958579157020782,2.71140193418916,2.802932737752686,2.836950711608834,3.161060469990618,2.6309305132764376,2.728366138315211,2.655629133674223,2.500509519847318,2.356355308638923,2.7784918176957643,2.9290081808838817,2.783298007464806,3.15254578190582,2.854512329762043,2.959906325854851,3.359243394933726,2.303074696358875,3.197265526965852
2.2164918563246925,2.271508256375009,1.7150740984045445,1.5152277232042106,1.3546799413080617,1.3457330295369463,1.0106937269950826,1.0882620795958022,1.210241695616718,1.3317101639974513,1.0117441756669052,0.7414914971420927,0.9189758902893086,0.3799621394560315,0.6773750290196023,0.2765483111529399,0.5033550180991604,0.7342654191796605,0.300539382642679,0.7026242746605948,0.28751076709358614,0.3944569024516724,0.6185184338190162,0.27548771963043883,0.4147617213913577,0.176889603010558,0.149347102663965,0.16416812108169587,0.34277090619242934,0.3412944911975977,0.5779517311388691,0.1678774177758129,0.24931037215002583,0.29466008678536504,0.36800982589809195,0.3942267544815117,0.0,0.2663256178174027,0.22509238167460843,0.3335590298897966,0.2820846695838011,0.180917438901119,0.6693303337543615,0.6151201643890793,0.6177165712620294,0.7589039071049228,0.8065257588856696,0.5830013827928955,0.7037540256835744,1.0946451048317218,0.7322195454417137,0.5879823753170861,0.7547190159057529,1.2514143731218663,0.9488141356469981,1.1289218152206164,1.4674839473429788,1.0520210834778112,1.3406457391985018,1.3855955888437936,1.4002684657228297,1.4142465809509783,1.676786818076332,1.551345567649319,1.604771124060198,1.735812923717491,2.0884662874571323,1.591140805760352,1.6432928534174227,1.7369669192191974,1.955809126397602,1.963826090215795,1.9430816743419062,1.9458833981194292,2.121300402405085,2.580639119335993,2.2634018484543734,2.1477784723236564,2.550670973953496,2.229758100251347,2.4470309729856243,2.134278796241743,2.6926274662692986,2.4427327622869317,2.6974188807692325,2.5148798691168484,2.7586952558385196,2.7468655722057154,2.7245386377276315,2.6034640879027915,2.792601246509241,2.4634037294264797,2.8228359318610163,2.572454129814359,2.9056465069287274,3.139148498231668,3.098934666273033,3.0383711421425534,3.0663756989824495,3.1420754532892534
1.7478939066968824,1.663432160063012,1.0533683889156205,1.325505588790218,0.6288452007338368,1.038675022330425,1.0328362966387719,1.1074401572435821,0.8252869882189913,1.017816775520778,0.7116899584925047,0.4010017447263827,0.33555645922915645,0.25768933198905764,0.6484393281829224,0.968745157916354,0.4978678316123961,0.3892653264962931,0.0,0.5497615608847148,0.47590050498420666,0.7263369386599603,0.25003859984345134,0.4540701940637266,0.5729541244378016,0.5765235589326743,0.1841021330241137,0.6528614627200451,0.2793968437451202,0.2937665373896472,0.5309441810220488,0.4369886879232805,0.7552542155050102,0.41119157298401987,0.7557722138744154,0.8696309565281588,0.8216954037653892,0.5341772306891048,0.6951764472884001,0.8782817789765787,0.44250222487751323,0.8177948191844315,0.46746681529145206,0.8894591993199814,0.9631550152469881,1.2110426852880813,1.2474774405108953,1.0504688497981949,1.3158226563604174,1.318606624425387,1.433411050527054,1.4120966207675743,1.6218195673791929,1.6097805198043922,1.9897045005821568,1.435919657974944,1.8439191664547554,1.7392339755367185,2.1868941173638454,1.6674228693594397,1.9789560684107013,2.130902596601075,1.9562822980214385,2.0374327947801394,2.1134202748963276,1.975564944703084,2.212088469980605,2.5207175094390237,2.42587136552182,2.6201997093892633,2.746326124991141,2.591794382772653,2.480845925691577,2.9271716350680457,2.852375517231197,2.904332931563971,2.7757589068311823,2.7909964509922407,3.0179913533250957,2.8705910473183387,3.013436625514343,2.4722551535628448,2.5612233960571906,2.9143558422881313,3.1120058988227424,2.846534874612935,3.073576010157824,3.438583619380788,3.0526308983456527,3.5229125045205247,3.6088569816727,3.361584240736322,3.003038556205235,3.2333777366833534,3.449578546108496,3.4509293945468453,3.629063487952303,3.3376791464592603,3.636601412414203,3.810433943084492
1.1838593776529507,1.2716035733213804,1.0478220583113576,0.8177788763934544,0.9644745972744744,1.17363061923872,0.6812319396216271,0.6076894410830977,0.7141815004707741,0.7186347338425261,0.34409932866812554,0.5082235621320841,0.09479441352612206,0.46676710035638,0.12193765633798392,0.6208507972089894,0.20539040711497591,0.40885001321564296,0.37874262361595434,0.5371398862233256,0.13214191596480518,0.18392741591771866,0.5519490020602564,0.9987616790800509,0.21825439775305178,0.21021205684767708,0.6635966223250875,0.0,0.5866740635592578,0.4297826266210958,0.6915386594581712,0.5724348811609516,0.3268778476803256,0.6448355293189181,0.3247183436801109,0.48542117125267303,0.6298878212718027,0.5339129866442462,0.6909105082035882,0.5195055190939168,0.6137741915667831,0.8733652919050758,0.5713817667928396,0.6727407509526238,0.3372274737207679,0.6895247859537008,1.0312865208201707,0.7150326080289222,0.6910293646473296,0.900756375841965,0.8555907367941415,1.0872370248033771,1.376601412438756,1.0284076496943477,1.3218106725977687,0.9420655943014911,1.5593152631050842,1.2716379499314403,0.9342996303567119,1.5685195620570234,1.5018719562735132,1.29527380383802,1.5713371422167626,1.6398741038162097,1.8867812316212351,1.8663494707512829,1.3557206939191087,1.5743470523083385,1.786938337995176,1.5814176233129977,2.3206352002965254,1.936020334151939,1.579780094591225,2.1406467311876867,2.2974889292472014,2.1707886328302237,1.7958534748712243,2.010131838134413,2.1608771248790504,2.128399581123773,2.293654719722685,2.125480565672582,2.0809379473036387,2.417966090531163,2.575622339110957,2.004180935245788,2.457563561371998,2.5432500625584034,2.7807951014191516,2.5838097774614113,2.813959668170213,2.712978144158704,2.521312644303606,2.5181581595050346,2.7248038069159755,2.8129270787896665,2.929308661489216,2.5374821701798354,2.7330902882763297,2.9355493244240023
3.2282318496625706,2.8107156548444863,2.6938287604791604,2.5184816560247825,2.1626159472624735,2.01897896728617,1.9578555460535156,1.418065149431273,1.880466202307968,1.161251765417818,1.3071731884824391,1.2579196817828127,1.1759691288406113,1.1389830393781537,1.122981341022312,0.8234764013569098,0.9459356091261455,0.6972932279341855,0.8730725554020395,0.5879582366532166,0.2716445370063685,0.44698913232304527,0.6918339201340551,0.16604773595086364,0.544542499599002,0.22194759505101835,0.34578352962096126,0.46233865433488575,0.30953609942562466,0.6670348917247697,0.5008083315175451,0.3054031550120513,0.0,0.16053196618523558,0.5221354176434261,0.28276438654254044,0.37352912271350647,0.7773180348647575,0.3789916683564467,0.39122185234503704,0.017261906027027152,0.352476375991964,0.5410598449023674,0.37666463609829925,0.3896356271346928,0.37149750325320596,0.23716873570184838,0.22812399001668204,0.8095805935048528,0.5199705014936509,0.4730044899058896,0.4078102958406902,0.9730249787895122,0.6742094959005165,0.599232319518924,0.42866423892863104,0.8085794028912403,0.8562106974087289,0.9793040191844575,0.873737927227511,1.0087559182044554,0.47560469794836635,1.0770185733141204,0.7555673614874721,0.9441894888149651,0.8032989377393864,1.1058442969218447,0.9155249968858339,1.1135357170439004,1.1710221744539488,1.0356844392363413,1.2343617121696528,1.2211373587909033,1.3490053589175002,1.3971738166779897,1.631206160385803,1.2116603675415476,1.8026173219953865,1.7715345864045826,1.872442426793345,1.4006839530141129,1.4667497912358751,1.8110470616260521,1.634924504263438,1.812905377759762,1.8190484208181026,2.1446777169302855,1.9679551336070809,1.8908914718316687,2.06179099618155,2.1256628560841015,2.1668852223263997,2.093378889865427,2.184426387033117,2.258237787698544,2.282690364835762,2.33215278342945,2.3032006150891853,2.4447188679152063,1.5945938780335105
0.8716343459020166,0.970175356680187,0.47733600249283015,0.7560244045682332,0.5291496053127176,0.3876859252145266,0.5866043511729373,0.16121102177393354,0.6962939643496302,0.3902979859456792,0.585788782703279,0.21965309382449405,0.06204898976306161,0.2528139272395844,0.28131737563419534,0.1273674713341073,0.29880538767931064,0.40143993222587326,0.3902803579231424,0.3772769918041856,0.3150932878469277,0.43473873875431046,0.23937026136829687,0.39292873668610007,0.0,0.3307236409240115,0.09097452845628773,0.3009147857144825,0.1236990015006203,0.3108633696968539,0.43175223824177955,0.03418040361795249,0.20417070843552843,0.47106274071200005,0.36599016228101,0.6174112385609138,0.6947661350647163,0.3579254225567787,0.5809863715022896,0.4257773608112849,0.5790916467343745,0.6314556589825386,0.2590741881724785,0.8877360056666674,0.9237848358002836,0.710496644524456,0.6802187160132167,0.41933907367481815,0.9606013622860061,1.3772341217615427,0.8555401025890141,1.1075842144409407,0.7981974298612897,1.1153680251666351,1.1353730429795696,1.246908689818433,1.3816799533755741,1.4365894009772013,1.2493448540199417,1.2782573325128084,1.3563920732832067,1.2622971010562836,1.9131325264099495,1.423662592766,1.8031082930932847,1.6425498114590802,2.0239345774370427,1.9828613906358576,1.8585706152015007,1.7140656730686565,1.9433700155247067,2.025896682955171,2.0167351968594645,1.8087431491863626,1.863809296146993,2.205431200428283,1.679207222768774,1.9743461952646086,2.44390373295915,2.3758429116805075,2.328159306800149,2.3265849019286513,2.617937655582743,2.560100997458324,2.7259116342419,2.305051412209984,2.6734967300838264,2.6122925473282876,2.8814899860015437,2.6317631812562823,2.655760387690229,2.6186344214666306,3.115003959535265,2.9896684125342823,2.6777471558361228,2.759274765479141,2.7876614109156677,2.9049751593095934,3.0895333044969497,2.9842628104480227
3.042687222576104,3.179501012300582,2.524099627494097,2.4579445644589146,2.1312016030371996,1.9892857064040665,1.852152600138142,1.7014776102400706,1.7974737154025373,1.1570121747062334,1.1642409458309917,1.273073016460339,1.0167384534414694,0.8470815798525315,0.7216716723376368,1.0823166506973632,0.7915660587629283,0.9442637449758493,0.7106493593195395,0.2911169990959408,0.4335567041966666,0.23078885209957356,0.5995018381384973,0.12599212309814511,0.35925007110798823,0.2822696345241962,0.110535258971737,0.3952538309399909,0.49796760335889445,0.3775558267289547,0.18193534972941272,0.322516933965046,0.4117516296656625,0.2845785196753976,0.01491995459237927,0.5040589159445688,0.2476112608910892,0.5681487531686287,0.5310924577887697,0.0,0.4666525373403374,0.5085533798024056,0.3383523455773858,0.055483624303189316,0.2414893190714711,0.43279235883656497,0.6463194738276155,0.8508574017608819,0.43848388138810357,0.5060694488281001,0.6282534265590325,0.26569138206644816,0.4689468865489168,0.6127088262791389,0.7218899220860511,0.7090906909079404,1.0452455894631676,0.8302249284344239,0.8375756455518601,0.6927194104223631,0.9799473248750985,1.0334638381077248,1.265921206292079,0.6624391163427035,1.19445515171647,1.0150812415421324,1.5685877374905726,0.8166476526434128,1.4688332291839057,1.6818363351063343,1.2104236287347288,1.475846218749533,1.4977334470816803,1.353099779074542,1.584569207113132,1.3459280718175943,1.8316659394496408,1.778724687686621,1.7172754793268705,1.757471576999622,1.8512528779750834,1.9598706541861777,1.5433044116346455,1.5615056573566957,1.8679699816884554,2.0638966997358192,2.0759964670087765,2.36251650297182,1.8172365414797955,2.136931801148142,2.4455975174313895,2.6922222112267615,2.3204240019602,2.2562489450223406,2.409825052984546,2.4292595273024755,2.644308083383498,2.7619459496724144,2.5657759579759176,2.882393780150375
0.0,19.474725130398625,17.790683521620927,17.434334924186473,16.933606624251397,16.55557376972262,16.233689518158144,16.089607187671596,16.053707916065044,15.417774478350772,15.55751887657038,15.222779023168245,15.007701178144611,15.093002199803312,15.034190656592,14.85262536368818,14.702411185834423,14.040586323877205,14.330310867809974,14.075055590749095,13.635718426069495,14.403281527788579,14.23190001617248,13.927962022137889,13.922119176978901,13.67809475348013,13.5627119980348,13.710402024444388,13.547465809781286,13.365823736177456,13.95867495836657,13.58233606730599,13.699194193392412,13.59026284029721,13.524711441126616,13.53963249479814,13.800005899095844,13.5456251568418,13.823676759383302,13.72786379238115,14.047815277462743,14.158054067892337,13.94427008942471,13.643983908265794,13.97092720422622,13.592829989523791,13.681836746208003,14.108813185094458,13.817506854549098,14.234521128971158,13.754714008861168,13.944532631559337,14.260437358535548,13.90421789798607,14.11322051359871,14.544992996578289,14.346914159926676,14.029892812421064,14.36467560360149,14.642627446947106,14.593142472304134,14.774556564862827,14.868230383838775,14.963052514464893,14.597272472589669,14.78250354547175,14.677609582684234,14.757742452329863,14.958943676452353,15.235793804671921,14.685056768623173,15.373627328806899,15.345952773308017,15.218016469650511,15.107489879135027,15.572304836547225,15.208773449090184,15.427397938823297,15.353480090385752,15.686513339205055,15.792318216723823,15.433735615556358,15.525351551118373,15.483680576987332,15.80660796129845,15.721973686000142,15.832868650241007,16.152071656182336,15.616150721515703,16.114463297321002,16.35553387466114,16.034130653151813,16.200869865976337,16.31176525697257,15.970878566147205,16.39633839429083,16.15174611424952,16.313447611024266,16.263997945240767,16.072140049626846
0.0,21.343041492131405,19.447526448123682,18.966086719260872,18.56425352308643,17.76132732589204,17.742684143013413,17.45189061512136,17.208732549212552,17.06016792607494,16.776502996101158,16.641186688693185,16.694730226441617,16.576590793754267,16.344968897082488,16.30451499144054,16.524875246948938,16.159400556608343,15.729909659183503,15.773664981517534,15.422416876799108,15.777464996245817,15.613377794254497,15.93492069195975,15.619764152304585,15.924706978464352,15.368579629138239,15.648867508876927,15.37719885258641,15.019130156058873,15.46571323069969,15.054503191835096,15.345425611081536,15.270143162934408,14.818808112200148,15.429829060898,15.21298155720726,14.902504712425028,15.029402697481558,15.672427227341622,15.188317892999182,15.44651700696061,15.139560408298577,15.419257856233358,15.401352630739108,15.365384645692162,15.250265215969437,14.88545836883481,15.26462582423143,15.85475785207126,15.262827389389864,15.823467890782913,15.356120483166904,15.503645990876787,15.417494101176738,15.841322799221809,15.910283425502069,15.493221923907358,15.400896283632267,16.21857224399409,15.717340153563194,15.881756119275863,16.206355142424478,15.938934074605998,16.43269616418921,15.761764446149243,16.163375343958,16.086328525285214,16.304296779676054,16.503596515338593,16.517653744646495,15.959778205422015,16.131889291487962,16.725694560035603,16.83414518048603,16.610536472319197,16.753058721296323,16.77238687356617,16.8524280006656,16.693930151064777,17.020679203112614,16.905163203806797,16.582639912166844,17.321700634570153,17.01282457027009,17.05800448357566,17.3952696820798,17.312706390829323,17.154094672057337,17.382994106094266,17.638820131294384,17.453023269067558,17.2182900724252,17.945635457235937,17.463645103516928,17.76355170071138,17.595719167751028,17.699726219771623,17.78898602896423,17.743537849943923
2.251192534268263,1.6855353495541614,1.9508759852867747,1.714527443233166,1.6898691017707073,1.3868091167679601,1.3476808132070701,1.1364509553991056,1.0866608758711322,0.7848426033310929,0.7920985694114222,0.5017990304084883,0.526348790081105,0.655753499737262,0.2738713681556426,0.5691086626201525,0.8142512152022263,0.2502030859180593,0.13657742102390102,0.3405744481744648,0.49175293868882264,0.013957039560732909,0.09561481932771088,0.010925022524190808,0.6215853692013873,0.21331969420955232,0.5139972508282504,0.2618496798967094,0.07749231372306653,0.20388200081269403,0.2616686535232766,0.7055565103770043,0.33413732831927234,0.28979998705733934,0.5055445290724556,0.17917332315072798,0.33811767450070107,0.42830444613963436,0.14996885435461493,0.6361617632329128,0.0,0.15629843521478293,0.5442092566882906,0.27886564398378155,0.3633674970745737,0.7694387865690189,0.6355234267009529,0.4114560696018934,0.3438317301350793,0.5503997066235193,1.1437857026836298,0.3241935647063272,0.8270534641811302,0.6692274031608214,0.5379333354121947,0.8335542036717669,0.7511400289263399,1.1444289197991395,1.0783304993679472,0.9978955807320702,1.052452489913989,0.7817337308819923,1.1832967470627231,1.4804727826888566,1.1400251309543066,1.0738981500614884,1.5342114016994266,1.2566664398366996,1.5158070155146888,1.612893318793315,1.7135066748225896,1.804040720553381,1.686830632653983,1.4491128068136696,1.6513090036811064,1.8459359735927023,2.1461108087970757,2.1026092832752035,2.2144690497770334,1.8632019434920508,1.8444398288252941,1.8172162891913395,1.9787424023474536,2.4098127067377177,2.2638922067977383,2.2121610245265693,2.532405436333029,2.367401411323126,2.383817859395542,2.6779643344172825,2.4515166139388533,2.472648234349041,2.496531814445568,2.67474296844431,2.6237256050230826,2.892531573579074,2.369558897922385,2.6182975819404,2.9103022117819073,3.0220598329628245
5.56522782002704,4.358446527048731,3.954589284260912,3.179085909639241,2.7211748298075484,2.996696746368759,2.411371465920512,1.9685766854117386,1.9318180428678637,2.2898712484781214,2.064010184861651,1.7586863932864585,1.7128510398144137,1.3714927587701542,1.0271535422268698,1.2456781631688347,0.5801707121060176,0.6282114791338174,1.1271494973457798,0.6976635868104424,0.5856474356637946,0.5916745784779565,0.7880038074931672,0.2773762543789129,0.3873312570347345,0.34467480888659807,0.4520960696059806,0.22827634840440858,0.5219618394505723,0.11954576811399065,0.05771778156344176,0.17039566364436176,0.34525989139093305,0.3711224475438879,0.2700550376892483,0.37486175197779303,0.11193232996375002,0.5593500959701121,0.13294903399158464,0.18342082376921454,0.40993326127231455,0.223185341325026,0.18059639653147386,0.5216023680222861,0.0,0.5730796814193599,0.41325452194214485,0.6167615456940805,0.8626727743017604,0.7632489758787155,0.5093203593833735,0.8811459137097515,0.7412027765146121,0.9153391199993361,0.33323914640158137,0.6784678305301686,0.6557819573236099,0.8822509578637554,0.9068191990655841,1.0722295275846747,1.1519193763207074,1.1284960970477105,1.3373740121414617,1.0940604165561236,1.426598170698984,1.2233141203016125,1.755440662357577,1.5786585986837895,1.3169360712269231,2.002376559734616,1.7972410254877182,1.484587779033257,1.6774210756716812,1.53617010654464,2.022252015753475,1.9280157063658887,1.800832770267876,1.922945132230046,2.110252450456816,2.3675095708013725,2.052986220742527,1.9374865110350754,2.3550524000292743,2.574552439009338,2.5178546664377635,2.2614737600598147,2.2375654289015117,2.1626473649724876,2.505959963771465,2.1614047408216024,2.7243876318640226,2.8684794482965046,2.8172233808731946,2.8555280314647966,2.7999929542077773,2.700503201055149,3.125156626277981,2.9007217614553795,2.889709466288192,3.0226474859933887
1.9975965739213404,1.8160728668527835,2.1174404710787424,1.6953292359917764,1.3159412941712034,1.3973799437530925,1.5212198938909722,0.9139733122609552,0.9038754674692928,1.0460924831997378,0.6765113269463061,0.8631229882240596,0.9151451549353116,0.6296523445624107,0.26516038469838143,0.24135579778720562,0.8466918403460486,0.0,0.5045158365201221,0.3370188496561326,0.08257406327793504,0.16734280545124314,0.3033285789019171,0.01460739622371321,0.20038829385544688,0.29024588463832934,0.2610570787602917,0.1774460413497838,0.40921447903813757,0.4319313044130002,0.5307588822482288,0.49886496149573567,0.17831421458769015,0.2124331982400136,0.1830486286218207,0.06492979220916695,0.3258241205604957,0.2277772512122347,0.41512681191873746,0.3182471905312756,0.46980674274800904,0.6466326156728055,0.6130395614335544,0.439156144656323,0.7871044121912139,0.5815877385297732,0.6370240131246963,0.7122599749127598,0.839695491591467,0.9217128324012389,0.9030887049454055,0.9375563625722023,0.8339060379753871,1.2206294637989128,0.8510283863540256,1.132889272631564,1.1531367387094402,1.2349291520541499,1.4004861567415006,1.5447608148169873,1.4458252374152991,1.2923668284943375,1.2860993810397368,1.5541598121307079,1.4525053696003294,1.3959293616916675,1.5041887475342577,1.56295072433376,1.6305344479126376,2.0826232410145504,1.7677493932776347,1.9248783150279767,1.7890676637790168,1.940596365169208,2.1942078988465052,2.4602883960047297,2.4837712130132505,1.7038681299359375,2.2318765353275705,2.587033237034385,2.206802307069564,2.2302511535631293,2.758684773672231,2.3205807454624736,2.8394481120131214,2.8842992175178903,2.7410053874068563,2.4825893131431993,2.8111774211268266,2.759996113105453,3.1056490907874252,2.7693585938827585,2.945296590284764,3.01727902801524,2.5357207093577916,2.9325569216734824,3.1543702918583296,3.1269935652708707,2.8337609561515276,3.4270222785598126
5.16541620021831,3.9829417118796187,3.5189177481022007,3.382627997421775,3.0579748836553335,2.7531382462137017,2.2560069616466834,2.0033737001146648,1.9462758512352778,1.7436001410387316,2.2045675089176733,1.636766380853496,1.4691369047064438,1.483045085102816,1.1438447220326928,0.9700589923469938,1.2843406014910332,1.111629569334541,0.5221513920082632,0.9807751164170693,0.7146500944652789,0.5467759232976483,0.17271975101053982,0.7661295083639192,0.28073478968244103,0.5834065565884696,0.7073934588924509,0.28369230069565,0.39605116032755205,0.581100446964447,0.5237027639025129,0.23587307800369395,0.47140061470765104,0.42352735878372627,0.2602125834614739,0.6581420966343963,0.6477845245873457,0.38947056963129967,0.16758054967395175,0.7319352489727944,0.5450579266549713,0.9437321831024263,0.7639338022276245,0.8497804865944669,0.2896813344785656,0.0,0.6777871365388393,0.6136628295379456,0.9917724365161042,0.5161278960127937,1.0185941106653313,0.7528371203161157,0.47690879171084966,0.8358631145964228,1.0280631231477972,0.9671208376527431,1.1525045828937728,1.2312384298203227,1.4921430142393408,1.309949299635825,1.4793677307505568,1.6445008700271924,1.5289715830895645,1.7291688650392292,1.4254508218216984,1.7977734474260423,1.373843639538217,2.0104732282820628,1.6382797327496625,1.9117169135616585,2.1324020072855596,2.0077483566865517,2.2704934070391296,2.073767263573222,2.0577856685804328,2.488635007568776,2.29271909102561,2.788342986447427,2.558423655110582,2.5064918300860874,2.2436423533492302,2.590877867651555,2.59718791700101,2.19386035155984,3.005266237923294,2.6018456584976004,3.073500577446687,2.867229176187111,2.4882433605955203,2.7980020602821103,2.6411166305280425,2.82089196309998,3.3294173042959727,3.291530971178471,3.1114121760129834,3.1149852948347707,3.179002293551118,2.6935393025010974,3.015966574215174,3.5677111983185803
4.024387250854934,2.650930589344812,2.7808109687033866,2.4476069805001135,1.896664248728042,1.5424563573535242,1.690962299404907,1.517374693729284,1.098723535141561,1.1437980466199065,0.933922462107482,0.9833343725587991,1.101275652316664,0.549996721932974,0.5074268722433786,0.38986827089065734,0.6204431895079843,0.47536709724673365,0.4163161689116688,0.3702102812638248,0.3626570950059964,0.0,0.4325223102275544,0.20958270188912032,0.4239842361798498,0.1604549850067638,0.03869347073720952,0.27509054759370954,0.4179345956462033,0.07091892643546238,0.01876051085273467,0.22498610102457306,0.005336328211832608,0.147759089130572,0.5276707690101521,0.2106505208153937,0.3883764472702804,0.5206393684607953,0.41269718976219494,0.48713858202238036,0.3717202802555466,0.8970890978577675,0.6934974952314761,0.7789931420974021,0.9855975801097969,0.8885094298005551,0.632743564401089,0.9220432750890364,1.1314513678768314,0.9734651619829027,0.8068766397331206,1.2642558065060854,1.0933448936623726,1.4102002756655097,1.7035526465609507,1.5739379233919504,1.8051415141819813,1.9559986764558257,1.923634775982043,1.9441532336285317,1.7716115044552172,1.9930514348309902,2.204390235669843,2.2550957508984535,2.081463355799988,2.3618945713343376,2.043435619264544,2.713264026473519,2.4988717846590642,2.7654909392739224,2.3189863940535798,3.0338272391945313,3.0155083840350247,2.904287352731737,2.486257772095458,2.957728392082485,2.928260055519564,2.8088197973438493,2.925663681121902,3.4106177713887984,2.8105950498787475,3.067825983229083,3.103648432445569,3.21973754063381,3.307094753700655,3.472404964370474,3.2306118036754956,3.3870188430413872,3.5043756073478125,3.653314563170971,3.6723272404671032,3.47652628978995,3.3098040779475664,3.3311515564341168,3.436594330935497,3.3167979772387017,3.2853215581971167,3.670973735353046,3.7093991945725175,3.594243302770847
1.9186872568651214,1.633956064148137,1.1379066302649257,1.1330682150935143,1.3121446598129243,0.9088754839297426,0.8463739820991449,0.8043435372479024,0.7699702004414828,0.7622261498986003,0.4986787069174259,0.5663372445767951,0.8541509885387395,0.5428689266357036,0.4655530725547834,0.30487853429244005,0.37791276210413827,0.2648694129735194,0.6352460537619855,0.5599537532079619,0.4293760738662975,0.709975732181217,0.47766157896333716,0.17676713796705812,0.2971255938353554,0.423822074096746,0.4309259081160217,0.34200410409251525,0.0,0.02796545562340924,0.026656804365480014,0.37782645716955443,0.3952174772820207,0.23314843154395604,0.035948447591671595,0.07661371764520908,0.6966018053393785,0.6222322887303449,0.3093595354890013,0.5500526313658067,0.6795676150747063,0.7553809037957411,0.5255677505025371,0.3479062242849835,0.6408351787863147,0.4463454437621781,0.4987348552760178,0.6539693689816666,0.5735375389927153,0.8632261242242958,0.8240700639050988,1.1732127694920305,0.978960535321546,0.8152881754876784,0.7540853883965308,1.2689925211903788,1.4188046363543467,1.278525625693927,1.211829763227037,1.636578291203083,1.816898538719883,1.5429591541419772,1.5771366862703324,1.1451762351454366,1.6130738556895512,1.6323182082083978,1.5953295835802646,1.6524603367501793,1.8590379795339178,2.132002740364504,2.2151474733123298,2.098944649279902,1.9690262479991052,1.9674693252190494,2.124701710277815,2.2667623460799664,2.216468243760483,2.240901447194064,2.3413877792485014,2.4130366092717193,2.3149422914943436,2.4174215672808312,2.77964192696742,2.0265129266983894,2.4138862960253835,2.6258398259877413,2.987185276454456,2.7052036894772318,3.064227774552693,2.7538146350673056,2.6736399631137164,2.5757106845158884,2.9903340850645943,2.733204973708512,2.95098486569845,3.126397647347618,2.9466070079788533,3.01832900089269,2.9955639534344467,2.8382496622592246
2.097182888940795,1.6713856412989685,1.362785365079132,1.7020103609737625,1.6214638949761486,1.2674812377245654,1.1915357207157182,1.269145378061232,1.0261134023627712,1.3196690082708091,0.9928001874626151,0.8465485732947897,0.8091614941875989,0.984964350506738,0.8069394940387884,0.32915245992431075,0.5263372480732755,0.5403884676653732,0.26864953563802096,0.7159781822392066,0.6885749057977364,0.6035562829779213,0.2827935622500277,0.0,0.7845536521943863,0.37011540919170294,0.30295798292855736,0.789348354055253,0.06090865332942208,0.3982598949410505,0.6618224377748909,0.593185967945244,0.5240720842517348,0.6874442773562208,0.4873642190791063,0.651892843402818,0.38880287949467096,0.5243213211400377,0.6391287797751968,0.3695882620539308,0.9614437468768529,0.9191537896830297,0.5087484658304184,0.9106273277488572,0.7018274746204494,0.688217912438521,0.9637069109776562,0.8472815294573852,0.7830575971057634,1.2294954693724431,1.1477660567990018,1.0828257545472564,1.1636296496298417,1.330763610636085,1.3536996575897486,0.9657671684664333,1.1573733456523225,1.6591291983488077,1.5583167814994496,1.667067832416997,1.6090721380440645,1.3425641917478952,1.5710653492224225,1.5647103708170569,1.9023829574593183,1.819473482199088,2.0858998562312046,1.8400076718620273,2.2877384884354814,2.037450393945532,2.345656376581074,2.3174220506894336,2.161582638970982,2.1082643087705684,1.9272027559761113,2.4907192244438807,2.7365659786886773,2.5228000773135353,2.4864879309122276,2.400048625847635,2.7297295977113336,2.7678370758803705,2.499526472258978,2.3030305785965997,2.6499918322385945,2.769125113749551,2.485734865308906,3.030178364827197,3.12168041001555,2.509522536374968,2.6035271942427425,2.863193082931385,2.9935710826595248,3.0340820066376395,3.1299049847317875,3.288230395924373,3.1550418594003773,3.1988325963091064,3.1284590607054703,3.3103496164095993
2.275065874414265,2.13889864001092,2.1807118323847785,1.6878043604023443,1.8070451868669917,1.5805659308457365,1.594504132001477,1.351001996195487,1.3902278251734153,1.135663158012406,1.2109018900495396,0.8225150875325422,0.9451319740310442,0.5597649709214938,0.6617479434699867,0.715463320869512,0.823137305880886,0.7441549271582026,0.29197157015980757,0.6958150462601989,0.5510044665103653,0.3516637580474544,0.3905416611905146,0.0,0.6158295476769062,0.17787137769708394,0.5466427787735242,0.6340131208210682,0.42704529738221275,0.7187368982274993,0.5259059719262087,0.5332801809220573,0.48738907385721575,0.24496139627578373,0.4792572846781322,0.5780581995791003,0.12151575356323185,0.24927114528088445,0.65528280470269,0.7806453239699547,0.4730061691707803,0.9743008795110857,0.7869255593988314,0.5988223639531043,0.6178188130925335,1.2575432593476599,0.8768366104395469,0.9947643895658711,0.8657820154014466,1.0924938191138835,1.1790372555944302,1.372057895941838,0.9365679296138119,1.374469665779035,1.1177909194512683,1.433520898248343,1.3563747679978313,0.9610597339969811,2.0063370197802683,1.5842356017045844,1.4923642436943094,2.118976667774275,1.8936670722331126,1.75799755825828,2.001881612207237,2.1647454933885566,1.8370008878410005,2.1671700600342287,2.41978545654724,2.4118681994017503,2.199382854306849,2.2265937510585836,2.0395840944902,2.384439424497595,2.4454216594710427,2.415016948399824,2.6283826780806514,2.085953697896713,2.5766556190520635,2.6652862646522646,2.331304840315669,2.3799779768829463,2.868832109699083,2.7929205093134133,2.785536830794163,2.903514068302547,2.7935256091402483,2.8108574144828697,2.997451852606792,2.7269754441883745,2.911582305198115,2.7164932510392195,3.1642181330747317,3.3408648109930024,3.1331649276511637,3.1014276921959816,3.230103750415404,3.55967556290552,3.176524704372804,3.4453213774312186
6.436317913068585,5.513152091596822,4.756144819779262,4.0036473260345495,3.4932151461997023,3.085757069938161,2.696978952045855,3.046195210191044,2.735905667449435,2.194348488510432,2.3049305446545354,1.6781482344883312,1.7866691821931617,1.7775224916403918,1.3378753054414414,1.3642523148073487,0.8930943684126404,1.2684398008391664,0.9847736373531717,1.506929930344782,1.1855089127393459,0.7170865710770631,0.9202730489926356,0.899784170121837,0.7814137914733283,0.3031993143453455,0.37113239287641697,0.5025907278733914,0.9534861568851021,0.7413449826669805,0.4412920721840319,0.39311945029107775,0.7767773347861748,0.2984561314385612,0.45728961565983717,0.5475134187676538,0.3894267705657164,0.6937609157815849,0.5351896470045965,0.6443114960366128,0.28409796876814397,0.0,0.3478934712270476,0.5290330323009496,0.6247958463136296,0.46516594957569346,0.38419777473752603,0.37580378077697496,0.617632676677152,0.3817388033776421,0.6645413956205317,0.7799708110886279,0.5421315224076171,1.0170790252007293,0.6142210684730696,1.2414101992397875,1.1318505734615858,0.9807881475524312,1.3365534044059544,1.2589556237135842,1.2782508327666324,1.1777340011710002,1.493236545572925,1.5326088991346438,1.72912818013282,1.8964069261046639,1.6531299557844363,1.8555331768560652,1.3783061478325394,1.4239347023431481,1.5319970739980775,1.7985130659658513,1.7676078363902974,1.8408591963933123,1.8333157841874819,1.9866621442128167,1.8865422101256222,1.8245402566172881,2.567823487337284,2.0936807784510396,2.2395243259454407,1.9717286838056065,2.5312939132031644,2.3310891238513545,2.4045509545613015,2.640699343931619,2.7832595861832896,2.530391092036256,2.2982001882908527,2.8792080513531637,2.282424899318798,2.4592080976106896,2.947278829848127,2.5583642376372318,2.987323805534235,2.662975604269997,2.883477054424379,3.0724360396051154,2.9343675973156564,2.9134596863154947
4.953919330021629,4.846723219621365,3.6909842496879204,3.123348408872131,2.7906959712376977,2.6345227676528413,2.7132077656038955,2.531693411125241,2.2998079618754392,2.2699649948308824,1.5824154769734715,1.6871892354282068,1.5888712390692596,1.511447751081418,1.336089772228144,1.5362466351701745,0.9545755325212717,1.0040814214621978,0.5929418342368464,0.8191150293406757,0.662347766751374,0.5816885820777955,0.6246790623382683,0.4509582599063773,0.3717537763948151,0.4353108898942075,0.6484926345845992,0.42270602341626073,0.4056997728773144,0.32971387540302466,0.03548200959143699,0.4311311050903228,0.004973482403855201,0.25658575551745066,0.0,0.5072582631016633,0.15106416035385806,0.8654781941819518,0.44017945777499,0.3890319449377184,0.3283737527971695,0.48085131191368546,0.3893491700755156,0.3562373032269228,0.3269735118813184,0.46529723201930473,0.3894522054454832,0.5950502020185429,0.6944931313400264,0.5787917644309335,0.37695274515830945,0.6402434710150366,0.7442591170742983,0.754958041130271,0.26840141612587054,0.5255361091488435,0.49255423381799446,0.9150420634045684,0.8484124259298191,0.5187171821541678,0.5706219730096453,0.7835370952684606,0.9222202873148557,1.1297121729891781,0.7120704083140268,1.1530165508637484,1.1205668610170427,1.0490723634291772,1.2091773611956889,1.1919510559308435,1.425860192189825,1.4429950845273876,1.1958741962772468,1.397382095050924,1.4153186713278174,1.5741228345953715,1.2862399820893433,2.0083971410272117,1.7820120567133042,1.996832315511801,1.6666444551771384,1.8135295055966587,1.5374954318084235,1.8305579631276903,1.8300996631119517,2.1759712421138993,2.1512386888390207,2.332517775918502,2.135298769329646,2.4394530218982897,2.2597165506540726,2.4368796657779868,2.4965143102722056,2.2403491380912968,2.7616016921183384,2.674927516494554,2.7611537105441872,2.414503830622122,2.5373088270570694,2.9691300885631815
4.045483949154878,3.5584311262342077,3.272431741556641,3.2310731276520848,2.773695208769823,2.492646316677785,2.48146787637722,2.1344052281771972,2.302724056040727,1.673305154334809,1.630266673794102,1.703911682004465,1.733259330619175,1.2333244090215718,1.3399619586962412,1.0553813365244409,1.4288020387577571,1.567479224824604,0.8807510086807699,1.1538201152178953,0.8843604318321194,1.087087033108899,0.8424472110425771,0.6477168829478579,0.984089921919411,0.6030269347732489,0.7764745666618573,0.4873258901024595,0.8968454133851402,0.41888081039909864,0.32708106840683016,0.5666177353846287,0.35613673426841963,0.2975741234257754,0.7946995096948939,0.415285486191312,0.3423005898806366,0.581776296581177,0.0,0.5176570633418525,0.4753972464279741,0.34139012452565787,0.9092495441328339,0.7079496212371232,0.744916875244547,0.6145439082223021,0.6902760455695098,0.6602557675045144,0.5700396330081627,0.6364414219859231,0.47644363880760743,0.9079972395483544,0.7195993393135716,0.8573591689705466,1.1100102431341536,0.9944266988519317,1.0617918974292255,1.4021235591272738,0.9130142659827118,1.4023905129481715,1.2494670425478525,1.0525830844680364,1.086586325133469,1.2242202533380162,1.5891603689221778,1.753024650692815,1.581499635913369,1.2245950260082132,1.7940307303559422,1.6136015909276509,1.7978145232647638,2.0128933777780524,1.9705395163412085,1.8703676121157713,1.7685619068104135,1.7229866445801232,1.9422348492087718,2.1197118427207737,2.027015757880484,2.251226971213594,1.97099192504108,2.0413808552757793,2.216295413138024,1.9138155172161433,2.406716139465132,2.3285525774886473,2.7150431468357787,2.802650815094051,2.4705148273333464,2.5259275981242446,2.7930306266974476,2.458683465564615,2.5728233722949057,2.6351585145522023,2.622639021899996,2.9436482437263187,2.7446123310211448,2.7496302649904223,3.064299011461358,3.1040392079663803
5.0858187127905445,4.676834707205252,4.3579194077649355,4.2558149422903355,3.2690874185505656,3.642174860420205,2.692672646759494,2.4154422524495693,2.5421390520237956,2.235448909309042,2.168963768965405,1.82544437517425,2.0145810731151883,1.4341830557326816,1.5695058609771166,1.1362607281527737,1.215250312209747,1.522903781308834,1.0126719640670458,0.895393053937692,0.8771786004983078,0.8189476470569268,0.5595736408659171,0.7106499221669189,0.5253093349771571,0.29327082435459495,0.2391648656163099,0.39344068281687683,0.6287309691283642,0.16161093812457672,0.43106661724477036,0.3063439332448894,0.605736134104804,0.2164438445859087,0.16759307954151836,0.0,0.5557740636317821,0.4031903936398784,0.511085723069888,0.4453469246292876,0.6453328221031214,0.6580659656626704,0.1406805710197716,0.3582431105694326,0.35910306205761167,0.04280670169424816,0.21945063831653933,0.32151505650153034,0.42595359187730253,0.6904328010394156,0.5148831303930237,0.8846880061393065,0.8331563610282515,0.6371784713267008,0.8285598835316961,0.8457557743111792,0.879142594929462,0.8328153474198885,0.548817457465784,0.8158267424957444,0.9618068687429293,0.7043674858562294,1.1587512796072836,1.1090752815716343,0.9709491473986986,0.942792970907437,1.0552002635933988,1.233969571548517,0.9837793495200735,1.3376434564724526,1.2031929480817638,1.1363185187908904,1.1628616733069563,1.4990343778388997,1.8534527824404528,1.3478643832208377,1.5802493030081912,1.5477278326223924,1.613488399333697,1.6919956058825356,1.7446085020089335,1.9386748309494273,1.8986418936749523,1.625134551147493,1.6284994414073424,1.7508251047784853,2.04844695817026,1.848756160390149,2.1994357948174255,2.4615269250152103,2.4697917761622428,2.272778366531387,2.3131871935532544,2.1909299615789806,2.6539700725083932,2.519001299258054,2.4323782759476167,2.347957109534022,2.5049475326530413,2.5210918648569525
3.147090503260193,2.8706757266607337,2.4403921957493875,2.1198035236920685,1.9486789137178206,2.0477552117691165,1.8467614198697415,1.7932992923586077,1.4650866750620146,1.3150050810151814,1.1325892127302843,1.14756171731171,1.035382691937766,1.1819318282221847,0.8371949787155231,0.5941604755553485,0.3171482065133713,0.6535993601035894,0.6238262298199313,0.19634003344200934,0.5360348293115536,0.3426850767950196,0.5424368511037798,0.2579673028960219,0.6926257838372347,0.7383116298188224,0.684899251828309,0.8508014896046117,0.5251580461404917,0.5633347966575055,0.21557435061186858,0.0,0.44468958170490325,0.2513304541938268,0.21592343569292893,0.34453622687469654,0.3764152081765424,0.0698838650984186,0.24953696511859036,0.3186670331560837,0.5581589561802627,0.4300385694648874,0.42858972473945656,0.43418444810859746,0.658794285687291,0.4010385810072208,0.6934107852939118,0.49937106596087943,0.6554378040400852,0.5050477754462648,0.9718238473297003,0.5927214303886128,0.8947333984298318,0.7023829946898896,1.1215153545127183,1.1803826106424218,0.9384310676516385,0.8401889702723064,1.0552677261637768,1.2498599902594734,0.8945959595492834,1.0800626260218351,1.3373935773792862,0.8318874355329715,1.1139867946445499,1.4148697917120074,1.7586406139761745,1.186462162405757,1.1676940882930165,1.8326934115385285,1.5606816444864187,1.8956077569058234,1.554532131567024,1.7674051360661256,1.8284630272873326,1.8466791250476895,2.351634818228556,1.8525565888926128,2.1835333326065793,1.7878521947761215,1.8060910468275608,2.1031009444706648,2.1157322675562114,1.846580955115316,2.269868977288736,2.0920015815720134,2.435016472562074,2.2074525084033656,2.228185084483954,2.4556545835414507,2.7670131799536914,2.664337469192999,2.334969895904612,2.661696513844065,2.2591359014280226,2.752913369711985,2.7474633464007976,2.9139011600708447,3.033236423344304,3.030754455636897
3.5876316570331888,3.5321510340581455,2.777819249844427,2.6972124631697234,2.4207153501001883,2.2826384739367676,1.792115905424268,1.67345443374405,1.804490023249599,1.6029749706308571,1.4179257276312143,1.0931022604276492,1.2354980874214103,1.1947483655276034,1.1328929971306838,1.5240087019879578,0.6271012139930789,0.6670396791734614,0.7630352047137521,0.8305997643583822,0.33808517748148326,0.5660396021140919,0.4950709858434781,0.19652854355603644,0.7560327685327053,0.27803092528316675,0.5305278292158206,0.1018248863492115,0.2262571990782405,0.5419025723944397,0.24556545749027592,0.2632210656426235,0.0,0.33227727918760763,0.31776830304664117,0.4617526417530371,0.20021190832951063,0.6105619894435144,0.29880296570035547,0.19402325418477595,0.5214237990321937,0.7404955858721003,0.27655404579252263,0.6567739953565237,0.3728070134346346,0.421172409275,0.3062781302393436,0.5165862342934062,0.11573820638419541,0.829442604947495,0.5403360035967015,0.4055372138463884,0.20276051146304752,0.2422246688744476,0.43071963756892195,0.544137194452345,0.9615787010954158,0.3614768535858346,0.6480198624250111,0.6694613479303424,0.38851367454793895,0.5132760651650479,1.066807707569195,0.7660570200798524,1.0491870851720648,0.6389476912902801,1.3241353797697393,0.8062322235742112,1.4977703276860534,1.0508828095097638,1.228768604564566,1.1592603863643358,1.5086864927122132,1.3020087926173343,1.1541437891544994,1.4666839421146012,1.9000432588607818,1.6367810066910504,1.8404889798871569,1.7368800962317064,1.6734554610537362,1.9427213255546736,1.8731695494253842,1.8023217971156917,2.1321446866734632,1.9048944277795226,1.977541544196658,2.01807656262665,2.2237811069815194,2.1410384753980054,2.3752035544842087,2.646835495963124,2.6481494339421268,2.184412725476136,2.9255416121596625,2.365463073980152,2.421997130780575,2.577104554108036,2.7017934941823505,2.8536941868159538
2.6444446994509576,2.205492973180723,1.714246097339407,1.773370023084901,1.636254986064353,1.813235959474337,1.4432752801802344,1.0189657342969145,0.904936932063567,0.8865978765301215,0.6941166490526687,0.6994039708684792,0.5108628777227207,0.46601882415757956,0.2608750640853188,0.5297110424371088,0.4780733738150076,0.4898401467288256,0.8328801033910445,0.03361860968738384,0.6546123776406088,0.16922770372663187,0.28689543844255994,0.36922105581215625,0.7739928276158423,0.22699283088130784,0.150977931572017,0.0,0.12115531662518819,0.23367786669910018,0.0502672572824121,0.09691398982661781,0.21389873777738266,0.25703349012403365,0.473297668737386,0.6897082398495744,0.25102203685691826,0.4521747969413763,0.570013174007391,0.1647329104407831,0.42384465104375835,0.4425565243062888,0.28502456429681367,0.6929429592290823,0.5621098861969607,0.8042098140178471,0.7285737419041691,0.7664378295029479,0.7243868203701211,0.8080515631438292,0.6937359321320926,1.2024648271859988,1.0605844368548247,1.2231665918709478,1.2708576950307258,1.7687603179044267,1.1738265689797363,1.241421533940919,1.3161840654695407,1.787569866614927,1.05965945230753,1.278863990484492,1.7404367207684555,1.9453704305769843,1.8383486255664536,1.9851951213275356,1.894517586209421,1.936582360525959,1.6574173171948132,2.167035051534981,1.9389111250682944,2.3890430883304976,1.8187408253442374,2.3051883432260993,2.037316507045974,2.7939710012940395,2.4937224663637725,2.534823085646064,2.4513638769641393,2.342974948159494,2.4149774143212195,2.81924215651647,2.6837037219385422,2.5101133387301555,3.1406767710249817,2.7108671793388126,2.982153223765593,2.875706113982652,2.921491435960995,2.684345302128502,3.184610956026585,3.039395938605608,3.0822161521071827,3.0661113320963764,3.0344224296295046,3.0710463960233163,3.0180245342327723,2.7250137468795828,3.1319547951198494,3.6947300473552147
1.3627155462208211,1.2605412523951944,0.7088054964361525,0.8216390539745912,1.1359433005536683,1.1355237325456322,1.1051282055406002,0.7816588785569376,0.4451318887041822,0.4426996325160566,0.5290076226018492,0.5551730383342388,0.45060866849889614,0.6665401304529404,0.2657835031169391,0.43534654918936866,0.3135974613116943,0.0,0.15309599361057202,0.3415411550924734,0.09183135326253655,0.4137805762673672,0.25988756466439966,0.2145808973516683,0.3465995500699428,0.5522826932697722,0.08364927915165232,0.4371925751971819,0.09165353964896816,0.09143837129920307,0.5583189718901966,0.0963579473344982,0.21588480848120817,0.40909184117452213,0.22711845428901256,0.5671315092467317,0.6877279378081056,0.20890641844370172,0.42782341512631206,0.32312815953877383,0.29754240812744115,0.8172774187148697,0.7614030242249648,0.3713942922624778,0.5241273412138518,0.7057147706647697,1.0741133002327405,0.6040201749230896,0.47729071095144526,0.3774984981840621,0.8190423782818925,0.9820583090926522,1.1621291777401055,0.7038237934838936,1.5101148011409968,0.8890119552220312,0.9306625282339613,1.051080935114033,0.9548881132774039,1.2107843964719152,0.8757378364696145,1.4493131642128105,1.6449240643132228,1.157501853885119,1.4549317709530367,1.3105599533705092,1.2081862504676018,1.5423953507100379,1.7568882963522618,1.641922337943564,1.6339008890599747,2.1705218661158554,1.2907631389921832,1.5370320731408498,2.02356591701267,1.9905164973087022,2.0531397085971914,2.0397235642758407,1.9800963125764017,2.205705752454657,2.086274809950833,2.3953232161438223,2.2839306852121357,2.3448725742087078,2.29430739976233,2.348748024038274,2.4292747268840706,2.365639103834578,2.4032324388000283,2.810606352693892,2.4561199602028534,2.4649722241067487,2.800116333076552,2.7555854354554903,2.343094450659658,2.989123914116174,2.5947592553039893,2.850355583839672,2.73289469156434,2.7436453357328716
1.5124288726462005,0.9680495930833963,1.035232072583474,1.1275318333301332,0.9307996407718395,0.7779194296860972,0.7797178204106601,0.8295922083138692,0.8468562596625944,0.6817518795780746,0.8552964739125652,0.8998007805838881,0.5513504663257738,0.6905517643100172,0.6673225179413524,0.6346371944547737,0.43167899280129696,0.8014003381659904,0.0,0.1918121216984936,0.7057754692917761,0.46274602935956644,0.9542374468646084,0.6805052155313049,0.8943462554438302,0.44445538503161863,0.7061467471751062,0.8575662681194682,0.44782572963949185,0.5761668956541559,0.619813198004044,0.6736755078482357,1.1308422171843162,1.012759045749208,0.75840149201413,0.9029788588372263,0.9387948366697021,0.8434929147943411,0.9914205542976493,1.3376613585183463,0.8710705737522417,1.2385853380367546,0.6829907952926675,1.2701437597413605,1.308052591729135,1.2220265097570007,1.3783017010114715,1.499872355169293,1.3673563616288522,1.233815533871649,1.725015312902011,1.9595980203564238,1.4181351513503095,1.7793605009013795,1.6993546977274487,2.1620177590564698,1.7865279454724305,1.6255877309698707,1.8611264281123283,2.182118057947866,1.9067155298274372,2.0769025868369333,1.8262467482972227,2.323285267876079,2.421599107325191,1.7507241485964844,2.1840343126878086,2.3942623341890723,2.3540617877066303,2.4951231795530937,2.5874534947672174,2.530390901260711,2.584264976651088,2.5678146984478243,2.252036186529553,2.652726830580102,2.891692448401317,2.588190187748989,2.9127515888425926,2.425883323468451,2.4477501541453464,2.9347067378341567,2.969924607398701,3.1256185131528103,2.803715344525198,3.036478308369606,3.2083067101407554,3.476975182295904,3.4570557509805813,2.9510896927581367,3.0752250539312733,3.1339738099889,3.485492025387112,3.32261181757754,3.1864099436766242,3.3321829364168156,3.4256215203127685,3.3026606871247832,3.363752300806249,3.2060026387999496
1.7976763283118817,1.8661819618093105,1.8155220630461706,1.861764113201934,1.4160609395527555,1.3767790967671587,1.0938845478125057,0.9293528390735339,1.09314661947748,1.233647304317703,1.0917608905842613,0.8070750126224269,0.5851773936161546,0.9655113490663805,1.0349069991243915,0.16832719268188434,0.3780570147214757,0.46804395357808914,0.5600596376745539,0.6006935303163239,0.08924563877491032,0.40647431798764977,0.46712645769027006,0.528929583049397,0.0,0.6777737665852985,0.2908385665341129,0.4061768785322766,0.16038345176700375,0.3968718480773159,0.7756696564817922,0.6163234312162338,0.4427399581681488,0.3727162793642478,0.8772965869865192,0.5767130779105347,0.5812708221277152,0.6899211358020096,0.9546909594206294,1.0490810609545331,0.8003848977857615,0.845340174671664,0.8609043100379861,0.9373429221851275,0.9293124592664537,1.0824369726320704,1.2435611948445011,1.1040474159411868,1.1066702328772813,1.0304680571933513,1.5905134077246768,1.3110918130875895,1.6103960465467697,1.066874190154536,1.237590310894003,1.3465010941886835,1.5650488892493968,1.5702330227827481,1.6765153815609146,1.3230363935698044,1.5179558828225055,1.8606027908017495,2.004987150525027,1.9559479713345613,2.116433006643618,2.0610738087676577,1.9504016324928966,1.9395019164712899,2.118058940651947,2.240404462241896,2.2060285616733957,2.352859835966173,2.4788035299312163,2.3979464343262524,2.259863910597492,2.671797723747259,2.3325476784087,2.7462334838417544,2.4480051320320673,2.712177729136757,2.9209090910704525,2.747566116779895,2.9539180152210527,2.6904411899080767,2.878998228166857,3.379126473141941,2.80179319902458,3.1904873124223236,3.0474836364317888,2.963694484667208,3.1341563658458007,3.201718093309669,3.1343482592397045,3.356977365607978,3.1001676539586285,3.169635106894791,3.1410784427238774,3.4139810251290363,3.407848766719365,3.295779154918357
1.25658275238961,1.1078910385195453,1.032668803623256,1.0014917905331941,0.7629562540502928,0.5576130732923303,0.8885673679916604,0.74989631710692,0.5720492276360574,0.2572693594162967,0.3826360123974766,0.8613260875596396,0.33779319224828264,0.5584728135349781,0.23015606008400802,0.39494953920849696,0.6875753773744844,0.0,0.3612560264796034,0.33349025808910504,0.3006667154077185,0.6092811446445303,0.20672384135195543,0.38762055035594223,0.4239996573285705,0.4839148683419783,0.9949244626749039,0.020861186472902915,0.7233784651767934,0.3149600720467749,0.26945052872377495,0.6429961398032749,0.44962121686588397,0.5557328599836691,0.9286890344526455,0.7350001852022423,0.9590808101711676,1.0387255990614275,0.590422932923298,1.1322373420236804,0.4269472920332156,0.7563876953059019,1.4420751395673719,1.1283997771071554,1.0560507666327492,1.424983652737252,0.9959846564218413,1.118246415221133,1.1140703780174874,1.4679987849613845,1.448885898318883,1.1355284360534537,1.8489178124474286,1.2204170696376675,1.2542849453815226,1.258258464707703,1.6154722602049407,1.7617341684246703,2.0773790851738596,1.65411550057852,2.003526699161988,2.1044299289106085,2.2132055165970286,2.4299929244609437,2.238609489700899,1.6798434834798908,2.176233543071344,2.385682920588902,2.6079559585257464,2.3616876446396127,2.436404535836978,2.4398205227919796,2.6849692063269153,2.0614341800551266,2.762229164875116,2.383272371544468,2.3102429548103096,2.6664107119197027,2.9393824908080823,2.916994145811916,2.343855017948677,2.8332546869934703,2.955866975384179,3.1592025874096485,2.7377117308454686,2.7030921462681725,2.88603802111707,2.7060231072459544,3.1604631360138775,3.0480494930856814,3.3905068346924594,3.269720186390529,3.0392717669842533,3.340179710280161,3.1030837922892793,2.9651459098431516,3.08254069730107,3.2107343474284313,3.356915164994401,3.0461364425527364
3.3544593002200003,2.5939813919038937,3.0731667385244883,2.5114120406911855,2.206897905272969,1.8689588630564522,2.1034417712795346,1.66336916625389,1.786133868062734,1.6211927964207238,1.3684275183725028,1.1085971708196052,1.3665813248475018,1.3075882318606453,0.8795870663055378,0.8638810232335814,1.0443716757387183,0.8917947254601515,0.6394147654676008,0.7954571320854633,0.6318583352049068,0.5831272989227987,0.645854844584731,0.7024914862549743,0.4352046966273768,0.4795328076360157,0.6433053334186312,0.27669451907890874,0.10473870945950381,0.08671101207230336,0.0959141988926433,0.7112399591295393,0.0,0.3430349775347974,0.2085805940216705,0.17143737964829953,0.4508860627687614,0.3267149575202364,0.4532951612079845,0.494247116819313,0.7600714516757954,0.7556475090488028,0.7520472932026312,0.5727191997608454,0.47510153338662775,1.2542752377708482,0.5450911602155593,0.8672806662870851,0.8434963969736184,0.7382828383152713,0.6196259533625739,0.7364975128814866,0.6709253460131048,0.9945766030252834,1.0834807522643288,0.9271749431721279,1.0049787739375642,1.1028347329089652,0.5808999553585235,1.5353098885235674,1.4354148512947766,1.3359331319741674,1.3002177784066191,1.5728048592754629,1.4258432763088802,1.6023725834506095,1.5436614429789586,1.2933415623057947,1.392493605509383,1.575768536911724,1.6444927660397148,1.9704252758358898,1.8790338418729267,1.8195774168648846,1.9735282363717879,1.8750841534336367,2.090566392140227,2.315108304922008,2.2425564202145765,2.114662541233301,1.9973974471657474,2.340758307414511,2.544158204591044,2.4406036936431104,2.722944802813675,2.038810409006686,2.819617488305397,3.1978834411998953,2.5117727790505793,2.5468251312186077,2.28318572627499,3.1098566055055556,2.7635616773405225,2.855831923289056,2.842457472372118,2.3623360085207583,2.8024937976288307,2.848050358164752,2.762202055679822,3.019891494383394
1.8753264053577237,1.6739662643193132,1.7846204005711659,1.6735417496880594,1.4595906695835055,1.243143375284367,1.1050030043392418,1.452355824554779,1.327093946475248,1.256058649181119,1.0218134432366046,0.9472298265033583,0.8063098516964367,0.9678010522266174,0.9385846787292014,0.6885536763653501,0.36823523605577435,0.7373797171530914,0.649666152413662,0.49826420037404695,0.8120578655164756,0.5242708466310546,0.6198496074539275,0.38693566787591394,0.3954763153901073,0.0,0.15394788658383973,0.24084319887913175,0.2444442462005032,0.2184092443220429,0.23117419890854762,0.5063290201330659,0.4859878007396876,0.6379583431004185,0.5227400071000208,0.5852602432283387,0.7031958483716831,0.07314831658045406,0.8862038448690068,0.7655134820127003,0.6916066044195475,0.6863509053151056,0.8009345943681829,0.6097491202001635,0.7305133277390237,0.6716398585076249,0.8738663025345765,0.9691740812397978,0.6839119473989221,1.3082854305345073,1.0267452682338494,1.3860803685668035,0.7954907709141033,1.203865997302021,1.243216580739654,1.4025034974250605,0.9299633103221403,1.304383093977652,1.2263399661052112,1.3286045483975464,1.3843706345511393,1.067029195062931,1.4875580256795455,1.2002277276881532,1.3325828814246439,1.9117252244200085,1.584031576991615,1.9475170672908195,1.6173548564804605,2.1296270948756817,1.8552215867918473,1.9022434829446428,2.046751052647556,1.7090835707551104,2.364918269970973,2.388721304766454,2.321541692223315,2.1026174988619335,2.177071102283607,2.1294432428521457,2.6110120900799654,2.908337709870045,2.4011987880603005,2.4216477103632865,2.6044221639485396,2.803052204866736,2.4843740527738536,3.036556146418212,2.985071572018038,2.6588706602678425,2.4767053749196517,2.6723132433091568,3.212020446167754,2.710550657175551,2.94148772238991,3.171010628884064,2.812695319430217,3.191720576944496,3.2050650784823684,2.620785539856337
1.0760264238315322,1.6757715207386514,1.212118134850627,0.9305701478985107,1.1794173409534423,0.7680472370148799,0.48999582919408446,0.8686490340926483,0.9783326791713041,0.5200101270129611,0.5000293779092786,0.6629881966670492,0.6254203181488904,0.3481556575865081,0.448597720254849,0.2520779117152028,0.2064956254317316,0.491455352985982,0.3517983617560585,0.37428282305756433,0.2950677408360569,0.37070057235633413,0.49142195192954574,0.6170228538259526,0.0,0.5113247559338667,0.30386834801572604,0.519595564920305,0.3545223144941829,0.23285308142722982,0.42466723711208054,0.7432497894921433,0.5887387522197773,0.4543118324263453,0.5114976979713148,0.7740202638257383,0.5536330645991168,1.0624355439160809,0.6781999277302564,1.2357315636960102,1.2474796173927842,0.9147976079587377,1.2996514875101468,1.0644893727197093,1.2758924171143882,0.7138699698738087,1.0572959787962581,1.3317260819219996,1.5218407255885449,1.5028602169087453,1.1379297715348464,1.4960868169355468,1.8518416372778486,1.5524479187736233,1.5908161048604637,1.6690053813974828,1.9115366491693866,1.5813395769328054,1.2127417832227518,2.1135090980692386,2.146946689485061,1.8405391754772982,1.9114433424978117,1.919752612172278,2.0218610639159778,2.109972560275727,2.0170394302700743,2.3866289249566197,2.287339035379331,2.459276409213654,2.4338997902008153,2.1666107852676095,2.486796628651728,2.1920910541623186,2.8151305241553484,2.3486483022339844,2.606145718199665,2.6915650906099042,2.697627507820515,2.6249662690851707,2.622736086809484,2.640350232619692,2.804580003252246,3.0378253246023537,3.0768599484403207,3.0342281314052197,2.922569166075492,2.9611297971263735,3.3170264390526487,3.06103594213336,2.8393330346111814,2.876345490280972,3.168038890612083,3.0525839626331095,3.3352161199509442,2.7789087974065474,2.9181406516992165,3.481839026725618,3.35367682722533,3.322333527898037
2.5890944752857514,2.3963135366421238,1.9485753521101987,1.6758854051556007,1.8660101616466225,1.7814867080799086,1.2278249258005278,1.1628976151596149,1.1662680087406692,1.2274279233076602,1.0349591953453636,1.1381631422847747,0.8741823751326354,0.795137437030375,0.3912038530503814,0.49882671882514806,0.618902513283107,0.6512456497224868,0.6421064016736135,0.4916375643227955,0.36024644871093336,0.21354566100301398,0.700515607863629,0.259180119457568,0.21581740496913504,0.18301655725827182,0.7258705999926409,0.0,0.07556888216176283,0.22083625449685051,0.22221537431433447,0.12949604129342163,0.16317451528571603,0.3603788929466294,0.380547821218169,0.38377209158039527,0.5592572958784192,0.5126557892612489,0.514034202164483,0.17822039059321604,0.5373740860607938,0.45724230679375033,0.37332886979297086,0.3363550059477607,0.5639009561012305,0.2725279363710449,0.5754526573935568,0.5453320989675454,0.6454509940255022,0.6283516050842657,0.5804187623096357,0.6061025166516458,1.1643318643659608,0.733986848435924,1.016257012788067,0.7168997892622926,0.9634021111276816,1.383657375161242,1.1437325275315953,1.1861219558230118,1.466362209410402,0.7548654311002885,1.436739977894554,1.4951357886485486,1.4749101042756028,1.4803125470434022,1.4264044850375424,1.7762857927494764,1.4421091564901474,1.854574545741423,1.6929654751298866,1.9304245001579599,1.379339408043906,1.7909495807328266,1.9176418908510016,1.903700703590653,2.146544517081539,1.748675251665766,1.8948259443803206,1.998397242523298,2.081527207192117,2.4069937222602764,2.404982685923315,2.2217039046205134,2.899033955570811,2.5153569635084754,2.771089409071589,2.4210457210844556,2.5935595811114815,2.5112266262742455,2.943415129923924,2.6130885736460954,2.5170767488458274,3.100179204271356,2.692404309223427,2.9650386171877834,2.9919512150989327,2.9889931360392303,2.7203243683357634,2.9967641472891806
1.1010468198274044,1.1529842752675314,0.7146790219952468,0.6087530179409697,0.7208363324568818,0.6547860024810532,0.72758573005048,0.7519403341673883,0.3243562834222171,0.30988257856630064,0.5552935834119701,0.2563860841047614,0.5522812987226793,0.33963287952966326,0.39454829362287747,0.16499030994527608,0.20461523722670982,0.09294222077827996,0.3754803496984884,0.13560581905647773,0.3771599829441463,0.08911005772785607,0.21167132614746542,0.28603333045904655,0.0961746952218796,0.3406541356605448,0.337300561008,0.029393681838326913,0.39568897649065526,0.28519387179378164,0.48346243858529725,0.0916475761843909,0.22762606502592497,0.3386381970660164,0.0,0.451267033939029,0.33255710585667586,0.5884313254910083,0.5861569055334215,0.7342464333272751,0.40622837260992384,0.812712714504654,1.0022340176205287,0.9374121209579993,0.8131528469754059,1.0309792842167038,1.2956161388019716,0.6120061324576032,1.0697403980457239,0.8285585261769128,0.9492757471757844,1.3222162237684483,1.3086656000322812,1.309943646133668,1.4242589554608873,1.5984940830927492,1.3885788863072275,1.481628820916427,1.5867751612082035,1.5987882902786925,1.45881414647687,1.6136284699736372,1.7425976660041549,1.781102258263676,1.9427127194849572,1.7481159935107211,1.6277508038800388,1.8332954830479817,2.028406349721349,1.9547910187141895,2.0479588708475003,2.1686957990791242,2.488033270777482,2.2316983757420203,2.259894641352515,2.1531449700439644,2.398505351723678,2.1242974617189567,2.530488984644572,2.5368757035160616,2.4001187221090596,2.1933354915712577,2.4164116979036514,2.745315189889441,2.8239501600412975,2.5057649146675764,2.6910381649332695,2.438278425385107,2.6768315296821843,2.9497053227314307,2.8164428384294187,3.001784106010126,3.039394039821188,3.113873293922703,3.016005949148928,2.826138506717937,3.209378118570532,2.7553090267297744,2.7450589040694116,2.719672537815635
4.536060520327267,4.166844380778253,4.170096779479932,3.4387375310533574,2.9437677697686286,2.718176977797304,2.5638111308377614,2.3482294056619057,2.241001632153049,1.9984931260766263,1.818552552928315,1.628988307384807,1.57258708872976,1.4554172928132214,1.366317410137155,1.1860913962448034,1.0876855413148832,0.5427509134087654,1.241588834308141,0.8593349115391611,0.8431338057292006,0.5890149568232399,0.5323077113353918,1.060525512440206,0.5528756152051084,0.7723984901562488,0.38368158274134245,0.3203193041765733,0.6633942020055557,0.39938117967628983,0.30420342356594965,0.525422679146633,0.3753342739395915,0.32022705957365893,0.2036871529729467,0.4430625942004873,0.31702483330727915,0.45115677605033966,0.44629333449724484,0.39632233902378644,1.0672115648667546,0.49961571414253036,0.10251737683782913,0.16469411700210834,0.0,0.4863468771860795,0.558134386501905,0.11605100494452003,0.1797374216600609,0.65328701161582,0.554206671487723,0.4500220211886603,0.5840590408199304,0.8407239309185677,0.36039697322624953,0.5194450458057318,0.8387965377477862,0.749953080660374,0.722351846568916,0.8416551892361461,0.5058673756815608,0.993754455644563,0.92848270513527,1.117847484523459,1.0609183298516367,1.2772585312163702,0.8639737199342452,1.4053546018526166,0.9478062641946305,1.523900371947187,1.459064574439493,1.2991779173507911,1.2227340796719215,1.6120825103471272,1.1515812205641254,1.701548945893217,1.5589505233963212,1.5306963277982906,1.5841939314569498,1.825541454573182,1.723260563418771,2.0580573478344935,1.5648147138111792,2.059838547566441,2.100538219165136,2.0724983426868793,2.003948759417691,1.986701882049429,1.9420271772389004,2.189773743768219,2.43199339977828,2.2420252161575878,2.6614838116211406,2.3169383787121394,2.482628160523463,2.5174801609850608,2.2816536812441672,2.361346017995766,2.6805225416440788,2.4102530090372287
2.2206546047214353,1.6385851876526711,1.9713182943771237,1.8478443023068216,1.8725127901245227,1.5109627518543292,1.3373232990780544,1.3420623247220007,1.101726755614182,1.0546848935863835,1.1242288750895675,0.5211262478381435,1.1870755062785818,0.8787071915112818,0.4314821559273643,0.831532311748779,0.7585256090955905,0.5158008367190003,0.4376132418181271,0.8045856900494126,0.5273927979645663,0.25117161675692756,0.4397095311573054,0.0,0.435908266372234,0.20924035945898112,0.5298644439436018,0.6332636846211575,0.2779890472403981,0.3442551197124395,0.7061867524707832,0.14118144928749388,0.1234058169571739,0.8915430587846433,0.3520308758777748,0.6574733823500747,0.7650837536325348,0.4302378032553822,0.5923556075425616,0.7737064340498758,0.2844093714666105,0.8300490005307051,0.8682662126141558,0.5330061918530848,0.7797345915078893,0.7724059547280113,0.5574453241008808,0.8437497936511189,0.8946165089304028,0.9488199817220888,0.8939500739320394,0.8497040120021229,1.1605850248740381,1.005560000261358,0.907697653991077,0.9732040163286975,1.2394921877851672,0.8692994882655523,1.362216542098846,1.2851927206723737,1.1448593034544263,1.6039493338952155,1.3091327003471704,1.070805828329231,1.5505391617123525,1.4192297284878013,1.6956791031703222,1.7907426732910796,1.53740157783559,1.6520101903760445,1.4789615860128578,1.8528954737734953,1.7552038150872704,1.8529886605188413,2.070301625253199,1.908042341879355,2.236810036000902,2.203183581285323,1.9032043854739324,2.105071476541754,2.343233159470971,2.241819382957223,2.4395032826403185,2.764375309933131,2.6063513692777303,2.1811809249026535,2.3317565935991933,2.768157687370975,2.88173755563715,2.452466058587559,2.670367556733586,2.1302776424467904,2.672558268001536,2.555998197996322,2.9520090482152046,2.9784929342738966,2.7861483947391097,2.9523931778103236,3.114821619614437,3.021008476361077
1.575085201468795,1.4020365277037534,1.1666268005353615,1.1230023942259706,1.3973472231384392,0.86620561881141,1.019196083339832,0.9597552844971382,0.7944501226177998,1.0082670777120306,0.9379183896152483,0.5496422855515792,0.8279428411610219,0.8000067831076372,0.3190509091786282,0.5797435591935223,0.0,0.9786985381298585,0.5145043552436075,0.9148809618077749,0.48921252847552843,0.7812404488878784,0.3479920994874135,0.5639074935668233,0.5254540812835362,0.10367997448722477,0.4869193002230592,0.5837711745304013,0.7423685408189904,0.6223776971433441,0.6381832031543784,0.5268249834138459,0.7102698902347448,0.39076656462765946,0.6918918512833869,0.1585577981362185,1.0230618819238693,0.5987784397453915,0.9745581255251352,1.142112909624597,1.2004448480763443,0.6502554094553261,1.222503602472063,0.9815839739767434,0.7889658556780361,1.222904384717335,1.2419246631317833,1.245600971187514,1.417164817117797,1.0609671206413616,0.8924737444104558,1.0386241857015293,1.543110184155303,1.5589230468761635,1.8043927305261072,1.5668194087526892,1.7723365318713462,1.9260237403951166,1.3748444601115253,1.4783659235105695,1.9121388227185747,1.7618550947969176,1.7865656491565645,2.136936339876492,2.0264802788614382,2.367359553450779,1.7699826807348735,2.0268644044941517,2.1751942881152573,1.9565750033090872,2.2385981738585343,2.288820795341959,2.3161472085659653,2.730296954728626,2.363425713615918,2.619899032965886,2.480302876422236,2.5344814201800254,2.939420094645893,2.3753769109292335,2.925714015628351,3.004135587095668,2.737245758192973,3.3365342326195915,3.070831370844161,2.859223994718274,3.2137453954835458,3.024247939180487,3.1530062885740087,3.1362635557497107,3.6942354791549015,2.925812178454713,3.15867521520752,2.9383755593492573,3.369218882587173,3.4180581074184886,3.4865913897872858,3.438244192076162,3.2925307779236874,3.2636219487042943
0.20343901493206162,0.24350744270980096,0.08616738983929115,0.031355429671095406,0.3470832187545427,0.0,18.371544281312428,17.78428770075238,16.502467772205215,16.112505980626743,16.114987891023596,15.800476818791344,15.59340299771747,15.631805980719768,14.98035662915587,14.901455831492553,14.826650908629194,14.708082902971684,14.082975468444463,14.559778770142223,14.504929171086362,14.218599632587543,14.185031003942589,14.135086557884613,13.83547964500252,13.801003017151134,13.941716319733635,13.841804151498385,13.96476041897449,13.627863775565697,13.581144982006949,13.808128047579224,13.49176915862713,13.586098524756355,13.617892854490677,13.886318082796317,13.473727979434635,13.939507494821653,13.53140933713552,13.674419300655835,13.630618093129785,13.605449667328857,13.915462433255584,13.756118700136353,14.137881521702061,13.601993712644132,13.78183570279024,13.783330453867766,14.133085002069123,14.310049082802017,13.928505098037025,14.040173549764026,14.086564335348001,13.60176637474097,14.229549910832132,14.168513546490436,14.500521097332712,14.575363987737926,14.427973428700204,14.383163643703114,14.36958333012267,14.473334470564971,14.483389110331403,14.771522795728746,14.772790265173485,14.8111312420447,14.883295143844792,15.106314876754062,15.063955531841906,15.169085747998404,15.225137473361116,15.106284669330952,15.193570874497135,15.460278510528036,15.290781084518331,15.22152627845928,15.78050820429888,15.502308263893926,15.365496282526811,15.720339843986965,15.908880636257246,16.26920250026871,16.0127558714454,16.05256440743996,16.164581292729856,16.34895401954062,16.03666997936483,16.23853197739203,16.031760446238632,15.968911527637166,16.460488209928517,16.261961331698895,16.16929136141139,16.18049790113793,16.47346739514346,16.49391097447947,16.408012419115856,16.64052071288438,16.661360643905628,16.471830796013663
1.9156773334829786,1.9828865912203568,1.5316296686351798,1.7411767223381815,1.3351221072233415,1.3577887470214627,1.2129419587877983,1.006964690963077,1.2661575569570935,1.138828443628146,0.6994444388013505,0.8321759212999993,0.5751085786080097,0.8272624238256263,0.834581919582142,0.5797732059447718,0.1649142598664497,0.520762537660822,0.5985913738586248,0.4638647707203738,0.05186186236476331,0.5528294381502086,0.5380821804491482,0.44224391251816186,0.5550442720542748,0.0,0.48119876406788364,0.49129828180285884,0.5117937271413275,0.27055770343797647,0.03533276146508513,0.5857439645621554,0.8673712129379929,0.40588289320471915,0.2824860179249029,0.6241481656850922,0.3638438425443944,0.8330405336174955,0.6196067623726051,0.899165170443986,0.7862164333156301,0.8146716415612758,0.520002230995182,0.4253128840943141,0.7632808594311413,1.0299217825746396,0.9524016735334548,1.2883891046787284,1.0299029384191591,1.1366442909087269,1.2930516610003444,1.310486220186835,1.2163906621614338,1.5137240535716536,1.2634248679628612,1.4525451796755853,1.9044017716807211,1.7987192128998188,1.4043081034320117,1.6970847154544053,1.9071631670146303,1.8144083500719468,2.00862935252281,2.0780794057246794,1.8970904859041333,2.2166623527356535,2.1767183519482494,1.9715993852623832,2.4703467407212436,1.8720171930682987,2.3827054300245543,2.0964362499020055,2.3861973978423343,2.425561181993011,2.067747969437658,2.3648786251625253,2.145964103784504,2.7001318469337896,2.6092619118432907,2.4064667005727394,2.5129925433783598,2.529586409482498,2.453660758331022,2.6733291046823027,3.211203353544583,2.564990256847807,3.2405669327795366,2.9470447727123066,2.850496407747819,3.1117676830168506,2.7497130205208435,2.7304528934212406,2.9288627515366095,3.0844207622281345,3.0808883475795206,3.4995655870949776,3.148438006374036,2.9602648943148004,3.2755638454000113,3.3360752645242577
1.9374213988361237,1.6682459678316786,1.5521568879422691,1.3879648320449895,1.1575461736197035,1.1554158424345307,1.0085004519670218,1.1681681071836394,0.9333184332737687,0.993341469945813,0.7717518339590477,0.8351280540066259,0.6356019583022459,0.7154209163528993,0.3708228507417939,0.43949927421826196,0.9611990520445968,0.8388450671185907,0.3950257224800655,0.7353011780058658,0.08004753392988206,0.6569721464860816,0.8155471477226435,0.0,0.385648956658839,0.6412306592798434,0.5332293803887982,0.9131533202485809,0.5429504495043247,0.4372205322587135,0.6836261162264226,0.4374475355074541,0.6252751481175487,0.452578309610308,0.5880830500775893,0.5290193610236731,0.6124817685189257,0.4674866391865553,0.5229521466964435,0.4420767018531855,0.79817340625603,0.7161299109797596,1.0395743873469012,0.8244009988628509,0.707612940868211,1.2448250159404655,0.77398550023943,1.1558539465329165,1.0058086575349119,1.0946970411516688,1.115939888615479,0.9187663347811874,0.8863775811900307,1.4789074304694658,1.2346494146108409,1.237224489404138,1.3393715941098776,1.6194458141316783,1.5142057329757286,1.6942037524331734,1.6260921351574513,1.6901964930855282,1.8373195072063222,1.6768229207367948,1.7340403960588464,2.0370951836287983,1.9286986254118137,1.8647913714789848,2.1291176552698747,2.2897247978879474,2.3905237569492765,2.2405147727461507,2.13475056622754,2.2940993723700647,2.367399655186704,2.364506316406514,2.752993308629611,2.5587449612247095,2.6277764465509517,2.8769700299036476,2.6553238016805967,2.912884456246873,2.5929757349419003,2.9028624785356865,2.6572916713394523,3.106810480698991,2.349667835524011,2.8007262115881684,2.293186162666851,2.8737596813942243,2.658660625331608,3.212063677561284,2.925233358971978,3.3497263919391624,3.224770840082309,3.2834743794413424,3.21708450269311,2.951533800809001,3.3668787107487237,3.4432631099427926
0.29900910635041544,0.0,0.11513315402765123,0.10435785840072062,20.35272829400619,18.72097517473054,18.15759563030185,17.713787188879092,17.244925850719465,16.881009498812134,16.306745705807423,16.38609697098621,15.674545552653978,15.89157361330921,15.482487452571537,15.80099583383861,15.577704168980384,15.470247943601471,15.070674693249346,15.202348624984607,15.005485398947748,15.076651518249863,15.0995907824915,14.829715234888262,14.57326831725277,14.465127658550237,14.487514996309356,14.436371456799481,14.283715978379204,14.33796479372,14.333660348358425,14.23568065740658,14.248648763118267,14.485190618511362,14.30137888419741,14.44166542566653,14.001395033715506,14.320616333778535,14.136466538304504,14.457536828328896,14.437478484991464,14.401379759114224,14.261804728421176,14.641802383631587,14.599022747978042,14.691056501833009,14.337213768633132,14.462516404193147,14.371746401863792,14.72960811219371,14.683299297342854,14.897632176598504,14.749992495110295,14.718194227355864,14.768674287063568,14.72693286197149,14.961815990510555,15.081502787548176,15.082596963883688,15.093751919823852,15.072044543171566,15.331356652265892,15.23695485038687,15.262981234509601,14.821607831895667,15.081109252559422,15.057680666359875,15.705261519332602,15.342477244209448,15.713803874173498,15.630253777334207,15.536219836089689,15.694203865974117,16.22465155756944,15.652009873795773,16.252781869700236,15.672283432631618,15.992946411394193,15.697250653532702,15.921504408816437,15.951773731268446,15.958537365859584,16.30073890863275,16.36080707143121,16.612287982515426,16.361564706975706,16.24207983630041,16.28302592403933,16.421610570925758,16.62469846150515,16.4907528490038,16.51652155846893,16.70053797479543,16.70774777017722,16.742596928127146,16.89469810507352,16.858090730072256,16.860168854628014,16.69952898668318,16.79716306893749
2.6742520108606946,2.332015979995541,2.55873558660409,2.5726633456829546,2.137304234094591,2.198006700587614,1.6147054027680383,1.3509797116706181,1.4118747290502363,1.3894085915853118,1.3525254649775071,1.3157594378213897,1.2347275008127436,0.7585533309732,0.7880028756025368,0.8072874254363231,0.3304394964151669,0.9203526102648176,0.5062174924723788,0.5436667304764207,0.3958955054692499,0.3874074769358131,0.20024392942058356,0.157565141998548,0.560734299048276,0.31995889543494016,0.3809458012554643,0.4639966920857521,0.10874926644060423,0.1498671750278735,0.3290821526480503,0.5622162850750243,0.6164037390271808,0.0836115972368674,0.17202449279519882,0.0,0.3220832927053774,0.4286374148490548,0.5199422464306043,0.6386779657933719,0.3721277085518899,0.7327389394221324,0.5599748595461076,0.5173055774268711,0.37602744653481324,0.34863265389182274,0.8697092837221749,0.9154318698259942,0.45120751509534784,0.5021976543460109,0.7077665109516715,1.0391230737888293,0.42022393335550134,0.5197344705087925,0.8867458099448182,0.8271295647522372,0.9068479004859746,0.9899557638397987,0.8667885798338126,1.0563672770022166,1.0829544923744194,0.9350928421839733,1.4405252156933965,1.6718296055911779,1.3339839713558455,1.5340344649132547,1.4342014508254746,1.4802719036340086,1.3364411680415937,1.7891703087169972,1.6328839550414838,1.4989551418428455,1.6567087344654503,1.7866773857216636,1.4935245617182726,1.9800889788124731,2.2883522650662744,2.033521619530685,2.286604243110089,2.253328233301305,2.0511930207061795,2.4868104622677443,2.2416238573238836,2.6527146708133174,2.50560530192716,2.4733376967065883,2.5353458768351604,2.654595217772304,2.855310313472504,2.8298234923590115,2.824618451112812,2.4162082465440484,2.5291691868916235,2.829842390227604,2.4798946782377485,2.896498950046176,2.2862051272793806,2.7892875003236632,2.8482418413967068,2.7836196503317616
2.4442513794863174,2.037697426247984,1.6540203969881446,2.0416936438076867,1.7703832912555697,1.5231885354016974,1.447712498810663,0.9731699423468356,0.9900118864309064,0.7070512158551239,1.0487881268014654,0.6385415216493513,0.7532281738701982,0.4703139377594816,0.4164894105970518,0.6522413751853087,0.06220794559809306,0.254129539241319,0.39609189645296183,0.5921452450486733,0.3033225876595367,0.1756899348370915,0.5762302771042158,0.11546245552789713,0.32010293146607083,0.5500440511928808,0.09821368183579438,0.11732767369085906,0.3189624140041687,0.21624359133612003,0.080441147834442,0.4136479157948365,0.45652902712382826,0.4855783123636179,0.3529113705965017,0.0,0.31360451424753677,0.7758513350486886,0.4459427847471069,0.5966119296208667,0.43514388788679526,0.5061789990504515,0.5946658000934733,0.5805648247806481,0.42499635335926556,0.7567343483035138,0.6897386959257759,0.5922791956226199,0.7756957722300761,1.0565802801784514,0.7065683778049348,0.9820693853719256,1.1886685277719984,1.0238370904538172,1.7188195586807176,1.1051015418542676,1.295728004462024,1.3759016411543712,1.4139356730147021,1.6844406562427459,1.4216671807313936,1.6314973168928297,1.9322428549203003,1.9063416118373198,1.851406076128118,2.0296512484456883,1.6244564261389485,1.9984967046212532,1.8664209147678648,2.148893529311806,1.801503143312793,2.242137221448278,1.76447110131965,1.9235460432916902,2.6098019513161503,2.263807349945232,2.3965358343880183,2.409354306898077,2.4285479559314,2.6301095450295975,2.858229048572685,2.5915433673027124,2.4034548490375585,2.7197789543603044,2.5644847356531955,2.6102236811533146,2.7008353327256316,3.0031559579468734,2.932772445189169,3.1968084079176187,2.898083577017225,3.0163606363593694,2.973964828810999,2.9159741969698914,2.8579641348158873,2.9561156277259286,3.54990564355354,3.0435508209175524,3.4132928277126737,2.9474111874778544
5.523909319989427,5.202258235122661,4.150997934761866,3.7101931375969155,3.201823029279156,2.8395838696580444,2.945321869384104,2.306684530875243,2.35858974104279,2.1228563860244325,1.8497443459973226,1.7758670514846528,1.6127510240894392,1.705188355344374,1.6469866700393698,1.046299464301656,0.9814414671684695,1.4549554880398574,0.8428657069353065,0.9118160235422437,0.9926369730670661,0.908538945725347,0.8214053896073814,0.577055871039585,0.404127206069127,0.20033195595946296,0.5322060988225186,0.4293093972652571,0.44622656979240816,0.2739778578867842,0.40136521548973114,0.3585162441520424,0.0,0.3513674327842402,0.1790222634604266,0.14040598506405289,0.4192196675344473,0.5415083096069182,0.008162844108175804,0.14764568957046365,0.4825748675176449,0.18017435598231302,0.4894531467991019,0.3259396859565271,0.3840229460252935,0.3542776354331494,0.7660394588281143,0.30781486314272755,0.7162456763888887,0.8109744926191329,0.7388741469789544,0.8336980704924333,0.9137085404465886,0.5154774640385913,0.7164342331733291,1.149524953035158,1.0490700652544298,1.037792467163987,0.7224664996994754,1.4046852141429405,1.0198721609871964,1.1724856982131104,1.1265749348870688,1.2116831455881343,0.7155255952212016,1.349682637233121,1.3862704547009095,1.3916791850036265,1.1612476700031866,0.9804608382349116,1.1384160402750911,1.4789068120077538,1.4795887780268604,1.7324572003297138,1.6949176411726903,1.3775819627195052,1.7705897097591574,1.8203542491397204,1.6694472825897755,2.0773370027155647,1.828966916707067,1.6761600765922822,1.97552773666267,1.9395128867123201,1.7542185676391444,2.252697007186791,2.0378851113589302,2.382084286864311,2.7369003706343964,2.1343067817705315,2.677815142833575,2.317123833158261,2.5606015968184774,2.824204072012881,2.6320549294588584,2.740757119839392,2.827455086635217,2.808148694815733,2.5260761897538284,2.5813056079098207
1.4091757898757074,1.6806227748185645,1.4536503141797983,1.149061707234246,0.6754514785891637,1.1661864132298252,1.168247882011281,1.0319560256394436,0.8758909781824844,0.6473830498243149,0.8897606113719956,0.3402888755044202,0.6987704886642696,0.4671428750401443,0.43367445779272984,0.6183883600779332,0.5027493341542151,0.47241457243764984,0.0,0.06345507982638843,0.37256131160420125,0.17463770670100587,0.1188004976594641,0.161117372151109,0.2408406688786684,0.23369230994471657,0.5164363552604083,0.17064979023823135,0.13123907308669125,0.4539775883097228,0.41703608241227386,0.544505064157681,0.37870477184653595,0.5725687993308242,0.4397343540055392,0.5622182765553294,0.15285727723049192,0.655124764219698,0.9103487177896845,0.8701583632715089,0.6288314495751273,0.9843164631019068,0.6111236141705785,0.9359716034117742,0.9280247912212225,0.7701961946288041,1.320690767562759,1.0857757441111495,1.4163724907967623,1.3751342363938033,1.3150272637015448,1.2221057183222594,1.456838374139588,1.458824302541327,1.082645888541105,1.464912892022756,1.758828821864272,1.7019288637542243,1.613113367245818,1.459781589333197,1.6568314480004371,1.6334999778959638,1.644226877471601,1.7482758202837854,2.257635012514383,1.934675658534049,2.0755631623037427,1.7731702200066604,1.9816781696444554,2.2362910377887584,2.4726114741205105,2.560451109588561,2.509462302546064,2.909309835375728,2.4380805162713077,2.628724175530225,2.6673833800848374,3.0209854178088644,2.6728828914671805,3.133871278454537,2.7503125334937533,2.809854810086458,3.002869559126532,2.8003671780181545,2.9569576314769623,3.146057698791987,2.981520274595825,3.0109596908616485,2.7556871680776727,3.2175114858077816,3.1482994654069945,2.663791256551841,3.1300800146622816,3.037509445620037,3.3590372545167977,3.060675680634196,3.477800781655146,3.5872479762713763,3.234361241709065,2.917869125018159
1.9923907465802237,1.5244827291434255,1.5777891977781433,1.0896571491917246,1.2659962465059298,1.177800617419134,1.3187873467014146,0.75025219906974,1.346171992322084,0.7613048529851039,0.6006409226783838,0.9674857149085483,0.9625557722262013,0.5081887364324125,0.5429087192567401,0.15924516913072395,0.44698526774861236,0.2763535107510773,0.6890427950989633,0.146056407942055,0.15951849026901677,0.1448720314778864,0.39700551442386534,0.5389611470521007,0.20692893112844324,0.027667299962141456,0.4604259838083049,0.05967455878468364,0.3481994563316597,0.27163523253200594,0.0,0.21269616118343215,0.023470379188600177,0.5958328401546069,0.4430558972419796,0.5081969216267908,0.4725813032329995,0.018062548877958662,0.2791776507521888,0.5830828177362957,0.4381966961250665,0.4783131293568932,0.5275301351233175,0.6124650682611481,0.5725895628731941,0.9850228021507661,0.5897973804084256,0.7193922873180707,1.3173469527486645,0.5285958249686225,0.8043678664563281,1.287599924553211,0.7329161469590293,0.9779438404549481,0.7191032903568804,0.6167067638893453,1.1214681269057039,1.1451884193498891,1.2837961405160687,1.4689176528469332,1.1660502122659686,1.4416887095545903,1.6964318302041743,1.3779729678288835,1.4725865637623947,1.662386642021069,1.7343006227260105,1.5412431022673942,1.8911793340190997,1.4966166765217501,1.278174127287972,1.9201463386093849,1.8794187983201542,1.927067691625373,1.8799694472409172,1.8086217031951257,2.4078355140251375,2.5400665139272967,2.8502579323068105,2.6684952490052822,2.053597104398998,2.656924912982742,2.8092609684616114,2.3537847557416125,2.260433259945538,2.3142425211590556,2.5431432932308518,2.3164469951741307,2.443649129773519,3.0583316577399664,2.7259690796061022,2.796538055129858,2.564861464984439,2.6630198587818974,3.050393188914562,2.952060242884137,3.2005026910548082,2.751380174047373,2.662213170064142,2.9409566652259578
1.3615717801983624,1.1563476394260963,1.6641233731029104,1.3694672757140562,0.8297935838145101,1.117971810969328,0.9741265891926112,0.5476462086525462,1.0090446080452296,0.6632224795316191,0.891455582782374,0.9058570575558402,0.48329733460736435,0.47825655475714335,0.1458515481954894,0.6122382131198876,0.78069493488875,0.4252634698223403,0.3341353504723994,0.3173490004641959,0.39447935197304496,0.32767728161483234,0.5438757547202933,0.36587614063745555,0.7305413825305251,0.0,0.6461950364984794,0.5129112195341747,0.6131329443755344,0.31323775607826754,0.3697904050606695,0.4729470905646487,0.507990824180446,0.2783846870576827,0.29451106230128765,0.5984991399015289,0.5535172342181074,0.3432522204632402,0.8382981519037607,0.5228148825202386,0.6982463437807436,0.5082205427277042,0.627423002066422,0.5148912854485559,0.809397523516056,0.756767033368801,0.9622752470824008,0.6869022651835888,1.0561106353118639,0.7710737198591371,1.0105074943766095,1.0962871634035878,0.9549807621431121,1.0358788802681893,0.9659590965326981,1.2984435944319586,0.7071329508092994,1.3199542008672775,0.9409091184948775,1.5760735394297178,1.3933937928871067,1.5463300397218802,1.4505492407737925,1.3165224212405615,1.706466507017197,1.6171372142108442,1.7205699462987276,1.4762593805139268,1.9164655626990115,1.997854955830288,1.9466226979420895,1.7309014928475026,2.132706231923141,1.5515700990757342,1.9853164371416376,2.1470896088878995,2.052821003342819,2.157918987765296,1.8279643786890105,2.18662772459426,2.0261908736000613,2.0468853870553296,2.041151133403419,2.3880696504070826,2.4206318907240636,2.886187764047815,2.5907109499712107,2.4451855496018737,2.4229630132787996,2.5871572894723087,2.8725470189610576,2.9768432994807625,2.7860251705226275,2.41813236189056,2.9307557356931753,3.0024555100630934,2.7114667258727607,2.8454910470614223,3.0606792761337047,2.8127477421607416
3.0469470168357446,2.4708126495566596,2.358568571818129,2.399989913117434,2.3397981430594736,1.8240318568307838,1.724601077377372,1.3153134862852358,1.4803819022264886,1.257982224107188,1.1384220796706774,1.1952041212961237,0.916383351501727,1.1756602260299136,0.4989629324563438,1.1963073038664902,0.6094705676516252,0.8310873410254782,0.8417058846936865,0.24291979020584442,0.19780377609521516,0.32439725704287703,0.5877982106166826,0.5016326148329693,0.0,0.16320057748406036,0.07368800281422061,0.5195840880791529,0.12367440704203503,0.24425092775175195,0.11207295984931953,0.16037693203665704,0.4483159550574367,0.5877232700374773,0.4641426301574434,0.675207688278082,0.42389881266997875,0.6019586007913311,0.4236443525429916,0.3459943008256072,0.6578050520892447,0.606023120197861,0.3740906109735125,0.34504029092179067,0.5389156927504004,0.39992989401101653,0.6692016270415273,0.643613777352833,0.7529776505850663,0.5095693367281484,0.4520710861644197,0.7818418712914816,0.8345895200671087,0.9563750004655969,0.5828961149884258,1.1422221841057656,1.2138837212966465,1.0679829975019786,1.1625022640236473,1.0915338107900947,0.7841262291245084,1.1745544334402407,1.4128701884132688,1.5620063811869525,1.7562723289034903,1.2263861453292435,1.7759392185512848,1.761561676479415,1.439833261190845,1.585009830781825,1.75937515276728,1.8577863429660848,2.0624214881866525,1.8300467827702125,2.2286227798923743,1.8659776516151148,2.194660749503834,1.9570844110679033,1.7990467087901365,1.990982244534198,2.363279805246103,2.0359087954257937,2.338335063129227,2.234517744560941,2.2802858764495486,2.4998711161966956,2.195426035196565,2.194289687643762,2.5549577464829873,2.9003494277557387,2.4360573856824352,2.7559324792040094,2.7886702320775534,2.5689057659104257,2.742849734104592,2.539033472855518,2.56467638232159,2.5319883799096043,2.5388015585758517,2.7345228753252933
3.8045373512779417,2.8871312574644943,3.026388854771744,2.6531500998279984,2.3134729142203945,2.3697227224611233,1.8599908945612391,2.3112453302737084,1.6138047605810666,1.4830814599764786,1.704631416876616,1.3013432993754588,1.1809062677406263,1.1283103277381379,0.9909352610273245,1.2040157977915698,0.8156774284957216,0.4066328743061707,0.9027145193211314,0.8353592135386307,0.7510259522201892,0.7557775860945455,0.8387245408760968,0.5805898562240284,0.7757238440080396,0.36836885553833376,0.7802342031592051,0.21267662876180893,0.6759851674675996,0.5915352823852871,0.4588746632789906,0.003329681778412308,0.46748771579257387,0.7562475551865422,0.0,0.5291967483084079,0.3149100666266076,0.3561619176274462,0.051356547649419326,0.19554323194538625,0.5493066443668724,0.4379601483504967,0.6284130236485481,0.05155015198545776,0.9509260215859907,0.7919968459533298,0.7273650184664628,0.39665832583177085,0.501058722977568,0.9587693106522188,0.5238152874055899,0.9810010564169787,0.8371038952902037,1.1000974333399096,0.6602824126979101,0.7040921469455093,0.9600563842550738,0.9685673997230975,0.7513997209475729,1.0859593844778583,1.0131269218207617,0.9270827407465099,1.2204308444871295,1.3791479444040746,1.6078475923907902,1.2671659598781542,1.003834582288965,1.659228962547287,1.193422298644645,1.3216794811841996,1.4954486087958792,1.6789579806902442,1.6884403588922527,1.5551609218210434,2.0603862431764774,2.2789875715375185,2.147771096051393,2.1994145024655474,2.387393810158269,2.351357757863381,2.313999675325684,2.467029628315757,2.191902477671423,2.2098225498865105,2.631298086133528,2.627476596362543,2.4031305142550874,2.549523492070648,2.2975025268742364,2.9562147037870883,2.947252775888982,2.7309894467572864,2.4813893661016646,2.8639585263241703,2.67259940963236,2.885001332315783,3.3583305907689986,2.8162638425285405,2.940085234167226,2.973131705144853
0.8675277899867364,0.9032583787166111,1.1946588685794897,1.087421090847867,0.9880235996397815,0.7522146379410959,0.8481329248992253,0.6628183783449337,0.4974471490343291,0.38783924250503077,0.5935472136402833,0.9977218792936089,0.7054863815524062,0.09477236941607714,0.5691293712934407,0.8768048490844862,0.23215089266779465,0.0,0.716692082747258,0.6420064615904959,0.7359504344825876,0.5617678743048735,0.5833224764611611,0.7413147211189557,0.4574574088740544,0.6979842126758076,0.5935525425798609,0.6569810369715263,0.6125610907951735,0.6918227201103448,0.5097533930935807,0.780758313954113,0.6430105702951003,0.6776153698893044,0.7965981743208754,0.7923996236278086,1.1483986364309953,0.768381546573746,0.6087334095659358,1.0397514396127665,1.0824265188850628,1.018365460292216,0.8155838627583663,0.8523619534188818,0.9810160076139329,1.1334748287120249,0.9355293418942381,0.746140205477932,1.323599138134398,1.299641498723977,1.383702299544188,1.5124154234205207,1.462504745729552,1.4825471076447414,1.8126208547244325,1.3381360215298397,1.5464610914582728,1.7409623796420544,1.6401312662453762,1.5139893186252458,1.569938329824497,1.679311192328889,1.9924317818929858,2.000703689591008,2.272004826450763,2.181212209832731,2.0339928971490124,2.0028664331987756,2.2504580015946303,2.161634139037522,2.0159560668800847,2.2315608906853406,2.3666583727268904,2.273894634860298,2.8552948518125785,2.393518867178159,2.7076797484994284,2.8092132749642413,2.540405913303461,2.824216465112668,2.8800852522598834,2.9799568814475403,2.7666267310631927,3.3704817725971683,2.831992415127969,2.688533475786267,2.7181981795215595,2.431697882079453,2.7975486944252363,2.782417765471477,3.1011114934031543,3.0253822506355217,2.959520735580389,3.266890891515713,3.351728560353502,3.3845805029441056,3.2212901404115595,3.1464371651365806,3.015334906723014,3.4272058667794543
2.6064096987897187,2.5949141217964,2.559645617568375,2.1641884181529214,1.8878372649626343,2.0548364960223005,1.7008851232129842,1.60748368481147,1.6377705568407883,1.5070849199961351,1.002628730152967,1.0329688075002892,1.2374959167290918,1.003785826494994,1.0832982690057733,0.6704801957024493,0.48334412554399364,0.8462178061274912,0.2381624807837177,0.8039029908465203,0.31363426919321924,0.557189034360821,0.2843270189505347,0.46236410374220327,0.7316687548019445,0.0,0.3065380038933476,0.7676127167990572,0.7680775700662714,0.5351926762981982,0.29093950465311025,0.43087658131929274,0.4671511817517455,0.5560903679150009,0.5596178188481638,0.4683588851270244,0.5763762834685942,0.45862078031434805,0.6134003290005161,0.5633333621457695,0.7383680446088441,0.4492131389697178,0.6952458884761263,0.7288703469710356,0.4786257368041795,0.674420814517724,0.6206131023242953,0.9050738283997504,0.9714507945969579,0.8108932100260695,0.4488797728483185,0.721475456722338,1.2019237533557217,0.6057568503699713,0.8968752380015204,1.3747642052062616,1.1366893913378568,1.4147801360627739,1.0477809725337863,0.9617333134688195,1.1670387543240999,0.9366875261373195,1.7068990541912648,1.6181935206178188,1.8308758535818512,1.5161067128226478,1.4111381088659805,1.5749307555376006,1.463938480681012,1.355250324883599,1.9335411755864094,1.9318171291897457,2.070993738957405,2.0332401428299356,2.037413812983182,1.755636968225506,2.184300310567533,2.267643297488341,2.4397010013882117,2.4991915287784074,2.3449468028963807,2.3625135459060616,2.422729501512105,2.650605089808767,2.768866841268931,2.409187744871307,2.487949816096169,2.5572186189680366,2.8995052284836653,3.0801853095163594,3.0020329833622696,3.1173783969775393,2.7149744332020056,3.2127258609274776,2.8795042988277046,3.0608113519533653,2.89240518222401,3.036050789587989,3.4209203859328774,2.981477825352375
6.193552887879971,4.632029163792119,4.081010510198766,3.512574998245082,3.2382408276188706,2.7965089988240877,2.5792694560862124,2.304211077848425,1.9270476220346247,2.317181143651837,1.9702440935366745,1.9338753407294718,1.365127552883136,1.3591606243383705,1.3183666551473738,1.2588966793201894,1.0803347963891277,1.0768376750174085,0.542759556340151,0.9247712643296371,0.8020341068438626,0.9204121711947035,0.7355072450696447,0.9561640161256424,0.3847933983991716,0.5576918531777455,0.5940709519640865,0.4815165922189433,0.4904054399741806,0.3413969918604902,0.03260134519722335,0.5389233037792653,0.48178144465210515,0.6425896923557293,0.3597483539670723,0.013176447803294522,0.6315803369192494,0.14287584502323725,0.21260688069201272,0.13428225641659886,0.0,0.6376864083812741,0.46526869168275553,0.28087626493510953,0.735500009209332,0.7998949345295312,0.443437257699836,0.528666813416125,0.623168625132573,0.34509953776952074,0.40616209613108545,0.4166553212308717,0.6933965729418166,0.9789807354679176,0.961168140523796,0.8764054650895385,1.1716337269810513,1.0511556851940629,0.9041819007842893,0.5942684942677801,1.1172160828069497,0.9925662931418149,0.9185200835766949,1.3625076432998853,1.1702740422267386,1.2429906312131322,1.5330887113024225,1.6857903587232972,1.4309555722423006,1.6654238095750848,1.3058697013884863,1.8381475244213377,1.6749091150663276,1.7971953591182288,2.0199780006159536,1.8850866412839764,2.0730578137558844,2.2008491569695465,1.8645431576105906,1.9260494256671947,2.0269725980157567,2.5182494977858347,2.252967982570997,2.1872315189460743,2.440830447914017,2.4571343410443163,2.736444036433415,2.3437716298224807,2.6163356625055734,2.470097874442164,2.5675673799219005,2.1225874267178497,2.7323852167932046,2.8094572547832115,2.7717582765715925,2.7410520888598313,3.1121382413724277,3.0506362724671945,2.6935939972529326,2.841505985175523
1.2058620335618073,1.011819765707422,1.1937070535943377,1.0402028464304323,0.7442906834027099,1.0558612315127895,0.7103354709508665,1.1377870131259336,0.7790232190041237,0.8888570013297716,0.45768696244928364,1.0987151777875113,0.8187549526203455,0.6691413391381822,0.45978776603528004,0.5563493009504334,0.35671731292957176,0.3979154080333913,0.2905735367560318,0.35626603661815537,0.2962888525876366,0.5977804201877248,0.0,0.4157040609569371,0.9020338148652733,0.807135756289501,0.231647871839197,0.6156281981470926,0.5511241957748894,0.3612899081185752,0.13739043561393416,0.36715324644865177,0.568746944765131,0.5977855644556982,0.5744998855598311,0.5717106666356209,0.9409970188194556,0.9027389738689457,0.6404191288812413,0.650115350240867,0.7915364688225743,1.0621576362364173,0.6807265666778193,0.5213781741835106,0.8916093267982745,0.7547957526636146,0.8217002283991519,1.2858520812288035,1.1860522797863915,1.2985883318207208,1.0739761092689264,1.6268885987798356,1.4519248230420416,1.4259259984594834,1.5922504995309055,1.3811741588375455,1.4803489102773781,2.088945792577526,1.483727710575799,1.5741705570018851,1.6756163522957195,1.7052962090409771,1.8458727282511376,2.0569983638954845,1.9853642192627348,1.9090571911262089,1.9100856593019166,1.9614151008227765,2.5762591751698203,2.175211253867868,2.469227304319478,2.2007748454758165,2.2070510568614345,2.5365743855672704,2.7887583203538746,2.51604052499021,2.5978952037927137,2.6645443295568825,2.8740775600202753,2.9084231265752365,2.892535747696023,2.813230882795967,2.815632316955888,2.9458467121728873,2.804200713910909,2.985047024812566,2.804876274412454,2.7845793242140466,2.984418162104646,3.222492921366449,2.957003066325136,3.238169450572851,2.8925119154757546,3.296668954521671,3.583862732448562,3.1187846995544746,3.087032985410321,2.9773087331041204,3.344818758969911,3.263221851906682
3.251981155189622,3.005453563144524,2.2349055692371795,2.699637351112248,2.3942999514728687,2.304061595056167,1.9661343952057901,1.6291887732246266,1.7104217320665693,1.4716532002166716,1.0574733961208516,0.9269269020680095,1.073124859772749,1.333146010571987,0.7874982971350004,0.9214869228283629,0.5007308625024027,0.9013430882869873,0.4661140683116969,0.8341005688480116,0.1752053842680379,0.5168073451616504,0.20640986090652014,0.6158384198674067,0.3592491523908965,0.6293514997044483,0.37622893559194104,0.5342895900538664,0.5591186746035781,0.19184702353609673,0.03583480687444229,0.06103947926688136,0.20139520196393335,0.005783297717346869,0.037962012785396126,0.33690296818164,0.32115069960340037,0.24993337192983134,0.20168575721236337,0.28782124900372885,0.0781857093855507,0.2533391067555417,0.2048840957726057,0.8791009417286197,0.020069353650825406,0.0,0.2290504111295526,0.22817201207617188,0.3590771189400108,0.5914927116013367,0.5373386875493757,0.5028501771953593,0.47604033958870673,0.640024577153234,0.3857575500043229,0.48202901747390925,0.9829249041411732,0.4320308165822677,0.8723586743311849,0.9986424510189629,0.8695830708963967,0.7185495072407324,1.262304487855051,1.0219978312912463,1.0459029410272596,1.5320729928120294,0.9985061433765043,0.9834149898917861,1.207768291982502,0.9996706420818651,1.0443771036363323,1.519500505305139,1.1130409402796246,1.4586015312917748,1.153318065100878,1.2342509269308728,1.649170751108029,1.7584433117535632,1.9943352542000383,1.8433259332746808,1.6499758514051024,1.6618117558561885,1.7804422316645514,1.8513947712601215,1.9218427616099056,2.2290100618172133,1.875719577382231,1.954312264542148,2.2600454510040873,2.243163041214393,2.1522638640685763,2.122259207148348,2.3089542512391645,2.555213098706705,1.8448164065588522,2.4967880495953025,2.5088284734809037,2.6510294011606206,2.6815264329454536,2.490743370862372
1.7468096927732173,1.5031529351370985,0.9241677047860435,0.8388788740603506,1.2759088122041238,1.0358136706209322,1.0691750546070669,1.0947777896635955,0.7095166705612233,0.7193974567459289,0.8366470994356998,1.080287699174363,0.295513070598842,0.3448796064365638,0.5423386217433173,0.6328878027565867,0.25927483123844475,0.37351911583120945,0.38281726847314523,0.3295146042522763,0.33968114427574214,0.27060481772091904,0.3496791938491448,0.16058292570989963,0.14075057224244603,0.2220268014570106,0.24866527281361783,0.361292205681945,0.0,0.21135019053729742,0.11870672930191972,0.20683682757177735,0.5693987960910167,0.15462999974069902,0.36444211872078824,0.557568401014283,0.20480804755174908,0.6546426426834788,0.0577953066188126,0.6122341963453213,0.31651285306444343,0.46663745198335604,0.319439901538745,0.4227423477626946,0.5165237785141805,0.7292078929108445,0.5858074336002268,0.41824447080201743,0.5666132232613421,0.7244215419983693,0.45021123432546695,0.8068502514628175,0.7405471308899347,0.686921304268596,0.5257358193276218,1.3662125563993825,0.9731180701590194,1.0292492462977858,0.9974284261845376,1.113488571215889,1.1125162879301804,1.3007910712852304,1.1836157701927377,1.129112510088662,1.144220779693189,1.4854830389992077,1.5821243817309476,1.4313239315400264,1.557544543855368,1.7470839947276566,1.8043084719123534,1.8176020653086606,2.1105689070265807,1.9044258245773111,1.8771922777312096,2.0294882549935505,1.744788748965144,1.7827613037099361,1.9312498898340085,2.0970901062563385,2.3984624464331237,2.274765183033331,2.624983108114577,2.558905350038245,2.0675958511172574,2.4044740465968264,2.141953008784654,2.469138279711135,2.578117606594409,2.6313228391024595,2.0662818749146314,2.3319375258452997,2.669074963688285,2.715967427328861,2.7189299612217255,2.6633970819356136,2.6193711357826093,2.550463153142342,2.3784382046902266,2.9273689320909124
5.237994356690969,4.737592290105102,4.27062941471857,4.081519589069053,3.1731593841701518,3.300955528202426,2.6456078582226787,2.631841298605888,2.377369119408975,2.1210222429679213,1.8847847441361196,1.723738204598476,1.407420940608226,1.676570196625569,1.3532727056661322,1.3146687858008477,1.100744043477011,1.018873574305367,0.8938767097729325,0.93879174470678,0.835782085956609,0.6619208218238093,0.7031148301109447,0.7982627449412334,0.7428406604980253,0.3917282116975702,0.30305648780408134,0.38674210815143617,0.3998675316224496,0.4407077259175729,0.32550750989585353,0.2412799781360171,0.3374190681559526,0.0521725038858758,0.12735571443370297,0.028832140766283487,0.4474105533064634,0.5543453871545019,0.13224432139230657,0.18709132458550037,0.0,0.018923300191378445,0.4301229362784884,0.2957629894542002,0.32602382213312353,0.21388069815149535,0.5725581974228682,0.47613273151165814,0.46181975104243556,0.7711049493199909,0.31009378352332995,0.7135723418049942,0.4981266440628467,0.6366285859160996,0.8938625237427438,0.6620980646600678,0.7504378767284194,0.8078415397757723,0.7103119471102062,0.5753727952948928,0.842177281660792,0.8269832481349546,1.0583816220614501,0.8227570658930077,1.0182852618426281,1.0446858858787849,0.9075040630031666,1.5161557055112347,1.412005939741995,1.2603702108376602,1.727761605777829,1.6401243720420737,1.1938061500372292,1.248009726060669,1.6110755716480796,1.8276531587628995,1.8119265641333087,1.9284096751747164,1.7037613989695792,1.7120839012810407,1.9859307090758804,1.8353766142405625,1.9095427496909814,2.3460498312856544,2.020032614733495,2.220948973458359,2.4388413173731074,2.1411690908267644,2.233940384475172,2.5031329616214215,2.3093065320431982,2.337425395879176,2.439730944908561,2.678779297685903,2.4563282116341654,2.744016878990987,2.765760478157439,2.335940020981699,2.576060125927402,2.5576741429038385
1.6300111665557075,1.5775848450009242,1.627211802640593,1.014863384773852,1.332300820996922,1.411125303376389,1.1979194044129216,1.0615911646893732,1.000056552957414,1.0115983159953768,0.9271420741648662,0.8532909819470618,0.9074516245719426,0.5998006418326582,0.7919035125640459,0.689387777646516,0.5063361354579303,0.49664700540392026,0.957194060799317,0.6055765237943298,0.41100087925676476,0.417608370270548,0.8548533763981769,0.0,0.31123846299619906,0.6175246602058149,0.7860254215318676,0.8286348171207223,0.8638454484879752,0.7171707296004559,0.6356303944991399,0.7904795301758938,0.6506505904840907,0.8517156635335752,0.49149900068098873,0.4767120935024245,0.6195774237509148,0.7299490312210981,0.7110809796368667,0.7922868151108844,0.7540342464447818,1.0197189084100184,0.6805494237509091,0.921878847072426,1.0598979818051522,0.8667227874443704,1.0991398469546265,0.8688127863012198,1.2731616920250541,1.4074895531050213,0.6767954044306421,1.2464620963095019,1.244202209704783,1.3154976354616412,1.4269898521716833,1.7255699818777828,1.7154505701861282,1.7946434543291332,1.6880274996648374,1.5240360058216442,1.7138403646648186,1.7256458956012963,1.6007383006127007,1.5609187536809888,1.8916569325869013,1.5958765013041525,1.8143804677052344,1.9388706809322453,2.1295323435361553,2.030619026101675,2.075443396045893,2.0893938791115154,2.3097497693090183,2.2252274006745516,2.437697571616864,2.5440139364833136,2.5481399522311694,2.7086393865630285,2.646562594087513,2.7641234424986187,2.9156738912187308,2.5022445538583877,2.522942390061891,2.835789544813654,2.7932928716655177,2.6727530708775795,2.704357319199314,3.2396183465393342,2.6890296013472774,3.0481900684268624,2.8957100706983834,3.298170624643582,2.9207350542435826,3.2587995265493284,2.985694261454043,3.016651810626996,3.568363008377368,3.2506628341270627,3.3104926152372016,3.234017326442107
2.6946756198445563,2.566341227531108,2.218500069099404,2.1850763699286286,2.0745775414707115,1.7775912934707279,1.2967663823713735,1.5786018594184856,1.108494031507112,1.224128561187376,1.052900587145082,1.0237893302262986,1.0897151473077997,0.8194149393218702,0.5799627029816552,0.6377070403338276,0.7370106319621978,0.8911371592499169,0.3725098739018975,0.29764861222180095,0.272793460275933,0.5186412334305217,0.3318926183666324,0.8745315986350164,0.279294737335098,0.1540805752095693,0.17707470131972336,0.30767465409201833,0.010841835392499277,0.24028270618082814,0.1821850051911067,0.2607543893816686,0.07150104390253986,0.13460652725475697,0.37454847175004247,0.30422771897438494,0.0990437360964318,0.41246207274151914,0.0,0.1389915305361331,0.3941568926020569,0.17163786155624905,0.12542705746527716,0.4732741673362373,0.4169821456121614,0.1876423683331918,0.46685603772893636,0.23021159298042093,0.48863146710977645,0.5204211742072768,0.36855271102822584,0.800578861183979,0.6017188617641427,0.35372871759676094,0.4708418897797202,0.5973709883266682,0.2994974104021306,0.4508688937009442,0.4671523779204243,0.8502541888891795,1.1966727601938825,0.7065830418766712,1.033845400710213,0.8176718930368807,0.9142487879765966,0.812498876604419,0.7126545072098942,1.0905497153102104,1.0211074196551788,0.7624103168402989,1.0876916607924798,1.4113447042949296,1.5311721221731407,1.5432864192455042,1.2211464290804255,1.3099226061294775,1.7471755369097686,1.6159636947016587,1.6936644065575024,1.9296643685847954,1.5053358780153516,1.719547747910596,1.907913583067737,1.937431930215089,1.7992568795305939,1.7362298206449918,1.9357222985212683,1.7726454501444007,1.6520090206904232,2.0714991403162237,2.1626696908982623,2.069109737000513,2.260107404928595,1.826225104136178,2.389714157870067,1.97956917622437,2.593066770252623,2.2309601534762553,2.350755631703393,2.380517743624937
4.218789063837141,3.364249769252295,3.674411453600216,3.1620611374091627,3.0153757688752822,2.5328524730066544,2.501461989552423,2.274808890002694,1.9056180147700257,1.7064539871555393,1.8837095503580024,1.580226364151482,1.3861059563711517,1.12362068345508,1.2009496995593452,0.9483662393278038,0.914991957057655,0.9670212182097249,0.6155294273718663,0.8217464535317429,0.7134462506186274,0.48739484664566035,0.8934200710999338,0.26564445662279645,0.6677156698909066,0.23134914973417686,0.6515272418627518,0.24792793725395867,0.6317474556114586,0.11550145248784993,0.340718938600439,0.2350451811840344,0.32615568969633024,0.3492673553683545,0.30552418941811865,0.013383437987986468,0.3272592694659231,0.3515128815260766,0.3615631045746017,0.2672429100705518,0.21967841228705964,0.16181030034638333,0.22850830938404165,0.10717491629529086,0.5506422336776833,0.22417798475685657,0.6073588736901918,0.5402791096317028,0.21156646071085028,0.28687421593956763,0.8216671809199898,0.5632600829136507,0.618497884924734,0.0,0.5536206115520361,0.6885786846625273,0.45495883948874827,0.5325575462508265,0.42544655368564754,0.9264617930735319,0.8700285612735907,0.7583978148015618,0.734686894259557,0.6317085328356189,0.9825653052395555,1.1787698899896828,0.9754888558937225,1.327202877982268,1.1867793505913884,1.014919537415139,1.1531679495583838,0.7462290041184829,1.2435252176606895,1.4884631061134144,1.6027438106749088,1.531495943664627,1.2959667518751825,1.9290261848910184,1.5098030686425883,1.7773768304696418,2.181135437465839,2.012063876629737,1.709053216681827,1.3384496743019447,1.9746657968216752,2.2616800976122615,2.220597116927321,1.823953224274641,2.224683485489132,2.465841491595322,1.7748112161962997,2.3752635170542558,2.2636201260846125,2.4863019889835574,2.401502153879674,2.428160003347008,3.3059046633966833,2.3087156658957273,2.2697219166634905,2.5526594943010803
1.5439961490653715,1.7560991327387576,1.1563884572687453,1.1857808343886607,1.1062087325376844,1.3359048932053987,0.9004850746566664,1.1315463960274457,0.7218716191607495,1.0597365508424037,0.5596011273636563,0.7700943179241762,0.552358224877386,0.40230439632847137,0.7592434669842927,0.7223644507218445,0.3865828175089092,0.4966246222347426,0.5209905238102088,0.8198784696266888,0.20406633067226032,0.07045258764997975,0.49994151718409974,0.0,0.04338871286589807,0.3336994160799698,0.23727653678630922,0.43969231683165155,0.2791192566836287,0.5659210850517464,0.33023184442600595,0.14475676283420036,0.8729645311399636,0.6373346161878413,0.4628456994869552,0.4225268875953976,0.3999681976264373,0.5889823505764049,0.24641657732844457,0.49274474765148213,0.4363932586605266,0.6672142513755919,1.3132341294995395,0.6631048273662028,0.5819875373084873,0.7969703414032203,1.380540034401319,0.8234714181916498,1.1576159121230383,0.7541111372986311,1.5127374812820804,1.2852602034915854,1.4346967906931507,1.1357188760461305,1.2341032522939557,1.3787794455374236,1.3870429904623336,1.7372866565512624,1.3597857998319718,1.5581367141008364,1.4436666982948303,1.8134850898173376,1.7409111548370912,1.795279159208027,2.0115031865728294,2.3131364148204945,1.5354715416553155,1.881866982223313,2.483518131722919,1.909041582573419,1.8612621397364784,1.8676059958160085,1.8925171065289508,2.1132022852936174,2.106674669216737,2.4150785445078498,2.132550432676357,2.2297207369118777,2.2857827283358816,2.4716545545804056,2.372730541316738,2.761552556005098,2.532404176101185,2.8404874186700244,2.3324189931254526,2.6614866747370254,2.768832971002654,2.725317777959612,2.745697534835964,2.8361672714868984,3.1976341587855917,3.181045564809816,2.5165977256675536,2.962166075159187,2.9240643002707376,3.3971837307160424,3.280940028327242,3.005555468193423,3.3468554000441753,3.1282398759277203
1.3936679087045594,1.325964826092262,1.1575400799733035,1.249226962695504,0.8282328246230737,0.8650319694694009,0.8515071952767368,0.8501037984935831,0.639820675625117,0.1189904481575752,0.5108936279403551,0.4382245449420523,0.6613638767832519,0.5618431031703572,0.2398423089580639,0.28332240578046,0.3348730610861157,0.35436184140864846,0.21944367860993808,0.0,0.3251094526775198,0.3167883643739273,0.18871550493375366,0.34122824670974516,0.2589405622184433,0.2583344195565598,0.25936748317973546,0.24955474123076193,0.32451341132255784,0.06556757882911768,0.2322183355969063,0.42782758255012787,0.4246213371636429,0.31023160306301634,0.46743266994067234,0.4928056319943348,0.584933475268965,0.7327355059926717,0.5526107501592321,0.5321907968952466,0.5077463497101569,0.5909959107486991,0.7874873974342851,0.7601620661370845,0.7218916185641433,0.532462682130145,0.7321531483905872,0.987094332732255,0.8880190837592465,1.0468909283678016,1.0640292054231022,0.9072955184883593,1.1240579215909747,1.1625606508333757,1.2837337781882034,1.4500961858231207,1.2028891906473511,1.8199624984263085,1.5639959417889209,1.8204282563730008,1.4794621133442352,1.7954970495655989,1.6413023883153137,1.5614075618066465,1.9744179767949852,2.0575738960430776,2.028963016149415,2.027724629633937,2.0707140961978716,2.0288995076827767,2.178929788165018,2.2471849671033652,2.212810326164206,2.271849603942215,2.0256264879383927,2.6610511360767006,2.5860038457469905,2.087153365849673,2.519334890146599,2.2754886843148725,2.691017348494732,2.32783100955648,2.2868061257364793,2.816279426932905,2.592735376882885,2.7482357030404962,2.8897270681370166,3.1252118696192923,2.8030989506987964,2.8199186009254262,2.594333529052033,3.0604385119235147,3.050600909527521,2.8874671790748074,3.222522739866598,2.7434019800022966,3.013167251289481,3.104708118905375,2.9592656827467216,2.9228498731754087
1.7078305694877276,1.7993352102826048,1.6606456160654552,1.3575673068242544,1.4658343407616865,1.2966911771051421,0.9819476057685534,0.6585070858778135,0.5952656286375468,0.5438667451430366,0.8933505964004382,0.37340013478375056,0.3739184174579826,0.5217584308817997,0.4583593235292689,0.479142974617357,0.7914497926576374,0.5274569020874296,0.40220351941503374,0.17751297409504474,0.5183209369823345,0.2389750398641084,0.939148991438655,0.37171804367154593,0.2840974443730069,0.3848955780763781,0.0,0.7708347821309971,0.4627401762911987,0.6310962923543304,0.473018494929045,0.40372870248065773,0.43301337452067656,0.28792041282682135,0.6573927305660359,0.4784939841202931,0.47657352931595476,0.5279767764504992,0.4169591981269818,0.45262049743496036,0.825804551007753,0.7288335719661401,0.5359688926260482,1.1130136865771174,0.8282283413861578,0.7852356430058904,0.7331762323583337,0.4537578440827357,0.5429765676921345,0.9373054626478687,0.5952966007229179,1.1408527118406404,1.368976175944038,0.8256836571803259,1.4366962898932485,1.3072560542598008,1.0811074397163285,1.4971397966688897,1.3554648920193486,1.3513044034619828,1.1830184673893331,1.230349929938301,1.200270685119266,1.5270551183902796,1.500860519564215,1.538483836284838,1.8654750862875193,1.7320483256847439,1.6641512901239093,1.9968122292308852,2.2588020802597075,1.9914828545027756,2.271474325734836,1.8793193983484784,2.227830921137622,2.376793943322868,2.0971285471898966,2.3804101359975984,2.5057312865409163,2.581687344826708,2.5439512860161777,2.568523709451929,2.538145675913535,2.6438327592665267,2.382950194567252,2.608707487896435,2.8109788971235883,3.0121637937693766,2.9213632772307587,2.6253801914178094,3.0200997187029817,2.6548199496984726,2.878568617376734,2.6366048012032444,3.013855719123006,2.6563845450978967,2.812332330041327,3.0101644049726684,2.8284290127169793,2.968042233674973
0.9137538194265122,0.8183023784270205,1.0406493347584398,0.8719286436823506,0.8312556233783113,0.5046601434175635,0.0,0.8133434875010277,0.531091903077689,0.6679405138325851,0.3504636279181046,0.48099061446335867,0.438151321531544,0.556452564094819,0.38178703173621287,0.30979030150719566,0.2949524719801513,0.11739946083951125,0.38981188780553566,0.33950389683363547,0.28565448229819523,0.41761896271699683,0.2679751827247028,0.5588443644637273,0.34147074588042514,0.33434945512238734,0.39538329678773465,0.37487154025011726,0.52011160715678,0.2260972626169,0.2245245609217008,0.5130245940508846,0.6201619105401939,0.3429478929291552,0.2762870322682769,0.6574793570880857,0.47011227866191696,0.5727913406112357,0.4912440488181069,0.7475654612573805,0.49487573519876094,0.8486895182458234,0.25305407198100127,1.0431133872280096,0.5007853063464278,0.7075992234437418,1.27107901793649,1.047319941646986,1.3310948661869748,0.908190950989658,1.209963182252693,1.0936135103257403,0.9744504545384096,1.7041259525643397,1.2814474696274445,1.334386184568757,1.4662849594949012,1.6763819480653446,1.5212162711204922,1.4703073594275153,1.447367968708484,1.4822797174184696,1.3701382144576097,1.9115941856088323,1.4222211669757012,1.9061253339104027,1.7129749466267015,1.8360272470521863,1.9818212746721926,1.8856946722380314,2.37597896833946,2.214944154473809,2.268913578198898,2.446852373626161,2.316573809744238,2.0100085169881243,2.5884212925009358,2.345956027393047,2.622215576427532,2.146389499281785,2.4130413548327816,2.6155440145810793,2.679902337895971,2.5686798249951295,2.259680584309482,2.7647454554858655,2.915845517976461,2.767221715958062,2.8197965559107026,2.6783134592275104,2.6620879406439037,2.762779765785556,2.4098166666758765,2.84652503141092,3.2310170785851327,2.622055602852882,2.9053221984611994,2.916916780191471,3.0284110978084726,3.1752213457184943
1.0558660971951532,0.805674096051396,0.5694110335912157,0.7393789962040387,0.8623549926462477,1.1939695198839395,0.5930713447903084,0.6811210889524606,0.43454297482963433,0.2926005245394059,0.7598044710668024,0.3552709031761321,0.30290940272177735,0.5153944672293331,0.44660172617810545,0.4208795742411304,0.4214671206209637,0.6013077151933164,0.6541486160560943,0.0,0.09296576474991625,0.6715792983800579,0.3130216121832099,0.28932387372646673,0.46466049548754285,0.3788420243621182,0.29390759098794916,0.4588081396395154,0.43593811220831924,0.4733889187480518,0.3668978843534152,0.45718981268537284,0.14633989091448463,0.5360281547506851,0.4850240756022526,0.470962012432107,0.505308654793593,0.19622643642004256,0.5982924174438171,0.7436865985629169,0.4404013876061619,0.6608674468904869,0.6222741213356962,0.6835414019951873,0.759692787477249,0.9342217694237878,0.9929157103136781,0.6400975785343928,0.4944046604716039,0.8859887595910774,1.286925443701417,1.0677849037391987,1.0589562320183816,1.2764864262348645,0.8074264968845117,1.1914339493426347,1.3877798698803758,1.6214651715783006,1.2604698864086998,1.364624182054694,1.44357620400287,1.8592363439356738,1.6603229325127273,1.5605481261144014,1.6116755167340209,1.6533563075474973,1.5921190757880623,1.5965061351680738,2.008969311473919,2.2425802914130344,2.0447235436587263,1.863756028896514,1.7082268847267237,2.162003991530515,2.3712993667285467,1.9238046093691956,2.326697228764516,2.249936197509925,2.2218266503211055,2.3745299434102485,2.618530581833266,2.341317065295698,2.442922988025817,2.4303320760839995,2.4558723378302503,2.2107869260742383,2.675670630492256,2.773974326754548,2.4697479274678003,2.495737696027671,2.931833264665478,2.598078139480357,2.8113426587734303,2.978682808303123,2.797572885245721,3.2435095645546212,2.821096416600625,3.322565116000991,2.8490738230585997,3.189575402103884
2.4855241516644018,2.398913971240427,2.0034901649367622,2.1381015286724487,1.5509325419448992,1.7691853379268156,1.0178386628953895,1.2511317609557508,1.2457061561421643,1.2422028219195642,1.4903873170708692,1.0869621183544602,0.9283614670475018,0.9079403891796218,0.5926390100735102,0.928509652254208,0.509099897425136,0.8719484424730908,0.7529259710283274,0.33585559574340706,0.6165148800429208,0.4216879321360629,0.42658948265382257,0.2747569765332507,0.13950708392409616,0.49795701406334203,0.49190717154593955,0.4116371279784694,0.3173875259363843,0.4461624173977228,0.0,0.28755168101159434,0.5265247034045704,0.5897160334766749,0.12540858968589497,0.5933253044857434,0.3166750658455584,0.4636476677951187,0.3460483593551764,0.2988860739293777,0.22326235833901364,0.4358111815460113,0.8090947360362986,0.3256576167169669,0.642287052052886,0.5901996745297673,0.943669267087154,0.5857394626590349,0.9403123209836313,0.495791163348402,0.5374269935381157,0.6818319456718189,0.3102858414299092,0.7404292075886438,0.8784835638624493,0.7671565608527864,1.0399721813746758,1.1272217989458593,0.8657746047272727,1.0242006641407908,1.3939635941704367,1.5792552874987305,0.986616224202967,1.5668886831897169,1.5018675266385113,1.4599437680874754,1.3163378940766073,1.334991825734205,1.6215919116886521,1.255650746759736,1.6200538488743081,1.263516669317605,2.0518206995104897,1.9091202976451402,1.5897238406900733,1.7747052525988334,1.7609993298992137,1.7883623366717334,1.9170211775296373,1.8798055545101384,2.0471627036922335,2.2069757065186835,2.01566608625045,2.067906745619652,2.300371795062089,1.7544187535338036,2.133253439829849,2.4498776319049096,2.570406707213815,2.3294108127530055,2.5419316370313165,2.5141063371022785,2.2147093771712782,2.6338151768877527,2.7662635589270312,2.7091535593739327,2.8938964760536283,2.576299886549249,2.4881114404084403,3.0998754558336454
1.810182736878387,1.9452380453316227,1.5661011654969972,1.5935932165787143,1.5380477496830576,1.1380405209694366,1.038002619015801,1.3993049070678314,0.7957377800602288,0.5696693499397973,0.8231753580811905,0.8349432496110527,0.5853968986392815,0.5315282835414532,0.5428375619637738,0.2772607091093331,0.5933289461261673,0.5384005954198248,0.44220458310528876,0.23121920517795758,0.22172004755594266,0.31514507449581863,0.7107161362462602,0.664768519270563,0.2531486526564848,0.056012250600518954,0.6135480415001968,0.2096125200476937,0.3742536378311332,0.6673514240990119,0.4980606043782103,0.27827563723931625,0.3591863121900243,0.3922382609412107,0.2629755641940772,0.5779566802065723,0.6750457220562307,0.0,0.1663086198060597,0.010937704614111254,0.6061315221441728,0.26211342201036736,0.583384664901546,0.5219905939404565,0.3640721077631106,0.4919209660446171,0.4706345821393505,0.5513856173066358,0.6016622107820293,0.8125604590603697,1.1043733097746973,1.0311800921546368,0.4729598377594115,1.0821732158652626,0.8744776952107411,0.8338232713764224,0.90107930524856,1.019398480949656,1.136909760331621,0.9675932477858407,0.9784301988351878,0.7608183976273448,1.0222883800379865,1.149724001681916,1.099220378752273,1.4158582897685008,1.4443852668841508,1.1313764869014502,1.5747265192525397,0.8903808486912208,1.7229490510261076,1.5784603893682778,1.6267693826515721,1.2755484852967172,1.2369775072379117,1.7589335613768995,1.5438769833052515,2.254876523906301,1.9610709102299744,1.9279531170314481,1.952473579694816,2.1028876966184527,2.012136399863742,2.291647617264326,1.9854280423235497,2.4986459896404245,2.5520424448053056,2.383204138920206,2.34675637094594,2.3707442230463265,2.475088560901364,2.0277260733059794,2.8302255965642154,2.5239615630741774,2.763034738846436,2.3344221592278203,2.832773453504327,2.4398170088787836,2.236010420944101,2.8096024196061933
1.5216847691262227,1.9333073464707589,1.723033082599681,1.1526231778559204,1.4565722230778757,0.9943431909233826,0.8358800193581715,0.8815633211926013,0.9697770208750782,0.743836666917149,0.7153096361283513,0.7624444991730801,0.37389542277716004,0.4042414801178982,0.5356908301366907,0.3923969472282902,0.7440811170181973,0.4795292683690864,0.3417301326527813,0.8428923061936846,0.5583641112601399,0.14390062041637286,0.6898056526760783,0.4825331110021356,0.37079082336987845,0.3561501152812383,0.2839669785035728,0.0,0.33061465680825286,0.11197790477818614,0.34092857983076996,0.5860955982487361,0.680796788587255,0.2871495656989431,0.2819013781754087,0.5289941019252762,0.3200019946535484,0.31088753129747637,0.43568059260552694,0.42209304416820537,0.5014845341339011,0.6110450502931304,0.7136789054834569,0.14976865410782558,0.7074312615795257,0.22077155573566465,0.7486899893225534,0.6393812277625504,0.9145812050861046,0.6540966898935405,0.6127328202863414,0.6733025232258729,0.781065933606035,0.8762411347371604,0.8625661989126865,0.9120620261311156,0.8438510755590709,1.2935972935500484,1.0851326932072904,1.5002144959759036,1.6149969708101537,1.3695054995724014,1.50193147431224,1.6196804109222231,1.5091238598900976,1.7642275955734128,1.815966944266231,1.4589342145770914,1.574535930196344,1.6056936713558887,1.6982973406500506,1.6107620264576301,1.8097136283276125,1.9745544601464182,1.7244461725826135,2.027009160031957,1.8717125634846141,1.828377727867494,1.8585349813339658,2.3500596046907773,2.3155012136797364,2.2890621673256906,2.037284713186134,2.560218039225422,2.3338683739615274,2.170978197835689,2.523065750969968,2.413177363577292,2.542982239146923,2.650302702633679,2.559707922168588,2.585142863319758,2.5706736676856963,3.0011440623374828,3.148306012710025,2.58574976445834,3.426794365214322,2.9189928490361314,2.793677756040518,2.8857399869249836
1.556176387340976,1.4475092771786073,1.3745765127945297,1.5494582610993355,0.8882210765681364,1.1302922938630324,1.1811647288506286,0.9730343640292887,0.7077468415392083,0.8271916803346748,0.6715992479190334,0.48216419015336953,0.6032193422267973,0.4704883913889937,0.6012066058917505,0.5254476404441597,0.31379656233646713,0.23427203872270397,0.39745869905376807,0.4972179563189698,0.0,0.22895431284926104,0.011983331919964257,0.31331093257667675,0.11901016195973924,0.2981611556959649,0.23654681576953962,0.19283298734616494,0.27898357334288804,0.22557347822448293,0.0842935867370862,0.49712498894156454,0.4051633495244822,0.15361100034510144,0.1729747696161894,0.2845735983083344,0.031938944703640004,0.3132472926849452,0.21798166669202246,0.3560860292766215,0.42526449958138457,0.4460915024329317,0.6096623888049635,0.717377995187995,0.7998263671938268,0.775897907391137,0.7362161991272913,0.7732543995589793,0.8466005003797008,0.9343493957539266,0.7231743048765011,0.9892164697059442,0.8047830669269871,1.1189530266156922,0.9177709352421246,1.4207140217122252,1.1907822109786501,1.2837504329819467,1.3432366556219542,1.051675359904241,1.1667015678492625,1.208550547105716,1.2221363665010294,1.6267093510707369,1.558376744047571,1.8125492026195147,1.9668100387082745,1.5467036483430405,2.049724934071911,1.6452343797398932,1.6043131746749673,2.0163942392460505,1.8754640246874494,2.0148488474041812,2.350163542014844,2.012695664715242,2.1802515527221544,2.055427681233482,2.3262462711366467,2.200290219352283,2.2631634162471244,1.866194365962631,2.459364054852095,2.401996115726792,2.5314756808890415,2.8805167911586516,2.4393465783171706,2.237507456251649,2.5615681231780734,2.5201154269227644,2.7144175678879883,2.4432471002307707,2.813298699375359,2.692944168273211,2.4254176449665437,2.490444059370219,2.545131074988703,2.9552688839316907,2.717836318964011,3.146823621146904
